timestamp,region,actual_demand_mw,forecast_demand_mw,rooftop_actual_mw,rooftop_forecast_mw
2026-06-16 16:00:00,NSW1,,,819.424,
2026-06-16 16:00:00,QLD1,,,876.701,
2026-06-16 16:00:00,SA1,,,166.48,
2026-06-16 16:00:00,TAS1,,,10.989,
2026-06-16 16:00:00,VIC1,,,275.839,
2026-06-16 16:30:00,NSW1,,,353.584,
2026-06-16 16:30:00,QLD1,,,468.484,
2026-06-16 16:30:00,SA1,,,121.945,
2026-06-16 16:30:00,TAS1,,,3.025,
2026-06-16 16:30:00,VIC1,,,161.063,
2026-06-16 17:00:00,NSW1,,,47.709,22.597
2026-06-16 17:00:00,QLD1,,,134.428,151.951
2026-06-16 17:00:00,SA1,,,77.366,20.976
2026-06-16 17:00:00,TAS1,,,0.154,0.585
2026-06-16 17:00:00,VIC1,,,33.21,1.537
2026-06-16 17:15:00,NSW1,9473.73,,,
2026-06-16 17:15:00,QLD1,7463.88,,,
2026-06-16 17:15:00,SA1,1829.67,,,
2026-06-16 17:15:00,TAS1,1366.26,,,
2026-06-16 17:15:00,VIC1,6960.15,,,
2026-06-16 17:20:00,NSW1,9500.81,,,
2026-06-16 17:20:00,QLD1,7515.41,,,
2026-06-16 17:20:00,SA1,1854.5,,,
2026-06-16 17:20:00,TAS1,1368.82,,,
2026-06-16 17:20:00,VIC1,7004.94,,,
2026-06-16 17:30:00,NSW1,,9500.64,,0.0
2026-06-16 17:30:00,QLD1,,7539.94,,0.0
2026-06-16 17:30:00,SA1,,1776.64,,2.418
2026-06-16 17:30:00,TAS1,,1350.0,,0.0
2026-06-16 17:30:00,VIC1,,6909.28,,0.0
2026-06-16 17:45:00,NSW1,9811.52,,,
2026-06-16 17:45:00,QLD1,7752.81,,,
2026-06-16 17:45:00,SA1,1915.84,,,
2026-06-16 17:45:00,TAS1,1391.95,,,
2026-06-16 17:45:00,VIC1,7159.13,,,
2026-06-16 17:50:00,NSW1,9796.55,,,
2026-06-16 17:50:00,QLD1,7764.81,,,
2026-06-16 17:50:00,SA1,1930.66,,,
2026-06-16 17:50:00,TAS1,1391.65,,,
2026-06-16 17:50:00,VIC1,7219.7,,,
2026-06-16 18:00:00,NSW1,,9737.82,,0.0
2026-06-16 18:00:00,QLD1,,7674.17,,0.0
2026-06-16 18:00:00,SA1,,1887.58,,0.0
2026-06-16 18:00:00,TAS1,,1389.0,,0.0
2026-06-16 18:00:00,VIC1,,7117.67,,0.0
2026-06-16 18:30:00,NSW1,,9784.54,,0.0
2026-06-16 18:30:00,QLD1,,7697.99,,0.0
2026-06-16 18:30:00,SA1,,1942.1,,0.0
2026-06-16 18:30:00,TAS1,,1379.0,,0.0
2026-06-16 18:30:00,VIC1,,7053.12,,0.0
2026-06-16 19:00:00,NSW1,,9732.03,,0.0
2026-06-16 19:00:00,QLD1,,7665.07,,0.0
2026-06-16 19:00:00,SA1,,1948.62,,0.0
2026-06-16 19:00:00,TAS1,,1362.0,,0.0
2026-06-16 19:00:00,VIC1,,6962.41,,0.0
2026-06-16 19:30:00,NSW1,,9577.66,,0.0
2026-06-16 19:30:00,QLD1,,7525.45,,0.0
2026-06-16 19:30:00,SA1,,1924.96,,0.0
2026-06-16 19:30:00,TAS1,,1339.0,,0.0
2026-06-16 19:30:00,VIC1,,6806.37,,0.0
2026-06-16 20:00:00,NSW1,,9447.32,,0.0
2026-06-16 20:00:00,QLD1,,7388.52,,0.0
2026-06-16 20:00:00,SA1,,1884.18,,0.0
2026-06-16 20:00:00,TAS1,,1316.0,,0.0
2026-06-16 20:00:00,VIC1,,6660.7,,0.0
2026-06-16 20:30:00,NSW1,,9319.62,,0.0
2026-06-16 20:30:00,QLD1,,7256.27,,0.0
2026-06-16 20:30:00,SA1,,1848.98,,0.0
2026-06-16 20:30:00,TAS1,,1295.0,,0.0
2026-06-16 20:30:00,VIC1,,6487.62,,0.0
2026-06-16 21:00:00,NSW1,,9142.6,,0.0
2026-06-16 21:00:00,QLD1,,7219.49,,0.0
2026-06-16 21:00:00,SA1,,1812.04,,0.0
2026-06-16 21:00:00,TAS1,,1264.0,,0.0
2026-06-16 21:00:00,VIC1,,6286.56,,0.0
2026-06-16 21:30:00,NSW1,,8887.47,,0.0
2026-06-16 21:30:00,QLD1,,7101.5,,0.0
2026-06-16 21:30:00,SA1,,1763.82,,0.0
2026-06-16 21:30:00,TAS1,,1238.0,,0.0
2026-06-16 21:30:00,VIC1,,6077.88,,0.0
2026-06-16 22:00:00,NSW1,,8605.56,,0.0
2026-06-16 22:00:00,QLD1,,6886.19,,0.0
2026-06-16 22:00:00,SA1,,1708.02,,0.0
2026-06-16 22:00:00,TAS1,,1201.0,,0.0
2026-06-16 22:00:00,VIC1,,5848.78,,0.0
2026-06-16 22:30:00,NSW1,,8451.35,,0.0
2026-06-16 22:30:00,QLD1,,6681.03,,0.0
2026-06-16 22:30:00,SA1,,1642.04,,0.0
2026-06-16 22:30:00,TAS1,,1163.0,,0.0
2026-06-16 22:30:00,VIC1,,5599.55,,0.0
2026-06-16 23:00:00,NSW1,,8252.82,,0.0
2026-06-16 23:00:00,QLD1,,6467.49,,0.0
2026-06-16 23:00:00,SA1,,1574.27,,0.0
2026-06-16 23:00:00,TAS1,,1123.0,,0.0
2026-06-16 23:00:00,VIC1,,5367.01,,0.0
2026-06-16 23:30:00,NSW1,,8064.85,,0.0
2026-06-16 23:30:00,QLD1,,6266.81,,0.0
2026-06-16 23:30:00,SA1,,1516.05,,0.0
2026-06-16 23:30:00,TAS1,,1095.0,,0.0
2026-06-16 23:30:00,VIC1,,5293.85,,0.0
2026-06-17 00:00:00,NSW1,,7891.37,,0.0
2026-06-17 00:00:00,QLD1,,6108.81,,0.0
2026-06-17 00:00:00,SA1,,1515.29,,0.0
2026-06-17 00:00:00,TAS1,,1072.0,,0.0
2026-06-17 00:00:00,VIC1,,5160.23,,0.0
2026-06-17 00:30:00,NSW1,,7792.64,,0.0
2026-06-17 00:30:00,QLD1,,5924.04,,0.0
2026-06-17 00:30:00,SA1,,1526.57,,0.0
2026-06-17 00:30:00,TAS1,,1057.0,,0.0
2026-06-17 00:30:00,VIC1,,4976.14,,0.0
2026-06-17 01:00:00,NSW1,,7652.62,,0.0
2026-06-17 01:00:00,QLD1,,5752.2,,0.0
2026-06-17 01:00:00,SA1,,1545.64,,0.0
2026-06-17 01:00:00,TAS1,,1044.0,,0.0
2026-06-17 01:00:00,VIC1,,4811.26,,0.0
2026-06-17 01:30:00,NSW1,,7471.18,,0.0
2026-06-17 01:30:00,QLD1,,5619.5,,0.0
2026-06-17 01:30:00,SA1,,1529.78,,0.0
2026-06-17 01:30:00,TAS1,,1030.0,,0.0
2026-06-17 01:30:00,VIC1,,4656.7,,0.0
2026-06-17 02:00:00,NSW1,,7254.45,,0.0
2026-06-17 02:00:00,QLD1,,5558.03,,0.0
2026-06-17 02:00:00,SA1,,1507.92,,0.0
2026-06-17 02:00:00,TAS1,,1028.0,,0.0
2026-06-17 02:00:00,VIC1,,4505.99,,0.0
2026-06-17 02:30:00,NSW1,,7096.11,,0.0
2026-06-17 02:30:00,QLD1,,5508.55,,0.0
2026-06-17 02:30:00,SA1,,1477.97,,0.0
2026-06-17 02:30:00,TAS1,,1030.0,,0.0
2026-06-17 02:30:00,VIC1,,4402.58,,0.0
2026-06-17 03:00:00,NSW1,,6964.94,,0.0
2026-06-17 03:00:00,QLD1,,5488.71,,0.0
2026-06-17 03:00:00,SA1,,1445.02,,0.0
2026-06-17 03:00:00,TAS1,,1032.0,,0.0
2026-06-17 03:00:00,VIC1,,4328.13,,0.0
2026-06-17 03:30:00,NSW1,,6885.48,,0.0
2026-06-17 03:30:00,QLD1,,5506.95,,0.0
2026-06-17 03:30:00,SA1,,1420.6,,0.0
2026-06-17 03:30:00,TAS1,,1036.0,,0.0
2026-06-17 03:30:00,VIC1,,4303.66,,0.0
2026-06-17 04:00:00,NSW1,,6842.55,,0.0
2026-06-17 04:00:00,QLD1,,5527.58,,0.0
2026-06-17 04:00:00,SA1,,1401.83,,0.0
2026-06-17 04:00:00,TAS1,,1041.0,,0.0
2026-06-17 04:00:00,VIC1,,4281.23,,0.0
2026-06-17 04:30:00,NSW1,,6897.06,0.0,0.0
2026-06-17 04:30:00,QLD1,,5602.41,0.0,0.0
2026-06-17 04:30:00,SA1,,1394.56,0.0,0.0
2026-06-17 04:30:00,TAS1,,1050.0,0.0,0.0
2026-06-17 04:30:00,VIC1,,4299.56,0.0,0.0
2026-06-17 05:00:00,NSW1,,6994.17,0.0,0.0
2026-06-17 05:00:00,QLD1,,5733.36,0.0,0.0
2026-06-17 05:00:00,SA1,,1388.83,0.0,0.0
2026-06-17 05:00:00,TAS1,,1063.0,0.0,0.0
2026-06-17 05:00:00,VIC1,,4348.52,0.0,0.0
2026-06-17 05:30:00,NSW1,,7193.57,,0.0
2026-06-17 05:30:00,QLD1,,5900.97,,0.0
2026-06-17 05:30:00,SA1,,1376.9,,0.0
2026-06-17 05:30:00,TAS1,,1000.0,,0.0
2026-06-17 05:30:00,VIC1,,4521.89,,0.0
2026-06-17 05:55:00,NSW1,7528.1,,,
2026-06-17 05:55:00,QLD1,6236.42,,,
2026-06-17 05:55:00,SA1,1404.64,,,
2026-06-17 05:55:00,TAS1,1054.83,,,
2026-06-17 05:55:00,VIC1,4868.89,,,
2026-06-17 06:00:00,NSW1,7616.96,7473.27,,0.0
2026-06-17 06:00:00,QLD1,6323.15,6139.72,,0.0
2026-06-17 06:00:00,SA1,1420.78,1408.39,,0.0
2026-06-17 06:00:00,TAS1,1063.3,1034.0,,0.0
2026-06-17 06:00:00,VIC1,4926.63,4782.11,,0.0
2026-06-17 06:30:00,NSW1,,8045.18,,0.0
2026-06-17 06:30:00,QLD1,,6489.12,,0.0
2026-06-17 06:30:00,SA1,,1448.91,,0.0
2026-06-17 06:30:00,TAS1,,1108.0,,0.0
2026-06-17 06:30:00,VIC1,,5156.98,,0.0
2026-06-17 07:00:00,NSW1,,8599.62,,0.0
2026-06-17 07:00:00,QLD1,,6709.25,,36.535
2026-06-17 07:00:00,SA1,,1525.39,,0.0
2026-06-17 07:00:00,TAS1,,1182.0,,0.0
2026-06-17 07:00:00,VIC1,,5529.61,,0.0
2026-06-17 07:30:00,NSW1,,9000.18,,92.991
2026-06-17 07:30:00,QLD1,,6801.6,,251.986
2026-06-17 07:30:00,SA1,,1600.36,,0.0
2026-06-17 07:30:00,TAS1,,1243.0,,0.0
2026-06-17 07:30:00,VIC1,,5879.36,,0.0
2026-06-17 08:00:00,NSW1,,9140.18,,442.459
2026-06-17 08:00:00,QLD1,,6650.67,,683.21
2026-06-17 08:00:00,SA1,,1698.49,,0.0
2026-06-17 08:00:00,TAS1,,1301.0,,0.0
2026-06-17 08:00:00,VIC1,,6160.46,,0.0
2026-06-17 08:30:00,NSW1,,9002.13,,917.084
2026-06-17 08:30:00,QLD1,,6400.16,,1135.993
2026-06-17 08:30:00,SA1,,1780.7,,0.0
2026-06-17 08:30:00,TAS1,,1321.0,,3.381
2026-06-17 08:30:00,VIC1,,6293.08,,94.438
2026-06-17 09:00:00,NSW1,,8673.42,,1412.836
2026-06-17 09:00:00,QLD1,,6073.13,,1581.13
2026-06-17 09:00:00,SA1,,1826.79,,0.0
2026-06-17 09:00:00,TAS1,,1318.0,,7.227
2026-06-17 09:00:00,VIC1,,6225.36,,329.438
2026-06-17 09:30:00,NSW1,,8392.43,,1832.653
2026-06-17 09:30:00,QLD1,,5791.3,,1959.79
2026-06-17 09:30:00,SA1,,1834.38,,9.47
2026-06-17 09:30:00,TAS1,,1308.0,,12.976
2026-06-17 09:30:00,VIC1,,6085.24,,568.255
2026-06-17 10:00:00,NSW1,,8102.61,,2154.457
2026-06-17 10:00:00,QLD1,,5552.78,,2258.436
2026-06-17 10:00:00,SA1,,1840.25,,33.166
2026-06-17 10:00:00,TAS1,,1289.0,,20.345
2026-06-17 10:00:00,VIC1,,5888.1,,786.572
2026-06-17 10:30:00,NSW1,,7753.37,,2386.25
2026-06-17 10:30:00,QLD1,,5415.51,,2477.227
2026-06-17 10:30:00,SA1,,1851.38,,60.644
2026-06-17 10:30:00,TAS1,,1273.0,,27.546
2026-06-17 10:30:00,VIC1,,5685.2,,956.117
2026-06-17 11:00:00,NSW1,,7483.59,,2527.035
2026-06-17 11:00:00,QLD1,,5301.97,,2626.612
2026-06-17 11:00:00,SA1,,1895.56,,82.114
2026-06-17 11:00:00,TAS1,,1252.0,,32.897
2026-06-17 11:00:00,VIC1,,5531.48,,1073.891
2026-06-17 11:30:00,NSW1,,7295.4,,2608.376
2026-06-17 11:30:00,QLD1,,5300.93,,2734.061
2026-06-17 11:30:00,SA1,,1872.78,,103.031
2026-06-17 11:30:00,TAS1,,1236.0,,36.172
2026-06-17 11:30:00,VIC1,,5506.37,,1156.34
2026-06-17 12:00:00,NSW1,,7187.11,,2667.567
2026-06-17 12:00:00,QLD1,,5282.14,,2816.498
2026-06-17 12:00:00,SA1,,1823.63,,118.771
2026-06-17 12:00:00,TAS1,,1221.0,,38.963
2026-06-17 12:00:00,VIC1,,5449.92,,1194.702
2026-06-17 12:30:00,NSW1,,7109.89,,2708.071
2026-06-17 12:30:00,QLD1,,5214.64,,2856.52
2026-06-17 12:30:00,SA1,,1818.29,,129.746
2026-06-17 12:30:00,TAS1,,1204.0,,43.936
2026-06-17 12:30:00,VIC1,,5391.49,,1183.535
2026-06-17 13:00:00,NSW1,,7057.25,,2678.313
2026-06-17 13:00:00,QLD1,,5186.46,,2850.207
2026-06-17 13:00:00,SA1,,1799.22,,132.441
2026-06-17 13:00:00,TAS1,,1188.0,,48.505
2026-06-17 13:00:00,VIC1,,5388.0,,1140.65
2026-06-17 13:30:00,NSW1,,7118.46,,2548.29
2026-06-17 13:30:00,QLD1,,5254.96,,2752.798
2026-06-17 13:30:00,SA1,,1775.97,,130.202
2026-06-17 13:30:00,TAS1,,1178.0,,52.322
2026-06-17 13:30:00,VIC1,,5491.77,,1078.017
2026-06-17 14:00:00,NSW1,,7155.7,,2357.324
2026-06-17 14:00:00,QLD1,,5319.69,,2572.803
2026-06-17 14:00:00,SA1,,1776.67,,130.341
2026-06-17 14:00:00,TAS1,,1187.0,,53.091
2026-06-17 14:00:00,VIC1,,5572.31,,984.683
2026-06-17 14:30:00,NSW1,,7273.03,,2077.82
2026-06-17 14:30:00,QLD1,,5470.41,,2302.114
2026-06-17 14:30:00,SA1,,1751.08,,128.272
2026-06-17 14:30:00,TAS1,,1193.0,,47.358
2026-06-17 14:30:00,VIC1,,5458.71,,855.634
2026-06-17 15:00:00,NSW1,,7493.86,,1699.252
2026-06-17 15:00:00,QLD1,,5789.32,,1923.995
2026-06-17 15:00:00,SA1,,1776.5,,115.377
2026-06-17 15:00:00,TAS1,,1206.0,,35.941
2026-06-17 15:00:00,VIC1,,5487.6,,698.65
2026-06-17 15:30:00,NSW1,,7787.76,,1247.725
2026-06-17 15:30:00,QLD1,,6164.39,,1460.013
2026-06-17 15:30:00,SA1,,1797.44,,93.479
2026-06-17 15:30:00,TAS1,,1216.0,,21.954
2026-06-17 15:30:00,VIC1,,5569.8,,522.536
2026-06-17 16:00:00,NSW1,,8159.87,,765.765
2026-06-17 16:00:00,QLD1,,6585.5,,968.838
2026-06-17 16:00:00,SA1,,1805.9,,60.89
2026-06-17 16:00:00,TAS1,,1236.0,,10.781
2026-06-17 16:00:00,VIC1,,5825.57,,327.091
2026-06-17 16:30:00,NSW1,,8563.65,,284.019
2026-06-17 16:30:00,QLD1,,7016.96,,471.851
2026-06-17 16:30:00,SA1,,1823.64,,31.072
2026-06-17 16:30:00,TAS1,,1259.0,,2.809
2026-06-17 16:30:00,VIC1,,6065.4,,132.579
2026-06-17 17:00:00,NSW1,,9042.28,,0.0
2026-06-17 17:00:00,QLD1,,7411.7,,100.79
2026-06-17 17:00:00,SA1,,1876.79,,9.102
2026-06-17 17:00:00,TAS1,,1299.0,,0.0
2026-06-17 17:00:00,VIC1,,6398.36,,0.0
2026-06-17 17:30:00,NSW1,,9487.54,,0.0
2026-06-17 17:30:00,QLD1,,7738.75,,0.0
2026-06-17 17:30:00,SA1,,1937.91,,0.0
2026-06-17 17:30:00,TAS1,,1345.0,,0.0
2026-06-17 17:30:00,VIC1,,6651.07,,0.0
2026-06-17 18:00:00,NSW1,,9800.72,,0.0
2026-06-17 18:00:00,QLD1,,8007.45,,0.0
2026-06-17 18:00:00,SA1,,1990.5,,0.0
2026-06-17 18:00:00,TAS1,,1362.0,,0.0
2026-06-17 18:00:00,VIC1,,6860.8,,0.0
2026-06-17 18:30:00,NSW1,,9825.58,,0.0
2026-06-17 18:30:00,QLD1,,8001.73,,0.0
2026-06-17 18:30:00,SA1,,2014.95,,0.0
2026-06-17 18:30:00,TAS1,,1356.0,,0.0
2026-06-17 18:30:00,VIC1,,6838.3,,0.0
2026-06-17 19:00:00,NSW1,,9771.26,,0.0
2026-06-17 19:00:00,QLD1,,7885.45,,0.0
2026-06-17 19:00:00,SA1,,1984.0,,0.0
2026-06-17 19:00:00,TAS1,,1351.0,,0.0
2026-06-17 19:00:00,VIC1,,6722.14,,0.0
2026-06-17 19:30:00,NSW1,,9608.24,,0.0
2026-06-17 19:30:00,QLD1,,7713.23,,0.0
2026-06-17 19:30:00,SA1,,1945.94,,0.0
2026-06-17 19:30:00,TAS1,,1324.0,,0.0
2026-06-17 19:30:00,VIC1,,6555.17,,0.0
2026-06-17 20:00:00,NSW1,,9449.13,,0.0
2026-06-17 20:00:00,QLD1,,7559.56,,0.0
2026-06-17 20:00:00,SA1,,1902.8,,0.0
2026-06-17 20:00:00,TAS1,,1306.0,,0.0
2026-06-17 20:00:00,VIC1,,6354.96,,0.0
2026-06-17 20:30:00,NSW1,,9296.07,,0.0
2026-06-17 20:30:00,QLD1,,7386.37,,0.0
2026-06-17 20:30:00,SA1,,1861.7,,0.0
2026-06-17 20:30:00,TAS1,,1291.0,,0.0
2026-06-17 20:30:00,VIC1,,6149.24,,0.0
2026-06-17 21:00:00,NSW1,,9109.42,0.0,0.0
2026-06-17 21:00:00,QLD1,,7328.83,0.0,0.0
2026-06-17 21:00:00,SA1,,1823.44,0.0,0.0
2026-06-17 21:00:00,TAS1,,1259.0,0.0,0.0
2026-06-17 21:00:00,VIC1,,5970.02,0.0,0.0
2026-06-17 21:30:00,NSW1,,8862.42,0.0,0.0
2026-06-17 21:30:00,QLD1,,7194.3,0.0,0.0
2026-06-17 21:30:00,SA1,,1775.15,0.0,0.0
2026-06-17 21:30:00,TAS1,,1240.0,0.0,0.0
2026-06-17 21:30:00,VIC1,,5780.88,0.0,0.0
2026-06-17 22:00:00,NSW1,,8780.08,,0.0
2026-06-17 22:00:00,QLD1,,6923.95,,0.0
2026-06-17 22:00:00,SA1,,1698.05,,0.0
2026-06-17 22:00:00,TAS1,,1180.0,,0.0
2026-06-17 22:00:00,VIC1,,5632.37,,0.0
2026-06-17 22:30:00,NSW1,8513.06,8586.66,,0.0
2026-06-17 22:30:00,QLD1,6543.52,6718.27,,0.0
2026-06-17 22:30:00,SA1,1593.57,1646.54,,0.0
2026-06-17 22:30:00,TAS1,1113.99,1115.0,,0.0
2026-06-17 22:30:00,VIC1,5376.54,5350.9,,0.0
2026-06-17 22:35:00,NSW1,8491.59,,,
2026-06-17 22:35:00,QLD1,6584.28,,,
2026-06-17 22:35:00,SA1,1579.05,,,
2026-06-17 22:35:00,TAS1,1117.42,,,
2026-06-17 22:35:00,VIC1,5230.3,,,
2026-06-17 23:00:00,NSW1,,8387.77,,0.0
2026-06-17 23:00:00,QLD1,,6477.18,,0.0
2026-06-17 23:00:00,SA1,,1576.22,,0.0
2026-06-17 23:00:00,TAS1,,1080.0,,0.0
2026-06-17 23:00:00,VIC1,,5175.17,,0.0
2026-06-17 23:30:00,NSW1,,8208.82,,0.0
2026-06-17 23:30:00,QLD1,,6239.47,,0.0
2026-06-17 23:30:00,SA1,,1517.53,,0.0
2026-06-17 23:30:00,TAS1,,1056.0,,0.0
2026-06-17 23:30:00,VIC1,,5172.04,,0.0
2026-06-18 00:00:00,NSW1,,8038.08,,0.0
2026-06-18 00:00:00,QLD1,,6074.72,,0.0
2026-06-18 00:00:00,SA1,,1517.87,,0.0
2026-06-18 00:00:00,TAS1,,1036.0,,0.0
2026-06-18 00:00:00,VIC1,,5070.65,,0.0
2026-06-18 00:30:00,NSW1,,7883.14,,0.0
2026-06-18 00:30:00,QLD1,,5916.11,,0.0
2026-06-18 00:30:00,SA1,,1532.8,,0.0
2026-06-18 00:30:00,TAS1,,1017.0,,0.0
2026-06-18 00:30:00,VIC1,,4917.48,,0.0
2026-06-18 01:00:00,NSW1,,7738.32,,0.0
2026-06-18 01:00:00,QLD1,,5758.09,,0.0
2026-06-18 01:00:00,SA1,,1550.88,,0.0
2026-06-18 01:00:00,TAS1,,1001.0,,0.0
2026-06-18 01:00:00,VIC1,,4748.75,,0.0
2026-06-18 01:30:00,NSW1,,7553.99,,0.0
2026-06-18 01:30:00,QLD1,,5654.65,,0.0
2026-06-18 01:30:00,SA1,,1538.99,,0.0
2026-06-18 01:30:00,TAS1,,983.0,,0.0
2026-06-18 01:30:00,VIC1,,4601.34,,0.0
2026-06-18 02:00:00,NSW1,,7354.38,,0.0
2026-06-18 02:00:00,QLD1,,5611.68,,0.0
2026-06-18 02:00:00,SA1,,1523.97,,0.0
2026-06-18 02:00:00,TAS1,,978.0,,0.0
2026-06-18 02:00:00,VIC1,,4450.99,,0.0
2026-06-18 02:30:00,NSW1,,7201.74,,0.0
2026-06-18 02:30:00,QLD1,,5581.75,,0.0
2026-06-18 02:30:00,SA1,,1496.98,,0.0
2026-06-18 02:30:00,TAS1,,974.0,,0.0
2026-06-18 02:30:00,VIC1,,4330.07,,0.0
2026-06-18 03:00:00,NSW1,,7065.65,,0.0
2026-06-18 03:00:00,QLD1,,5569.84,,0.0
2026-06-18 03:00:00,SA1,,1470.97,,0.0
2026-06-18 03:00:00,TAS1,,971.0,,0.0
2026-06-18 03:00:00,VIC1,,4246.48,,0.0
2026-06-18 03:30:00,NSW1,,6986.38,,0.0
2026-06-18 03:30:00,QLD1,,5579.61,,0.0
2026-06-18 03:30:00,SA1,,1451.99,,0.0
2026-06-18 03:30:00,TAS1,,968.0,,0.0
2026-06-18 03:30:00,VIC1,,4200.49,,0.0
2026-06-18 04:00:00,NSW1,,6949.75,,0.0
2026-06-18 04:00:00,QLD1,,5611.35,,0.0
2026-06-18 04:00:00,SA1,,1438.0,,0.0
2026-06-18 04:00:00,TAS1,,963.0,,0.0
2026-06-18 04:00:00,VIC1,,4168.27,,0.0
2026-06-18 04:30:00,NSW1,,7010.77,,0.0
2026-06-18 04:30:00,QLD1,,5708.85,,0.0
2026-06-18 04:30:00,SA1,,1431.97,,0.0
2026-06-18 04:30:00,TAS1,,967.0,,0.0
2026-06-18 04:30:00,VIC1,,4193.44,,0.0
2026-06-18 05:00:00,NSW1,,7088.91,,0.0
2026-06-18 05:00:00,QLD1,,5843.85,,0.0
2026-06-18 05:00:00,SA1,,1427.74,,0.0
2026-06-18 05:00:00,TAS1,,977.0,,0.0
2026-06-18 05:00:00,VIC1,,4239.52,,0.0
2026-06-18 05:30:00,NSW1,,7329.95,0.0,0.0
2026-06-18 05:30:00,QLD1,,6065.92,0.0,0.0
2026-06-18 05:30:00,SA1,,1441.72,0.0,0.0
2026-06-18 05:30:00,TAS1,,1000.0,0.0,0.0
2026-06-18 05:30:00,VIC1,,4381.24,0.0,0.0
2026-06-18 06:00:00,NSW1,,7452.83,0.0,0.0
2026-06-18 06:00:00,QLD1,,6216.29,0.0,0.0
2026-06-18 06:00:00,SA1,,1417.43,0.0,0.0
2026-06-18 06:00:00,TAS1,,1016.0,0.0,0.0
2026-06-18 06:00:00,VIC1,,4624.27,0.0,0.0
2026-06-18 06:30:00,NSW1,8272.38,7972.38,,0.0
2026-06-18 06:30:00,QLD1,6763.66,6563.43,,0.0
2026-06-18 06:30:00,SA1,1487.79,1478.9,,0.0
2026-06-18 06:30:00,TAS1,1141.74,1103.0,,0.0
2026-06-18 06:30:00,VIC1,5219.1,5033.19,,0.0
2026-06-18 06:35:00,NSW1,8378.29,,,
2026-06-18 06:35:00,QLD1,6851.17,,,
2026-06-18 06:35:00,SA1,1496.98,,,
2026-06-18 06:35:00,TAS1,1142.74,,,
2026-06-18 06:35:00,VIC1,5263.68,,,
2026-06-18 07:00:00,NSW1,,8516.77,,0.0
2026-06-18 07:00:00,QLD1,,6804.73,,72.066
2026-06-18 07:00:00,SA1,,1570.93,,0.0
2026-06-18 07:00:00,TAS1,,1161.0,,0.0
2026-06-18 07:00:00,VIC1,,5439.33,,0.0
2026-06-18 07:30:00,NSW1,,8886.32,,110.105
2026-06-18 07:30:00,QLD1,,6833.56,,312.957
2026-06-18 07:30:00,SA1,,1676.55,,0.0
2026-06-18 07:30:00,TAS1,,1201.0,,0.0
2026-06-18 07:30:00,VIC1,,5813.78,,0.0
2026-06-18 08:00:00,NSW1,,9020.63,,443.683
2026-06-18 08:00:00,QLD1,,6611.68,,811.278
2026-06-18 08:00:00,SA1,,1799.63,,0.0
2026-06-18 08:00:00,TAS1,,1244.0,,0.364
2026-06-18 08:00:00,VIC1,,6115.2,,6.19
2026-06-18 08:30:00,NSW1,,8875.37,,966.626
2026-06-18 08:30:00,QLD1,,6312.55,,1370.384
2026-06-18 08:30:00,SA1,,1863.37,,37.734
2026-06-18 08:30:00,TAS1,,1259.0,,5.737
2026-06-18 08:30:00,VIC1,,6299.29,,45.092
2026-06-18 09:00:00,NSW1,,8541.08,,1508.964
2026-06-18 09:00:00,QLD1,,5923.45,,1899.154
2026-06-18 09:00:00,SA1,,1826.56,,192.871
2026-06-18 09:00:00,TAS1,,1254.0,,10.147
2026-06-18 09:00:00,VIC1,,6305.5,,149.615
2026-06-18 09:30:00,NSW1,,8251.16,,1992.082
2026-06-18 09:30:00,QLD1,,5576.97,,2314.743
2026-06-18 09:30:00,SA1,,1723.89,,369.131
2026-06-18 09:30:00,TAS1,,1243.0,,15.422
2026-06-18 09:30:00,VIC1,,6255.47,,255.8
2026-06-18 10:00:00,NSW1,,7938.55,,2403.397
2026-06-18 10:00:00,QLD1,,5269.83,,2628.924
2026-06-18 10:00:00,SA1,,1606.05,,544.454
2026-06-18 10:00:00,TAS1,,1225.0,,23.032
2026-06-18 10:00:00,VIC1,,6143.82,,369.271
2026-06-18 10:30:00,NSW1,,7590.0,,2702.636
2026-06-18 10:30:00,QLD1,,5109.58,,2828.477
2026-06-18 10:30:00,SA1,,1518.87,,699.246
2026-06-18 10:30:00,TAS1,,1197.0,,28.948
2026-06-18 10:30:00,VIC1,,6054.76,,451.135
2026-06-18 11:00:00,NSW1,,7284.93,,2903.684
2026-06-18 11:00:00,QLD1,,5009.29,,2955.253
2026-06-18 11:00:00,SA1,,1431.68,,818.878
2026-06-18 11:00:00,TAS1,,1178.0,,32.399
2026-06-18 11:00:00,VIC1,,5981.14,,500.575
2026-06-18 11:30:00,NSW1,,7057.87,,3019.031
2026-06-18 11:30:00,QLD1,,5045.17,,3021.242
2026-06-18 11:30:00,SA1,,1306.36,,908.923
2026-06-18 11:30:00,TAS1,,1157.0,,33.339
2026-06-18 11:30:00,VIC1,,6046.97,,532.561
2026-06-18 12:00:00,NSW1,,6957.97,,3036.417
2026-06-18 12:00:00,QLD1,,5065.84,,3026.653
2026-06-18 12:00:00,SA1,,1189.0,,966.14
2026-06-18 12:00:00,TAS1,,1136.0,,33.116
2026-06-18 12:00:00,VIC1,,6035.43,,547.238
2026-06-18 12:30:00,NSW1,,6907.26,,2988.077
2026-06-18 12:30:00,QLD1,,5052.29,,2977.059
2026-06-18 12:30:00,SA1,,1087.74,,1006.1
2026-06-18 12:30:00,TAS1,,1129.0,,33.191
2026-06-18 12:30:00,VIC1,,6038.44,,551.657
2026-06-18 13:00:00,NSW1,,6857.33,,2852.032
2026-06-18 13:00:00,QLD1,,5061.76,,2879.912
2026-06-18 13:00:00,SA1,,997.5,,1017.533
2026-06-18 13:00:00,TAS1,,1125.0,,32.007
2026-06-18 13:00:00,VIC1,,6052.37,,545.337
2026-06-18 13:30:00,NSW1,,6921.46,,2616.004
2026-06-18 13:30:00,QLD1,,5133.88,,2700.729
2026-06-18 13:30:00,SA1,,953.34,,1001.767
2026-06-18 13:30:00,TAS1,,1119.0,,30.97
2026-06-18 13:30:00,VIC1,,6128.03,,531.534
2026-06-18 14:00:00,NSW1,,7001.18,,2317.838
2026-06-18 14:00:00,QLD1,,5242.93,,2445.56
2026-06-18 14:00:00,SA1,,954.21,,976.705
2026-06-18 14:00:00,TAS1,,1131.0,,28.255
2026-06-18 14:00:00,VIC1,,6121.02,,500.013
2026-06-18 14:30:00,NSW1,,7152.46,,1948.775
2026-06-18 14:30:00,QLD1,,5409.24,,2117.401
2026-06-18 14:30:00,SA1,,1056.58,,931.725
2026-06-18 14:30:00,TAS1,,1137.0,,21.85
2026-06-18 14:30:00,VIC1,,5971.35,,440.502
2026-06-18 15:00:00,NSW1,,7414.4,,1541.407
2026-06-18 15:00:00,QLD1,,5718.88,,1741.57
2026-06-18 15:00:00,SA1,,1127.78,,855.047
2026-06-18 15:00:00,TAS1,,1151.0,,14.577
2026-06-18 15:00:00,VIC1,,5972.99,,355.519
2026-06-18 15:30:00,NSW1,,7738.58,,1121.136
2026-06-18 15:30:00,QLD1,,6090.97,,1327.256
2026-06-18 15:30:00,SA1,,1222.79,,747.074
2026-06-18 15:30:00,TAS1,,1163.0,,6.986
2026-06-18 15:30:00,VIC1,,6071.76,,255.47
2026-06-18 16:00:00,NSW1,,8149.79,,683.788
2026-06-18 16:00:00,QLD1,,6501.16,,888.735
2026-06-18 16:00:00,SA1,,1318.36,,594.575
2026-06-18 16:00:00,TAS1,,1181.0,,2.799
2026-06-18 16:00:00,VIC1,,6220.51,,145.764
2026-06-18 16:30:00,NSW1,,8562.48,,238.255
2026-06-18 16:30:00,QLD1,,6922.89,,435.442
2026-06-18 16:30:00,SA1,,1436.65,,415.351
2026-06-18 16:30:00,TAS1,,1200.0,,0.82
2026-06-18 16:30:00,VIC1,,6396.62,,42.208
2026-06-18 17:00:00,NSW1,,9048.0,,0.0
2026-06-18 17:00:00,QLD1,,7323.17,,103.03
2026-06-18 17:00:00,SA1,,1611.46,,228.07
2026-06-18 17:00:00,TAS1,,1237.0,,0.0
2026-06-18 17:00:00,VIC1,,6639.48,,0.0
2026-06-18 17:30:00,NSW1,,9472.48,,0.0
2026-06-18 17:30:00,QLD1,,7650.09,,0.0
2026-06-18 17:30:00,SA1,,1796.79,,56.114
2026-06-18 17:30:00,TAS1,,1280.0,,0.0
2026-06-18 17:30:00,VIC1,,6833.14,,0.0
2026-06-18 18:00:00,NSW1,,9768.62,,0.0
2026-06-18 18:00:00,QLD1,,7923.61,,0.0
2026-06-18 18:00:00,SA1,,1976.74,,0.0
2026-06-18 18:00:00,TAS1,,1298.0,,0.0
2026-06-18 18:00:00,VIC1,,6998.94,,0.0
2026-06-18 18:30:00,NSW1,,9788.5,,0.0
2026-06-18 18:30:00,QLD1,,7924.18,,0.0
2026-06-18 18:30:00,SA1,,2109.08,,0.0
2026-06-18 18:30:00,TAS1,,1295.0,,0.0
2026-06-18 18:30:00,VIC1,,6968.01,,0.0
2026-06-18 19:00:00,NSW1,,9730.24,,0.0
2026-06-18 19:00:00,QLD1,,7819.06,,0.0
2026-06-18 19:00:00,SA1,,2154.57,,0.0
2026-06-18 19:00:00,TAS1,,1284.0,,0.0
2026-06-18 19:00:00,VIC1,,6864.15,,0.0
2026-06-18 19:30:00,NSW1,,9574.74,,0.0
2026-06-18 19:30:00,QLD1,,7652.1,,0.0
2026-06-18 19:30:00,SA1,,2144.56,,0.0
2026-06-18 19:30:00,TAS1,,1268.0,,0.0
2026-06-18 19:30:00,VIC1,,6714.03,,0.0
2026-06-18 20:00:00,NSW1,,9424.94,,0.0
2026-06-18 20:00:00,QLD1,,7504.97,,0.0
2026-06-18 20:00:00,SA1,,2117.52,,0.0
2026-06-18 20:00:00,TAS1,,1246.0,,0.0
2026-06-18 20:00:00,VIC1,,6498.67,,0.0
2026-06-18 20:30:00,NSW1,,9269.81,0.0,0.0
2026-06-18 20:30:00,QLD1,,7350.82,0.0,0.0
2026-06-18 20:30:00,SA1,,2101.56,0.0,0.0
2026-06-18 20:30:00,TAS1,,1232.0,0.0,0.0
2026-06-18 20:30:00,VIC1,,6322.25,0.0,0.0
2026-06-18 21:00:00,NSW1,,9089.82,0.0,0.0
2026-06-18 21:00:00,QLD1,,7302.54,0.0,0.0
2026-06-18 21:00:00,SA1,,2062.56,0.0,0.0
2026-06-18 21:00:00,TAS1,,1207.0,0.0,0.0
2026-06-18 21:00:00,VIC1,,6158.59,0.0,0.0
2026-06-18 21:30:00,NSW1,,8846.59,,0.0
2026-06-18 21:30:00,QLD1,,7050.89,,0.0
2026-06-18 21:30:00,SA1,,1973.7,,0.0
2026-06-18 21:30:00,TAS1,,1108.0,,0.0
2026-06-18 21:30:00,VIC1,,6234.38,,0.0
2026-06-18 21:35:00,NSW1,8678.84,,,
2026-06-18 21:35:00,QLD1,6978.89,,,
2026-06-18 21:35:00,SA1,1916.63,,,
2026-06-18 21:35:00,TAS1,1096.11,,,
2026-06-18 21:35:00,VIC1,6137.6,,,
2026-06-18 21:40:00,NSW1,8647.71,,,
2026-06-18 21:40:00,QLD1,7016.85,,,
2026-06-18 21:40:00,SA1,1910.05,,,
2026-06-18 21:40:00,TAS1,1086.59,,,
2026-06-18 21:40:00,VIC1,6047.97,,,
2026-06-18 22:00:00,NSW1,,8562.97,,0.0
2026-06-18 22:00:00,QLD1,,6908.42,,0.0
2026-06-18 22:00:00,SA1,,1917.51,,0.0
2026-06-18 22:00:00,TAS1,,1081.0,,0.0
2026-06-18 22:00:00,VIC1,,6053.46,,0.0
2026-06-18 22:30:00,NSW1,,8429.01,,0.0
2026-06-18 22:30:00,QLD1,,6683.72,,0.0
2026-06-18 22:30:00,SA1,,1820.5,,0.0
2026-06-18 22:30:00,TAS1,,1045.0,,0.0
2026-06-18 22:30:00,VIC1,,5808.18,,0.0
2026-06-18 23:00:00,NSW1,,8233.21,,0.0
2026-06-18 23:00:00,QLD1,,6451.54,,0.0
2026-06-18 23:00:00,SA1,,1718.91,,0.0
2026-06-18 23:00:00,TAS1,,1012.0,,0.0
2026-06-18 23:00:00,VIC1,,5607.03,,0.0
2026-06-18 23:30:00,NSW1,,8038.4,,0.0
2026-06-18 23:30:00,QLD1,,6254.51,,0.0
2026-06-18 23:30:00,SA1,,1639.59,,0.0
2026-06-18 23:30:00,TAS1,,986.0,,0.0
2026-06-18 23:30:00,VIC1,,5533.0,,0.0
2026-06-19 00:00:00,NSW1,,7857.02,,0.0
2026-06-19 00:00:00,QLD1,,6103.41,,0.0
2026-06-19 00:00:00,SA1,,1623.02,,0.0
2026-06-19 00:00:00,TAS1,,962.0,,0.0
2026-06-19 00:00:00,VIC1,,5395.35,,0.0
2026-06-19 00:30:00,NSW1,,7698.6,,0.0
2026-06-19 00:30:00,QLD1,,5951.38,,0.0
2026-06-19 00:30:00,SA1,,1628.22,,0.0
2026-06-19 00:30:00,TAS1,,944.0,,0.0
2026-06-19 00:30:00,VIC1,,5229.67,,0.0
2026-06-19 01:00:00,NSW1,,7538.62,,0.0
2026-06-19 01:00:00,QLD1,,5801.07,,0.0
2026-06-19 01:00:00,SA1,,1639.97,,0.0
2026-06-19 01:00:00,TAS1,,928.0,,0.0
2026-06-19 01:00:00,VIC1,,5055.41,,0.0
2026-06-19 01:30:00,NSW1,,7344.75,,0.0
2026-06-19 01:30:00,QLD1,,5698.39,,0.0
2026-06-19 01:30:00,SA1,,1621.66,,0.0
2026-06-19 01:30:00,TAS1,,918.0,,0.0
2026-06-19 01:30:00,VIC1,,4884.93,,0.0
2026-06-19 02:00:00,NSW1,,7113.67,,0.0
2026-06-19 02:00:00,QLD1,,5639.48,,0.0
2026-06-19 02:00:00,SA1,,1601.57,,0.0
2026-06-19 02:00:00,TAS1,,920.0,,0.0
2026-06-19 02:00:00,VIC1,,4722.43,,0.0
2026-06-19 02:30:00,NSW1,,6953.89,,0.0
2026-06-19 02:30:00,QLD1,,5608.56,,0.0
2026-06-19 02:30:00,SA1,,1563.46,,0.0
2026-06-19 02:30:00,TAS1,,924.0,,0.0
2026-06-19 02:30:00,VIC1,,4587.37,,0.0
2026-06-19 03:00:00,NSW1,,6814.5,,0.0
2026-06-19 03:00:00,QLD1,,5590.76,,0.0
2026-06-19 03:00:00,SA1,,1528.13,,0.0
2026-06-19 03:00:00,TAS1,,929.0,,0.0
2026-06-19 03:00:00,VIC1,,4487.04,,0.0
2026-06-19 03:30:00,NSW1,,6728.87,,0.0
2026-06-19 03:30:00,QLD1,,5596.97,,0.0
2026-06-19 03:30:00,SA1,,1498.79,,0.0
2026-06-19 03:30:00,TAS1,,936.0,,0.0
2026-06-19 03:30:00,VIC1,,4424.41,,0.0
2026-06-19 04:00:00,NSW1,,6688.27,,0.0
2026-06-19 04:00:00,QLD1,,5621.95,,0.0
2026-06-19 04:00:00,SA1,,1476.27,,0.0
2026-06-19 04:00:00,TAS1,,943.0,,0.0
2026-06-19 04:00:00,VIC1,,4389.86,,0.0
2026-06-19 04:30:00,NSW1,,6732.53,0.0,0.0
2026-06-19 04:30:00,QLD1,,5702.05,0.0,0.0
2026-06-19 04:30:00,SA1,,1464.16,0.0,0.0
2026-06-19 04:30:00,TAS1,,952.0,0.0,0.0
2026-06-19 04:30:00,VIC1,,4432.35,0.0,0.0
2026-06-19 05:00:00,NSW1,,6791.53,0.0,0.0
2026-06-19 05:00:00,QLD1,,5816.85,0.0,0.0
2026-06-19 05:00:00,SA1,,1461.88,0.0,0.0
2026-06-19 05:00:00,TAS1,,968.0,0.0,0.0
2026-06-19 05:00:00,VIC1,,4512.6,0.0,0.0
2026-06-19 05:30:00,NSW1,,7052.87,,0.0
2026-06-19 05:30:00,QLD1,,5886.35,,0.0
2026-06-19 05:30:00,SA1,,1453.19,,0.0
2026-06-19 05:30:00,TAS1,,1027.0,,0.0
2026-06-19 05:30:00,VIC1,,4754.03,,0.0
2026-06-19 05:55:00,NSW1,7380.46,,,
2026-06-19 05:55:00,QLD1,6279.26,,,
2026-06-19 05:55:00,SA1,1490.9,,,
2026-06-19 05:55:00,TAS1,1104.86,,,
2026-06-19 05:55:00,VIC1,5080.99,,,
2026-06-19 06:00:00,NSW1,7329.15,7252.96,,0.0
2026-06-19 06:00:00,QLD1,6181.11,6085.68,,0.0
2026-06-19 06:00:00,SA1,1499.86,1461.24,,0.0
2026-06-19 06:00:00,TAS1,1115.49,1069.0,,0.0
2026-06-19 06:00:00,VIC1,5190.93,5015.58,,0.0
2026-06-19 06:30:00,NSW1,,7751.99,,0.0
2026-06-19 06:30:00,QLD1,,6388.23,,0.0
2026-06-19 06:30:00,SA1,,1511.44,,0.0
2026-06-19 06:30:00,TAS1,,1135.0,,0.0
2026-06-19 06:30:00,VIC1,,5441.63,,0.0
2026-06-19 07:00:00,NSW1,,8266.29,,0.0
2026-06-19 07:00:00,QLD1,,6588.98,,48.766
2026-06-19 07:00:00,SA1,,1605.14,,0.0
2026-06-19 07:00:00,TAS1,,1198.0,,0.0
2026-06-19 07:00:00,VIC1,,5870.49,,0.0
2026-06-19 07:30:00,NSW1,,8765.01,,44.354
2026-06-19 07:30:00,QLD1,,6681.56,,312.536
2026-06-19 07:30:00,SA1,,1701.17,,0.0
2026-06-19 07:30:00,TAS1,,1252.0,,0.0
2026-06-19 07:30:00,VIC1,,6284.51,,0.0
2026-06-19 08:00:00,NSW1,,9115.48,,218.206
2026-06-19 08:00:00,QLD1,,6540.57,,832.29
2026-06-19 08:00:00,SA1,,1822.09,,0.0
2026-06-19 08:00:00,TAS1,,1306.0,,0.0
2026-06-19 08:00:00,VIC1,,6639.07,,0.0
2026-06-19 08:30:00,NSW1,,9247.8,,421.249
2026-06-19 08:30:00,QLD1,,6291.88,,1420.562
2026-06-19 08:30:00,SA1,,1904.25,,10.054
2026-06-19 08:30:00,TAS1,,1323.0,,6.877
2026-06-19 08:30:00,VIC1,,6828.56,,52.806
2026-06-19 09:00:00,NSW1,,9158.9,,681.954
2026-06-19 09:00:00,QLD1,,5943.09,,1987.527
2026-06-19 09:00:00,SA1,,1907.61,,114.618
2026-06-19 09:00:00,TAS1,,1318.0,,19.097
2026-06-19 09:00:00,VIC1,,6801.94,,225.349
2026-06-19 09:30:00,NSW1,,9103.77,,916.842
2026-06-19 09:30:00,QLD1,,5635.45,,2459.539
2026-06-19 09:30:00,SA1,,1835.3,,242.43
2026-06-19 09:30:00,TAS1,,1307.0,,33.137
2026-06-19 09:30:00,VIC1,,6718.95,,415.127
2026-06-19 10:00:00,NSW1,,8973.21,,1109.563
2026-06-19 10:00:00,QLD1,,5354.39,,2819.652
2026-06-19 10:00:00,SA1,,1742.7,,364.573
2026-06-19 10:00:00,TAS1,,1285.0,,46.49
2026-06-19 10:00:00,VIC1,,6555.35,,588.88
2026-06-19 10:30:00,NSW1,,8816.63,,1242.077
2026-06-19 10:30:00,QLD1,,5183.54,,3062.828
2026-06-19 10:30:00,SA1,,1661.77,,481.452
2026-06-19 10:30:00,TAS1,,1269.0,,55.455
2026-06-19 10:30:00,VIC1,,6417.39,,712.633
2026-06-19 11:00:00,NSW1,,8677.5,,1333.541
2026-06-19 11:00:00,QLD1,,5038.77,,3224.36
2026-06-19 11:00:00,SA1,,1612.34,,575.744
2026-06-19 11:00:00,TAS1,,1250.0,,60.321
2026-06-19 11:00:00,VIC1,,6269.42,,788.514
2026-06-19 11:30:00,NSW1,,8589.07,,1390.815
2026-06-19 11:30:00,QLD1,,4988.54,,3330.663
2026-06-19 11:30:00,SA1,,1545.43,,653.642
2026-06-19 11:30:00,TAS1,,1230.0,,61.936
2026-06-19 11:30:00,VIC1,,6221.5,,833.745
2026-06-19 12:00:00,NSW1,,8505.51,,1416.929
2026-06-19 12:00:00,QLD1,,4984.97,,3368.07
2026-06-19 12:00:00,SA1,,1497.33,,705.585
2026-06-19 12:00:00,TAS1,,1218.0,,61.798
2026-06-19 12:00:00,VIC1,,6130.77,,863.126
2026-06-19 12:30:00,NSW1,,8379.52,,1408.863
2026-06-19 12:30:00,QLD1,,4936.0,,3318.228
2026-06-19 12:30:00,SA1,,1434.5,,729.63
2026-06-19 12:30:00,TAS1,,1215.0,,59.804
2026-06-19 12:30:00,VIC1,,6071.38,,870.055
2026-06-19 13:00:00,NSW1,,8278.38,,1357.039
2026-06-19 13:00:00,QLD1,,4890.4,,3216.83
2026-06-19 13:00:00,SA1,,1379.4,,725.7
2026-06-19 13:00:00,TAS1,,1206.0,,55.348
2026-06-19 13:00:00,VIC1,,6005.58,,853.445
2026-06-19 13:30:00,NSW1,,8235.13,,1273.086
2026-06-19 13:30:00,QLD1,,4924.31,,3012.576
2026-06-19 13:30:00,SA1,,1356.14,,701.641
2026-06-19 13:30:00,TAS1,,1204.0,,50.762
2026-06-19 13:30:00,VIC1,,5943.93,,828.747
2026-06-19 14:00:00,NSW1,,8200.53,,1160.156
2026-06-19 14:00:00,QLD1,,5019.21,,2728.006
2026-06-19 14:00:00,SA1,,1357.77,,668.78
2026-06-19 14:00:00,TAS1,,1212.0,,44.042
2026-06-19 14:00:00,VIC1,,5842.74,,776.027
2026-06-19 14:30:00,NSW1,,8152.81,,994.679
2026-06-19 14:30:00,QLD1,,5223.79,,2366.006
2026-06-19 14:30:00,SA1,,1398.05,,621.674
2026-06-19 14:30:00,TAS1,,1223.0,,33.897
2026-06-19 14:30:00,VIC1,,5834.06,,686.117
2026-06-19 15:00:00,NSW1,,8214.47,,780.583
2026-06-19 15:00:00,QLD1,,5660.59,,1942.636
2026-06-19 15:00:00,SA1,,1444.45,,556.62
2026-06-19 15:00:00,TAS1,,1239.0,,24.0
2026-06-19 15:00:00,VIC1,,5974.63,,564.741
2026-06-19 15:30:00,NSW1,,8315.99,,542.479
2026-06-19 15:30:00,QLD1,,6071.51,,1479.838
2026-06-19 15:30:00,SA1,,1533.23,,474.828
2026-06-19 15:30:00,TAS1,,1255.0,,13.38
2026-06-19 15:30:00,VIC1,,6055.96,,424.009
2026-06-19 16:00:00,NSW1,,8569.86,,302.377
2026-06-19 16:00:00,QLD1,,6483.41,,992.012
2026-06-19 16:00:00,SA1,,1612.11,,366.435
2026-06-19 16:00:00,TAS1,,1275.0,,6.113
2026-06-19 16:00:00,VIC1,,6228.62,,254.787
2026-06-19 16:30:00,NSW1,,8886.56,,75.699
2026-06-19 16:30:00,QLD1,,6881.03,,495.965
2026-06-19 16:30:00,SA1,,1704.26,,247.232
2026-06-19 16:30:00,TAS1,,1292.0,,1.402
2026-06-19 16:30:00,VIC1,,6451.23,,92.173
2026-06-19 17:00:00,NSW1,,9206.12,,0.0
2026-06-19 17:00:00,QLD1,,7255.39,,129.57
2026-06-19 17:00:00,SA1,,1828.88,,124.988
2026-06-19 17:00:00,TAS1,,1326.0,,0.0
2026-06-19 17:00:00,VIC1,,6754.97,,0.0
2026-06-19 17:30:00,NSW1,,9501.43,,0.0
2026-06-19 17:30:00,QLD1,,7511.24,,0.0
2026-06-19 17:30:00,SA1,,1954.66,,24.418
2026-06-19 17:30:00,TAS1,,1363.0,,0.0
2026-06-19 17:30:00,VIC1,,7081.29,,0.0
2026-06-19 18:00:00,NSW1,,9678.61,,0.0
2026-06-19 18:00:00,QLD1,,7702.37,,0.0
2026-06-19 18:00:00,SA1,,2079.0,,0.0
2026-06-19 18:00:00,TAS1,,1379.0,,0.0
2026-06-19 18:00:00,VIC1,,7284.63,,0.0
2026-06-19 18:30:00,NSW1,,9610.82,,0.0
2026-06-19 18:30:00,QLD1,,7650.09,,0.0
2026-06-19 18:30:00,SA1,,2172.52,,0.0
2026-06-19 18:30:00,TAS1,,1369.0,,0.0
2026-06-19 18:30:00,VIC1,,7264.05,,0.0
2026-06-19 19:00:00,NSW1,,9518.61,,0.0
2026-06-19 19:00:00,QLD1,,7528.59,,0.0
2026-06-19 19:00:00,SA1,,2182.56,,0.0
2026-06-19 19:00:00,TAS1,,1354.0,,0.0
2026-06-19 19:00:00,VIC1,,7215.32,,0.0
2026-06-19 19:30:00,NSW1,,9352.45,,0.0
2026-06-19 19:30:00,QLD1,,7383.44,,0.0
2026-06-19 19:30:00,SA1,,2157.69,,0.0
2026-06-19 19:30:00,TAS1,,1333.0,,0.0
2026-06-19 19:30:00,VIC1,,7078.31,,0.0
2026-06-19 20:00:00,NSW1,,9188.81,,0.0
2026-06-19 20:00:00,QLD1,,7246.32,,0.0
2026-06-19 20:00:00,SA1,,2123.67,,0.0
2026-06-19 20:00:00,TAS1,,1306.0,,0.0
2026-06-19 20:00:00,VIC1,,6889.34,,0.0
2026-06-19 20:30:00,NSW1,,9051.15,0.0,0.0
2026-06-19 20:30:00,QLD1,,7123.68,0.0,0.0
2026-06-19 20:30:00,SA1,,2110.44,0.0,0.0
2026-06-19 20:30:00,TAS1,,1283.0,0.0,0.0
2026-06-19 20:30:00,VIC1,,6727.92,0.0,0.0
2026-06-19 21:00:00,NSW1,,8907.72,0.0,0.0
2026-06-19 21:00:00,QLD1,,7088.14,0.0,0.0
2026-06-19 21:00:00,SA1,,2075.5,0.0,0.0
2026-06-19 21:00:00,TAS1,,1252.0,0.0,0.0
2026-06-19 21:00:00,VIC1,,6576.43,0.0,0.0
2026-06-19 21:30:00,NSW1,,8743.14,,0.0
2026-06-19 21:30:00,QLD1,,6753.49,,0.0
2026-06-19 21:30:00,SA1,,1957.02,,0.0
2026-06-19 21:30:00,TAS1,,1161.0,,0.0
2026-06-19 21:30:00,VIC1,,6363.77,,0.0
2026-06-19 21:50:00,NSW1,8482.47,,,
2026-06-19 21:50:00,QLD1,6627.75,,,
2026-06-19 21:50:00,SA1,1851.07,,,
2026-06-19 21:50:00,TAS1,1184.92,,,
2026-06-19 21:50:00,VIC1,6125.62,,,
2026-06-19 21:55:00,NSW1,8408.36,,,
2026-06-19 21:55:00,QLD1,6675.64,,,
2026-06-19 21:55:00,SA1,1845.76,,,
2026-06-19 21:55:00,TAS1,1182.07,,,
2026-06-19 21:55:00,VIC1,6054.72,,,
2026-06-19 22:00:00,NSW1,,8488.72,,0.0
2026-06-19 22:00:00,QLD1,,6709.84,,0.0
2026-06-19 22:00:00,SA1,,1889.98,,0.0
2026-06-19 22:00:00,TAS1,,1158.0,,0.0
2026-06-19 22:00:00,VIC1,,6147.64,,0.0
2026-06-19 22:30:00,NSW1,,8425.23,,0.0
2026-06-19 22:30:00,QLD1,,6539.63,,0.0
2026-06-19 22:30:00,SA1,,1806.44,,0.0
2026-06-19 22:30:00,TAS1,,1119.89,,0.0
2026-06-19 22:30:00,VIC1,,5897.76,,0.0
2026-06-19 23:00:00,NSW1,,8262.24,,0.0
2026-06-19 23:00:00,QLD1,,6340.47,,0.0
2026-06-19 23:00:00,SA1,,1712.11,,0.0
2026-06-19 23:00:00,TAS1,,1076.8,,0.0
2026-06-19 23:00:00,VIC1,,5691.77,,0.0
2026-06-19 23:30:00,NSW1,,8092.3,,0.0
2026-06-19 23:30:00,QLD1,,6161.3,,0.0
2026-06-19 23:30:00,SA1,,1634.52,,0.0
2026-06-19 23:30:00,TAS1,,1040.18,,0.0
2026-06-19 23:30:00,VIC1,,5626.08,,0.0
2026-06-20 00:00:00,NSW1,,7924.49,,0.0
2026-06-20 00:00:00,QLD1,,6016.87,,0.0
2026-06-20 00:00:00,SA1,,1618.07,,0.0
2026-06-20 00:00:00,TAS1,,1006.34,,0.0
2026-06-20 00:00:00,VIC1,,5497.22,,0.0
2026-06-20 00:30:00,NSW1,,7779.52,,0.0
2026-06-20 00:30:00,QLD1,,5866.01,,0.0
2026-06-20 00:30:00,SA1,,1618.64,,0.0
2026-06-20 00:30:00,TAS1,,978.34,,0.0
2026-06-20 00:30:00,VIC1,,5341.01,,0.0
2026-06-20 01:00:00,NSW1,,7614.25,,0.0
2026-06-20 01:00:00,QLD1,,5711.89,,0.0
2026-06-20 01:00:00,SA1,,1627.43,,0.0
2026-06-20 01:00:00,TAS1,,952.35,,0.0
2026-06-20 01:00:00,VIC1,,5142.23,,0.0
2026-06-20 01:30:00,NSW1,,7431.89,,0.0
2026-06-20 01:30:00,QLD1,,5599.06,,0.0
2026-06-20 01:30:00,SA1,,1604.2,,0.0
2026-06-20 01:30:00,TAS1,,938.81,,0.0
2026-06-20 01:30:00,VIC1,,4977.92,,0.0
2026-06-20 02:00:00,NSW1,,7190.9,,0.0
2026-06-20 02:00:00,QLD1,,5530.31,,0.0
2026-06-20 02:00:00,SA1,,1578.26,,0.0
2026-06-20 02:00:00,TAS1,,935.03,,0.0
2026-06-20 02:00:00,VIC1,,4777.8,,0.0
2026-06-20 02:30:00,NSW1,,7035.09,,0.0
2026-06-20 02:30:00,QLD1,,5486.96,,0.0
2026-06-20 02:30:00,SA1,,1543.34,,0.0
2026-06-20 02:30:00,TAS1,,933.03,,0.0
2026-06-20 02:30:00,VIC1,,4630.93,,0.0
2026-06-20 03:00:00,NSW1,,6903.36,0.0,0.0
2026-06-20 03:00:00,QLD1,,5460.98,0.0,0.0
2026-06-20 03:00:00,SA1,,1507.61,0.0,0.0
2026-06-20 03:00:00,TAS1,,932.02,0.0,0.0
2026-06-20 03:00:00,VIC1,,4509.28,0.0,0.0
2026-06-20 03:30:00,NSW1,,6795.43,0.0,0.0
2026-06-20 03:30:00,QLD1,,5452.01,0.0,0.0
2026-06-20 03:30:00,SA1,,1484.48,0.0,0.0
2026-06-20 03:30:00,TAS1,,933.94,0.0,0.0
2026-06-20 03:30:00,VIC1,,4448.75,0.0,0.0
2026-06-20 04:00:00,NSW1,,6637.29,,0.0
2026-06-20 04:00:00,QLD1,,5437.73,,0.0
2026-06-20 04:00:00,SA1,,1435.04,,0.0
2026-06-20 04:00:00,TAS1,,950.35,,0.0
2026-06-20 04:00:00,VIC1,,4483.46,,0.0
2026-06-20 04:15:00,NSW1,6615.43,,,
2026-06-20 04:15:00,QLD1,5450.74,,,
2026-06-20 04:15:00,SA1,1394.83,,,
2026-06-20 04:15:00,TAS1,961.28,,,
2026-06-20 04:15:00,VIC1,4400.66,,,
2026-06-20 04:20:00,NSW1,6706.35,,,
2026-06-20 04:20:00,QLD1,5405.51,,,
2026-06-20 04:20:00,SA1,1390.36,,,
2026-06-20 04:20:00,TAS1,970.62,,,
2026-06-20 04:20:00,VIC1,4452.95,,,
2026-06-20 04:30:00,NSW1,,6618.87,,0.0
2026-06-20 04:30:00,QLD1,,5502.9,,0.0
2026-06-20 04:30:00,SA1,,1410.31,,0.0
2026-06-20 04:30:00,TAS1,,969.47,,0.0
2026-06-20 04:30:00,VIC1,,4499.6,,0.0
2026-06-20 05:00:00,NSW1,,6636.22,,0.0
2026-06-20 05:00:00,QLD1,,5547.63,,0.0
2026-06-20 05:00:00,SA1,,1402.2,,0.0
2026-06-20 05:00:00,TAS1,,973.35,,0.0
2026-06-20 05:00:00,VIC1,,4500.14,,0.0
2026-06-20 05:30:00,NSW1,,6746.17,,0.0
2026-06-20 05:30:00,QLD1,,5610.6,,0.0
2026-06-20 05:30:00,SA1,,1403.94,,0.0
2026-06-20 05:30:00,TAS1,,981.66,,0.0
2026-06-20 05:30:00,VIC1,,4573.25,,0.0
2026-06-20 06:00:00,NSW1,,6889.21,,0.0
2026-06-20 06:00:00,QLD1,,5679.58,,0.0
2026-06-20 06:00:00,SA1,,1414.7,,0.0
2026-06-20 06:00:00,TAS1,,990.74,,0.0
2026-06-20 06:00:00,VIC1,,4675.89,,0.0
2026-06-20 06:30:00,NSW1,,7151.56,,0.0
2026-06-20 06:30:00,QLD1,,5792.53,,0.0
2026-06-20 06:30:00,SA1,,1435.22,,0.0
2026-06-20 06:30:00,TAS1,,1022.35,,0.0
2026-06-20 06:30:00,VIC1,,4865.21,,0.0
2026-06-20 07:00:00,NSW1,,7439.14,20.851,0.0
2026-06-20 07:00:00,QLD1,,5842.54,127.744,16.446
2026-06-20 07:00:00,SA1,,1470.61,0.0,0.0
2026-06-20 07:00:00,TAS1,,1058.35,0.0,0.0
2026-06-20 07:00:00,VIC1,,5089.27,0.0,0.0
2026-06-20 07:30:00,NSW1,,7736.72,208.502,46.451
2026-06-20 07:30:00,QLD1,,5817.6,489.799,299.485
2026-06-20 07:30:00,SA1,,1511.94,0.0,0.0
2026-06-20 07:30:00,TAS1,,1103.73,0.0,0.0
2026-06-20 07:30:00,VIC1,,5427.07,2.978,0.0
2026-06-20 08:00:00,NSW1,,7808.52,,407.06
2026-06-20 08:00:00,QLD1,,5925.31,,839.348
2026-06-20 08:00:00,SA1,,1533.43,,0.0
2026-06-20 08:00:00,TAS1,,1181.1,,2.01
2026-06-20 08:00:00,VIC1,,5775.86,,35.866
2026-06-20 08:10:00,NSW1,7866.74,,,
2026-06-20 08:10:00,QLD1,5711.73,,,
2026-06-20 08:10:00,SA1,1601.66,,,
2026-06-20 08:10:00,TAS1,1215.08,,,
2026-06-20 08:10:00,VIC1,5910.65,,,
2026-06-20 08:15:00,NSW1,7815.13,,,
2026-06-20 08:15:00,QLD1,5737.0,,,
2026-06-20 08:15:00,SA1,1601.27,,,
2026-06-20 08:15:00,TAS1,1215.02,,,
2026-06-20 08:15:00,VIC1,5927.14,,,
2026-06-20 08:30:00,NSW1,,7759.46,,881.967
2026-06-20 08:30:00,QLD1,,5697.34,,1364.177
2026-06-20 08:30:00,SA1,,1560.76,,25.452
2026-06-20 08:30:00,TAS1,,1222.0,,14.87
2026-06-20 08:30:00,VIC1,,5863.79,,101.755
2026-06-20 09:00:00,NSW1,,7606.37,,1390.874
2026-06-20 09:00:00,QLD1,,5416.05,,1964.998
2026-06-20 09:00:00,SA1,,1577.39,,110.081
2026-06-20 09:00:00,TAS1,,1239.02,,34.554
2026-06-20 09:00:00,VIC1,,5925.72,,246.296
2026-06-20 09:30:00,NSW1,,7508.05,,1845.747
2026-06-20 09:30:00,QLD1,,5067.56,,2479.074
2026-06-20 09:30:00,SA1,,1556.71,,231.102
2026-06-20 09:30:00,TAS1,,1237.0,,57.308
2026-06-20 09:30:00,VIC1,,5964.78,,409.106
2026-06-20 10:00:00,NSW1,,7276.7,,2204.395
2026-06-20 10:00:00,QLD1,,4735.76,,2877.058
2026-06-20 10:00:00,SA1,,1483.85,,355.909
2026-06-20 10:00:00,TAS1,,1218.0,,80.437
2026-06-20 10:00:00,VIC1,,5899.57,,563.157
2026-06-20 10:30:00,NSW1,,6963.77,,2470.745
2026-06-20 10:30:00,QLD1,,4552.31,,3136.764
2026-06-20 10:30:00,SA1,,1418.76,,483.278
2026-06-20 10:30:00,TAS1,,1193.0,,100.356
2026-06-20 10:30:00,VIC1,,5821.37,,688.728
2026-06-20 11:00:00,NSW1,,6669.75,,2630.831
2026-06-20 11:00:00,QLD1,,4421.45,,3370.268
2026-06-20 11:00:00,SA1,,1357.74,,587.52
2026-06-20 11:00:00,TAS1,,1159.0,,114.385
2026-06-20 11:00:00,VIC1,,5708.06,,773.43
2026-06-20 11:30:00,NSW1,,6463.19,,2751.729
2026-06-20 11:30:00,QLD1,,4343.66,,3475.299
2026-06-20 11:30:00,SA1,,1260.36,,683.908
2026-06-20 11:30:00,TAS1,,1131.0,,124.451
2026-06-20 11:30:00,VIC1,,5682.5,,840.929
2026-06-20 12:00:00,NSW1,,6376.02,,2813.185
2026-06-20 12:00:00,QLD1,,4278.4,,3526.055
2026-06-20 12:00:00,SA1,,1171.94,,769.734
2026-06-20 12:00:00,TAS1,,1109.0,,130.329
2026-06-20 12:00:00,VIC1,,5630.82,,887.897
2026-06-20 12:30:00,NSW1,,6346.1,,2811.972
2026-06-20 12:30:00,QLD1,,4212.04,,3508.682
2026-06-20 12:30:00,SA1,,1104.59,,840.715
2026-06-20 12:30:00,TAS1,,1092.0,,132.104
2026-06-20 12:30:00,VIC1,,5602.82,,919.826
2026-06-20 13:00:00,NSW1,,6306.47,,2725.69
2026-06-20 13:00:00,QLD1,,4139.99,,3439.179
2026-06-20 13:00:00,SA1,,1054.73,,885.683
2026-06-20 13:00:00,TAS1,,1079.0,,129.479
2026-06-20 13:00:00,VIC1,,5568.85,,933.525
2026-06-20 13:30:00,NSW1,,6380.97,,2531.965
2026-06-20 13:30:00,QLD1,,4183.08,,3248.461
2026-06-20 13:30:00,SA1,,1023.74,,892.931
2026-06-20 13:30:00,TAS1,,1069.0,,121.867
2026-06-20 13:30:00,VIC1,,5533.7,,916.562
2026-06-20 14:00:00,NSW1,,6530.76,,2288.361
2026-06-20 14:00:00,QLD1,,4295.74,,2978.362
2026-06-20 14:00:00,SA1,,1017.73,,890.163
2026-06-20 14:00:00,TAS1,,1078.0,,110.134
2026-06-20 14:00:00,VIC1,,5498.2,,873.331
2026-06-20 14:30:00,NSW1,,6681.68,,1965.418
2026-06-20 14:30:00,QLD1,,4531.12,,2615.027
2026-06-20 14:30:00,SA1,,1017.77,,855.451
2026-06-20 14:30:00,TAS1,,1094.0,,91.625
2026-06-20 14:30:00,VIC1,,5583.38,,786.915
2026-06-20 15:00:00,NSW1,,6947.37,,1575.384
2026-06-20 15:00:00,QLD1,,5004.62,,2165.625
2026-06-20 15:00:00,SA1,,1047.71,,777.617
2026-06-20 15:00:00,TAS1,,1121.0,,70.16
2026-06-20 15:00:00,VIC1,,5725.88,,655.625
2026-06-20 15:30:00,NSW1,,7291.22,,1147.007
2026-06-20 15:30:00,QLD1,,5474.73,,1648.412
2026-06-20 15:30:00,SA1,,1125.64,,660.579
2026-06-20 15:30:00,TAS1,,1152.0,,45.911
2026-06-20 15:30:00,VIC1,,5871.98,,494.835
2026-06-20 16:00:00,NSW1,,7728.64,,701.058
2026-06-20 16:00:00,QLD1,,5931.24,,1100.895
2026-06-20 16:00:00,SA1,,1207.32,,512.609
2026-06-20 16:00:00,TAS1,,1190.0,,24.181
2026-06-20 16:00:00,VIC1,,6068.94,,308.018
2026-06-20 16:30:00,NSW1,,8196.15,,249.908
2026-06-20 16:30:00,QLD1,,6401.99,,563.975
2026-06-20 16:30:00,SA1,,1315.29,,344.809
2026-06-20 16:30:00,TAS1,,1236.0,,6.869
2026-06-20 16:30:00,VIC1,,6316.59,,120.439
2026-06-20 17:00:00,NSW1,,8682.5,,0.0
2026-06-20 17:00:00,QLD1,,6802.48,,152.414
2026-06-20 17:00:00,SA1,,1495.36,,176.472
2026-06-20 17:00:00,TAS1,,1289.0,,0.0
2026-06-20 17:00:00,VIC1,,6602.27,,0.0
2026-06-20 17:30:00,NSW1,,9031.15,,0.0
2026-06-20 17:30:00,QLD1,,7109.37,,0.0
2026-06-20 17:30:00,SA1,,1688.54,,38.917
2026-06-20 17:30:00,TAS1,,1339.0,,0.0
2026-06-20 17:30:00,VIC1,,6859.04,,0.0
2026-06-20 18:00:00,NSW1,,9299.18,,0.0
2026-06-20 18:00:00,QLD1,,7333.91,,0.0
2026-06-20 18:00:00,SA1,,1861.16,,0.0
2026-06-20 18:00:00,TAS1,,1364.0,,0.0
2026-06-20 18:00:00,VIC1,,7076.5,,0.0
2026-06-20 18:30:00,NSW1,,9340.16,0.0,0.0
2026-06-20 18:30:00,QLD1,,7321.43,0.0,0.0
2026-06-20 18:30:00,SA1,,1981.55,0.0,0.0
2026-06-20 18:30:00,TAS1,,1363.92,0.0,0.0
2026-06-20 18:30:00,VIC1,,7026.08,0.0,0.0
2026-06-20 19:00:00,NSW1,,9279.48,0.0,0.0
2026-06-20 19:00:00,QLD1,,7191.68,0.0,0.0
2026-06-20 19:00:00,SA1,,2015.94,0.0,0.0
2026-06-20 19:00:00,TAS1,,1350.0,0.0,0.0
2026-06-20 19:00:00,VIC1,,6963.26,0.0,0.0
2026-06-20 19:30:00,NSW1,,8976.46,,0.0
2026-06-20 19:30:00,QLD1,,6830.18,,0.0
2026-06-20 19:30:00,SA1,,1927.98,,0.0
2026-06-20 19:30:00,TAS1,,1248.0,,0.0
2026-06-20 19:30:00,VIC1,,6692.36,,0.0
2026-06-20 19:50:00,NSW1,8831.31,,,
2026-06-20 19:50:00,QLD1,6738.02,,,
2026-06-20 19:50:00,SA1,1912.86,,,
2026-06-20 19:50:00,TAS1,1235.57,,,
2026-06-20 19:50:00,VIC1,6633.96,,,
2026-06-20 19:55:00,NSW1,8865.62,,,
2026-06-20 19:55:00,QLD1,6710.03,,,
2026-06-20 19:55:00,SA1,1913.29,,,
2026-06-20 19:55:00,TAS1,1229.8,,,
2026-06-20 19:55:00,VIC1,6634.15,,,
2026-06-20 20:00:00,NSW1,,8797.5,,0.0
2026-06-20 20:00:00,QLD1,,6748.22,,0.0
2026-06-20 20:00:00,SA1,,1927.83,,0.0
2026-06-20 20:00:00,TAS1,,1248.0,,0.0
2026-06-20 20:00:00,VIC1,,6670.21,,0.0
2026-06-20 20:30:00,NSW1,,8745.43,,0.0
2026-06-20 20:30:00,QLD1,,6647.18,,0.0
2026-06-20 20:30:00,SA1,,1910.81,,0.0
2026-06-20 20:30:00,TAS1,,1243.0,,0.0
2026-06-20 20:30:00,VIC1,,6573.82,,0.0
2026-06-20 21:00:00,NSW1,,8704.76,,0.0
2026-06-20 21:00:00,QLD1,,6590.63,,0.0
2026-06-20 21:00:00,SA1,,1897.91,,0.0
2026-06-20 21:00:00,TAS1,,1229.0,,0.0
2026-06-20 21:00:00,VIC1,,6454.02,,0.0
2026-06-20 21:30:00,NSW1,,8594.25,,0.0
2026-06-20 21:30:00,QLD1,,6515.3,,0.0
2026-06-20 21:30:00,SA1,,1868.88,,0.0
2026-06-20 21:30:00,TAS1,,1217.0,,0.0
2026-06-20 21:30:00,VIC1,,6315.57,,0.0
2026-06-20 22:00:00,NSW1,,8436.07,,0.0
2026-06-20 22:00:00,QLD1,,6353.42,,0.0
2026-06-20 22:00:00,SA1,,1819.86,,0.0
2026-06-20 22:00:00,TAS1,,1198.0,,0.0
2026-06-20 22:00:00,VIC1,,6139.17,,0.0
2026-06-20 22:30:00,NSW1,,8327.49,,0.0
2026-06-20 22:30:00,QLD1,,6238.86,,0.0
2026-06-20 22:30:00,SA1,,1758.33,,0.0
2026-06-20 22:30:00,TAS1,,1173.0,,0.0
2026-06-20 22:30:00,VIC1,,5929.21,,0.0
2026-06-20 23:00:00,NSW1,,8191.37,,0.0
2026-06-20 23:00:00,QLD1,,6107.69,,0.0
2026-06-20 23:00:00,SA1,,1690.17,,0.0
2026-06-20 23:00:00,TAS1,,1143.0,,0.0
2026-06-20 23:00:00,VIC1,,5753.9,,0.0
2026-06-20 23:30:00,NSW1,,8033.43,,0.0
2026-06-20 23:30:00,QLD1,,5970.72,,0.0
2026-06-20 23:30:00,SA1,,1626.44,,0.0
2026-06-20 23:30:00,TAS1,,1121.0,,0.0
2026-06-20 23:30:00,VIC1,,5702.83,,0.0
2026-06-21 00:00:00,NSW1,,7865.84,,0.0
2026-06-21 00:00:00,QLD1,,5862.77,,0.0
2026-06-21 00:00:00,SA1,,1620.68,,0.0
2026-06-21 00:00:00,TAS1,,1102.0,,0.0
2026-06-21 00:00:00,VIC1,,5606.57,,0.0
2026-06-21 00:30:00,NSW1,,7748.5,0.0,0.0
2026-06-21 00:30:00,QLD1,,5742.33,0.0,0.0
2026-06-21 00:30:00,SA1,,1644.26,0.0,0.0
2026-06-21 00:30:00,TAS1,,1087.0,0.0,0.0
2026-06-21 00:30:00,VIC1,,5477.68,0.0,0.0
2026-06-21 01:00:00,NSW1,,7618.22,0.0,0.0
2026-06-21 01:00:00,QLD1,,5621.71,0.0,0.0
2026-06-21 01:00:00,SA1,,1651.62,0.0,0.0
2026-06-21 01:00:00,TAS1,,1073.0,0.0,0.0
2026-06-21 01:00:00,VIC1,,5300.31,0.0,0.0
2026-06-21 01:30:00,NSW1,,7412.2,,0.0
2026-06-21 01:30:00,QLD1,,5542.67,,0.0
2026-06-21 01:30:00,SA1,,1587.1,,0.0
2026-06-21 01:30:00,TAS1,,1054.0,,0.0
2026-06-21 01:30:00,VIC1,,5093.94,,0.0
2026-06-21 01:50:00,NSW1,7118.96,,,
2026-06-21 01:50:00,QLD1,5380.01,,,
2026-06-21 01:50:00,SA1,1509.31,,,
2026-06-21 01:50:00,TAS1,1061.24,,,
2026-06-21 01:50:00,VIC1,4907.42,,,
2026-06-21 01:55:00,NSW1,7052.62,,,
2026-06-21 01:55:00,QLD1,5434.99,,,
2026-06-21 01:55:00,SA1,1513.33,,,
2026-06-21 01:55:00,TAS1,1064.43,,,
2026-06-21 01:55:00,VIC1,4873.54,,,
2026-06-21 02:00:00,NSW1,,7125.14,,0.0
2026-06-21 02:00:00,QLD1,,5451.76,,0.0
2026-06-21 02:00:00,SA1,,1532.53,,0.0
2026-06-21 02:00:00,TAS1,,1062.0,,0.0
2026-06-21 02:00:00,VIC1,,4918.69,,0.0
2026-06-21 02:30:00,NSW1,,6970.87,,0.0
2026-06-21 02:30:00,QLD1,,5414.78,,0.0
2026-06-21 02:30:00,SA1,,1486.79,,0.0
2026-06-21 02:30:00,TAS1,,1065.0,,0.0
2026-06-21 02:30:00,VIC1,,4784.36,,0.0
2026-06-21 03:00:00,NSW1,,6893.55,,0.0
2026-06-21 03:00:00,QLD1,,5389.06,,0.0
2026-06-21 03:00:00,SA1,,1453.27,,0.0
2026-06-21 03:00:00,TAS1,,1068.0,,0.0
2026-06-21 03:00:00,VIC1,,4680.03,,0.0
2026-06-21 03:30:00,NSW1,,6830.01,,0.0
2026-06-21 03:30:00,QLD1,,5379.75,,0.0
2026-06-21 03:30:00,SA1,,1430.4,,0.0
2026-06-21 03:30:00,TAS1,,1071.0,,0.0
2026-06-21 03:30:00,VIC1,,4618.74,,0.0
2026-06-21 04:00:00,NSW1,,6790.0,,0.0
2026-06-21 04:00:00,QLD1,,5373.71,,0.0
2026-06-21 04:00:00,SA1,,1412.8,,0.0
2026-06-21 04:00:00,TAS1,,1071.0,,0.0
2026-06-21 04:00:00,VIC1,,4582.55,,0.0
2026-06-21 04:30:00,NSW1,,6791.88,,0.0
2026-06-21 04:30:00,QLD1,,5402.42,,0.0
2026-06-21 04:30:00,SA1,,1402.44,,0.0
2026-06-21 04:30:00,TAS1,,1074.0,,0.0
2026-06-21 04:30:00,VIC1,,4559.93,,0.0
2026-06-21 05:00:00,NSW1,,6818.63,,0.0
2026-06-21 05:00:00,QLD1,,5435.68,,0.0
2026-06-21 05:00:00,SA1,,1395.39,,0.0
2026-06-21 05:00:00,TAS1,,1080.0,,0.0
2026-06-21 05:00:00,VIC1,,4584.43,,0.0
2026-06-21 05:30:00,NSW1,,6882.17,0.0,0.0
2026-06-21 05:30:00,QLD1,,5480.8,0.0,0.0
2026-06-21 05:30:00,SA1,,1392.49,0.0,0.0
2026-06-21 05:30:00,TAS1,,1091.0,0.0,0.0
2026-06-21 05:30:00,VIC1,,4635.04,0.0,0.0
2026-06-21 06:00:00,NSW1,,6954.83,0.0,0.0
2026-06-21 06:00:00,QLD1,,5520.05,0.0,0.0
2026-06-21 06:00:00,SA1,,1396.9,0.0,0.0
2026-06-21 06:00:00,TAS1,,1101.0,0.0,0.0
2026-06-21 06:00:00,VIC1,,4702.21,0.0,0.0
2026-06-21 06:30:00,NSW1,,6962.19,,0.0
2026-06-21 06:30:00,QLD1,,5566.86,,0.0
2026-06-21 06:30:00,SA1,,1402.35,,0.0
2026-06-21 06:30:00,TAS1,,1145.0,,0.0
2026-06-21 06:30:00,VIC1,,4845.33,,0.0
2026-06-21 06:45:00,NSW1,7336.1,,,
2026-06-21 06:45:00,QLD1,5679.66,,,
2026-06-21 06:45:00,SA1,1393.68,,,
2026-06-21 06:45:00,TAS1,1182.35,,,
2026-06-21 06:45:00,VIC1,4981.69,,,
2026-06-21 06:50:00,NSW1,7340.33,,,
2026-06-21 06:50:00,QLD1,5677.39,,,
2026-06-21 06:50:00,SA1,1410.29,,,
2026-06-21 06:50:00,TAS1,1187.11,,,
2026-06-21 06:50:00,VIC1,5086.75,,,
2026-06-21 07:00:00,NSW1,,7256.02,,0.0
2026-06-21 07:00:00,QLD1,,5674.06,,65.094
2026-06-21 07:00:00,SA1,,1394.49,,0.0
2026-06-21 07:00:00,TAS1,,1176.0,,0.0
2026-06-21 07:00:00,VIC1,,4965.92,,0.0
2026-06-21 07:30:00,NSW1,,7543.89,,120.723
2026-06-21 07:30:00,QLD1,,5670.81,,253.845
2026-06-21 07:30:00,SA1,,1437.18,,0.0
2026-06-21 07:30:00,TAS1,,1205.0,,0.0
2026-06-21 07:30:00,VIC1,,5136.05,,0.0
2026-06-21 08:00:00,NSW1,,7789.23,,475.147
2026-06-21 08:00:00,QLD1,,5540.37,,660.616
2026-06-21 08:00:00,SA1,,1519.91,,0.0
2026-06-21 08:00:00,TAS1,,1261.0,,0.629
2026-06-21 08:00:00,VIC1,,5328.68,,16.96
2026-06-21 08:30:00,NSW1,,7844.98,,1030.25
2026-06-21 08:30:00,QLD1,,5475.3,,1112.639
2026-06-21 08:30:00,SA1,,1580.1,,26.758
2026-06-21 08:30:00,TAS1,,1302.0,,12.352
2026-06-21 08:30:00,VIC1,,5554.54,,120.245
2026-06-21 09:00:00,NSW1,,7689.8,,1622.913
2026-06-21 09:00:00,QLD1,,5359.15,,1519.012
2026-06-21 09:00:00,SA1,,1571.22,,146.88
2026-06-21 09:00:00,TAS1,,1323.0,,31.976
2026-06-21 09:00:00,VIC1,,5665.28,,349.697
2026-06-21 09:30:00,NSW1,,7503.56,,2143.521
2026-06-21 09:30:00,QLD1,,5260.47,,1807.764
2026-06-21 09:30:00,SA1,,1481.28,,310.716
2026-06-21 09:30:00,TAS1,,1323.0,,54.769
2026-06-21 09:30:00,VIC1,,5666.8,,575.117
2026-06-21 10:00:00,NSW1,,7245.36,,2563.1
2026-06-21 10:00:00,QLD1,,5154.05,,2013.692
2026-06-21 10:00:00,SA1,,1348.78,,497.318
2026-06-21 10:00:00,TAS1,,1299.0,,80.238
2026-06-21 10:00:00,VIC1,,5595.25,,812.573
2026-06-21 10:30:00,NSW1,,6867.09,,2867.024
2026-06-21 10:30:00,QLD1,,5173.29,,2122.052
2026-06-21 10:30:00,SA1,,1231.23,,686.613
2026-06-21 10:30:00,TAS1,,1268.0,,101.304
2026-06-21 10:30:00,VIC1,,5458.3,,1019.323
2026-06-21 11:00:00,NSW1,,6501.17,,3076.276
2026-06-21 11:00:00,QLD1,,5252.81,,2174.248
2026-06-21 11:00:00,SA1,,1119.38,,842.786
2026-06-21 11:00:00,TAS1,,1225.0,,116.968
2026-06-21 11:00:00,VIC1,,5278.58,,1172.584
2026-06-21 11:30:00,NSW1,,6255.62,,3207.467
2026-06-21 11:30:00,QLD1,,5385.15,,2181.901
2026-06-21 11:30:00,SA1,,980.35,,967.616
2026-06-21 11:30:00,TAS1,,1188.0,,127.117
2026-06-21 11:30:00,VIC1,,5221.74,,1275.452
2026-06-21 12:00:00,NSW1,,6144.04,,3254.714
2026-06-21 12:00:00,QLD1,,5465.32,,2161.012
2026-06-21 12:00:00,SA1,,867.13,,1056.57
2026-06-21 12:00:00,TAS1,,1158.0,,132.982
2026-06-21 12:00:00,VIC1,,5133.33,,1327.03
2026-06-21 12:30:00,NSW1,,6131.18,,3239.786
2026-06-21 12:30:00,QLD1,,5492.46,,2117.928
2026-06-21 12:30:00,SA1,,780.21,,1110.893
2026-06-21 12:30:00,TAS1,,1135.0,,136.355
2026-06-21 12:30:00,VIC1,,5044.1,,1362.285
2026-06-21 13:00:00,NSW1,,6128.84,,3133.24
2026-06-21 13:00:00,QLD1,,5471.13,,2052.661
2026-06-21 13:00:00,SA1,,727.88,,1126.808
2026-06-21 13:00:00,TAS1,,1121.0,,134.939
2026-06-21 13:00:00,VIC1,,4963.52,,1365.031
2026-06-21 13:30:00,NSW1,,6200.85,,2927.86
2026-06-21 13:30:00,QLD1,,5516.63,,1936.444
2026-06-21 13:30:00,SA1,,691.54,,1099.406
2026-06-21 13:30:00,TAS1,,1109.0,,128.823
2026-06-21 13:30:00,VIC1,,4904.03,,1339.802
2026-06-21 14:00:00,NSW1,,6365.56,,2643.54
2026-06-21 14:00:00,QLD1,,5595.37,,1770.554
2026-06-21 14:00:00,SA1,,699.18,,1052.428
2026-06-21 14:00:00,TAS1,,1113.0,,117.22
2026-06-21 14:00:00,VIC1,,4859.41,,1267.196
2026-06-21 14:30:00,NSW1,,6602.87,,2270.717
2026-06-21 14:30:00,QLD1,,5730.47,,1558.55
2026-06-21 14:30:00,SA1,,745.39,,971.414
2026-06-21 14:30:00,TAS1,,1125.0,,98.031
2026-06-21 14:30:00,VIC1,,5003.55,,1132.505
2026-06-21 15:00:00,NSW1,,6955.15,,1829.786
2026-06-21 15:00:00,QLD1,,5877.62,,1301.456
2026-06-21 15:00:00,SA1,,815.87,,861.339
2026-06-21 15:00:00,TAS1,,1149.0,,74.431
2026-06-21 15:00:00,VIC1,,5229.77,,940.701
2026-06-21 15:30:00,NSW1,,7380.38,,1338.408
2026-06-21 15:30:00,QLD1,,6113.45,,1003.537
2026-06-21 15:30:00,SA1,,945.42,,724.921
2026-06-21 15:30:00,TAS1,,1180.0,,48.386
2026-06-21 15:30:00,VIC1,,5454.44,,714.317
2026-06-21 16:00:00,NSW1,,7921.19,,826.117
2026-06-21 16:00:00,QLD1,,6407.83,,675.411
2026-06-21 16:00:00,SA1,,1078.97,,556.116
2026-06-21 16:00:00,TAS1,,1217.0,,25.33
2026-06-21 16:00:00,VIC1,,5742.66,,459.876
2026-06-21 16:30:00,NSW1,,8512.04,,321.188
2026-06-21 16:30:00,QLD1,,6748.79,,348.732
2026-06-21 16:30:00,SA1,,1235.79,,367.826
2026-06-21 16:30:00,TAS1,,1269.0,,7.034
2026-06-21 16:30:00,VIC1,,6092.18,,200.604
2026-06-21 17:00:00,NSW1,,9133.04,,0.0
2026-06-21 17:00:00,QLD1,,7071.16,,108.307
2026-06-21 17:00:00,SA1,,1463.12,,186.351
2026-06-21 17:00:00,TAS1,,1330.0,,0.0
2026-06-21 17:00:00,VIC1,,6468.5,,17.102
2026-06-21 17:30:00,NSW1,,9639.38,,0.0
2026-06-21 17:30:00,QLD1,,7380.3,,0.0
2026-06-21 17:30:00,SA1,,1695.06,,42.146
2026-06-21 17:30:00,TAS1,,1390.6,,0.0
2026-06-21 17:30:00,VIC1,,6832.35,,0.0
2026-06-21 18:00:00,NSW1,,9993.64,,0.0
2026-06-21 18:00:00,QLD1,,7600.72,,0.0
2026-06-21 18:00:00,SA1,,1886.15,,0.0
2026-06-21 18:00:00,TAS1,,1424.03,,0.0
2026-06-21 18:00:00,VIC1,,7109.9,,0.0
2026-06-21 18:30:00,NSW1,,10066.34,,0.0
2026-06-21 18:30:00,QLD1,,7578.45,,0.0
2026-06-21 18:30:00,SA1,,2020.92,,0.0
2026-06-21 18:30:00,TAS1,,1428.71,,0.0
2026-06-21 18:30:00,VIC1,,7160.48,,0.0
2026-06-21 19:00:00,NSW1,,9989.61,,0.0
2026-06-21 19:00:00,QLD1,,7442.5,,0.0
2026-06-21 19:00:00,SA1,,2053.35,,0.0
2026-06-21 19:00:00,TAS1,,1414.88,,0.0
2026-06-21 19:00:00,VIC1,,7104.58,,0.0
2026-06-21 19:30:00,NSW1,,9835.39,0.0,0.0
2026-06-21 19:30:00,QLD1,,7263.46,0.0,0.0
2026-06-21 19:30:00,SA1,,2047.42,0.0,0.0
2026-06-21 19:30:00,TAS1,,1399.41,0.0,0.0
2026-06-21 19:30:00,VIC1,,7010.83,0.0,0.0
2026-06-21 20:00:00,NSW1,,9675.18,0.0,0.0
2026-06-21 20:00:00,QLD1,,7105.03,0.0,0.0
2026-06-21 20:00:00,SA1,,2023.87,0.0,0.0
2026-06-21 20:00:00,TAS1,,1381.78,0.0,0.0
2026-06-21 20:00:00,VIC1,,6923.4,0.0,0.0
2026-06-21 20:30:00,NSW1,,9362.89,,0.0
2026-06-21 20:30:00,QLD1,,6772.05,,0.0
2026-06-21 20:30:00,SA1,,1948.67,,0.0
2026-06-21 20:30:00,TAS1,,1378.16,,0.0
2026-06-21 20:30:00,VIC1,,6848.74,,0.0
2026-06-21 20:40:00,NSW1,9314.79,,,
2026-06-21 20:40:00,QLD1,6791.75,,,
2026-06-21 20:40:00,SA1,1967.84,,,
2026-06-21 20:40:00,TAS1,1381.6,,,
2026-06-21 20:40:00,VIC1,6876.11,,,
2026-06-21 20:45:00,NSW1,9246.93,,,
2026-06-21 20:45:00,QLD1,6879.05,,,
2026-06-21 20:45:00,SA1,1996.48,,,
2026-06-21 20:45:00,TAS1,1378.81,,,
2026-06-21 20:45:00,VIC1,6828.94,,,
2026-06-21 21:00:00,NSW1,,9168.99,,0.0
2026-06-21 21:00:00,QLD1,,6641.79,,0.0
2026-06-21 21:00:00,SA1,,1972.28,,0.0
2026-06-21 21:00:00,TAS1,,1352.18,,0.0
2026-06-21 21:00:00,VIC1,,6710.07,,0.0
2026-06-21 21:30:00,NSW1,,8960.96,,0.0
2026-06-21 21:30:00,QLD1,,6558.99,,0.0
2026-06-21 21:30:00,SA1,,1925.79,,0.0
2026-06-21 21:30:00,TAS1,,1333.59,,0.0
2026-06-21 21:30:00,VIC1,,6533.95,,0.0
2026-06-21 22:00:00,NSW1,,8694.76,,0.0
2026-06-21 22:00:00,QLD1,,6427.4,,0.0
2026-06-21 22:00:00,SA1,,1868.82,,0.0
2026-06-21 22:00:00,TAS1,,1305.5,,0.0
2026-06-21 22:00:00,VIC1,,6353.21,,0.0
2026-06-21 22:30:00,NSW1,,8473.68,,0.0
2026-06-21 22:30:00,QLD1,,6282.92,,0.0
2026-06-21 22:30:00,SA1,,1790.43,,0.0
2026-06-21 22:30:00,TAS1,,1269.0,,0.0
2026-06-21 22:30:00,VIC1,,6103.57,,0.0
2026-06-21 23:00:00,NSW1,,8265.61,,0.0
2026-06-21 23:00:00,QLD1,,6113.78,,0.0
2026-06-21 23:00:00,SA1,,1704.43,,0.0
2026-06-21 23:00:00,TAS1,,1230.0,,0.0
2026-06-21 23:00:00,VIC1,,5897.87,,0.0
2026-06-21 23:30:00,NSW1,,8066.11,,0.0
2026-06-21 23:30:00,QLD1,,5951.49,,0.0
2026-06-21 23:30:00,SA1,,1626.64,,0.0
2026-06-21 23:30:00,TAS1,,1201.0,,0.0
2026-06-21 23:30:00,VIC1,,5821.38,,0.0
2026-06-22 00:00:00,NSW1,,7867.87,,0.0
2026-06-22 00:00:00,QLD1,,5824.36,,0.0
2026-06-22 00:00:00,SA1,,1616.86,,0.0
2026-06-22 00:00:00,TAS1,,1180.0,,0.0
2026-06-22 00:00:00,VIC1,,5732.89,,0.0
2026-06-22 00:30:00,NSW1,,7740.94,,0.0
2026-06-22 00:30:00,QLD1,,5701.21,,0.0
2026-06-22 00:30:00,SA1,,1618.81,,0.0
2026-06-22 00:30:00,TAS1,,1162.03,,0.0
2026-06-22 00:30:00,VIC1,,5586.35,,0.0
2026-06-22 01:00:00,NSW1,,7613.3,0.0,0.0
2026-06-22 01:00:00,QLD1,,5577.07,0.0,0.0
2026-06-22 01:00:00,SA1,,1629.49,0.0,0.0
2026-06-22 01:00:00,TAS1,,1149.0,0.0,0.0
2026-06-22 01:00:00,VIC1,,5423.51,0.0,0.0
2026-06-22 01:30:00,NSW1,,7468.79,0.0,0.0
2026-06-22 01:30:00,QLD1,,5491.55,0.0,0.0
2026-06-22 01:30:00,SA1,,1604.16,0.0,0.0
2026-06-22 01:30:00,TAS1,,1135.35,0.0,0.0
2026-06-22 01:30:00,VIC1,,5268.32,0.0,0.0
2026-06-22 02:00:00,NSW1,,7323.77,,0.0
2026-06-22 02:00:00,QLD1,,5510.87,,0.0
2026-06-22 02:00:00,SA1,,1554.46,,0.0
2026-06-22 02:00:00,TAS1,,1123.0,,0.0
2026-06-22 02:00:00,VIC1,,5203.36,,0.0
2026-06-22 02:20:00,NSW1,7028.45,,,
2026-06-22 02:20:00,QLD1,5421.6,,,
2026-06-22 02:20:00,SA1,1489.23,,,
2026-06-22 02:20:00,TAS1,1123.25,,,
2026-06-22 02:20:00,VIC1,5087.92,,,
2026-06-22 02:25:00,NSW1,7071.63,,,
2026-06-22 02:25:00,QLD1,5376.68,,,
2026-06-22 02:25:00,SA1,1526.49,,,
2026-06-22 02:25:00,TAS1,1121.61,,,
2026-06-22 02:25:00,VIC1,4975.26,,,
2026-06-22 02:30:00,NSW1,,7114.99,,0.0
2026-06-22 02:30:00,QLD1,,5460.66,,0.0
2026-06-22 02:30:00,SA1,,1580.72,,0.0
2026-06-22 02:30:00,TAS1,,1129.0,,0.0
2026-06-22 02:30:00,VIC1,,5061.15,,0.0
2026-06-22 03:00:00,NSW1,,7029.76,,0.0
2026-06-22 03:00:00,QLD1,,5444.62,,0.0
2026-06-22 03:00:00,SA1,,1533.85,,0.0
2026-06-22 03:00:00,TAS1,,1132.3,,0.0
2026-06-22 03:00:00,VIC1,,4986.26,,0.0
2026-06-22 03:30:00,NSW1,,7024.23,,0.0
2026-06-22 03:30:00,QLD1,,5458.29,,0.0
2026-06-22 03:30:00,SA1,,1493.4,,0.0
2026-06-22 03:30:00,TAS1,,1139.38,,0.0
2026-06-22 03:30:00,VIC1,,4956.82,,0.0
2026-06-22 04:00:00,NSW1,,7015.93,,0.0
2026-06-22 04:00:00,QLD1,,5484.79,,0.0
2026-06-22 04:00:00,SA1,,1467.31,,0.0
2026-06-22 04:00:00,TAS1,,1145.49,,0.0
2026-06-22 04:00:00,VIC1,,4940.78,,0.0
2026-06-22 04:30:00,NSW1,,7099.59,,0.0
2026-06-22 04:30:00,QLD1,,5575.94,,0.0
2026-06-22 04:30:00,SA1,,1464.27,,0.0
2026-06-22 04:30:00,TAS1,,1159.97,,0.0
2026-06-22 04:30:00,VIC1,,4983.8,,0.0
2026-06-22 05:00:00,NSW1,,7218.85,,0.0
2026-06-22 05:00:00,QLD1,,5701.86,,0.0
2026-06-22 05:00:00,SA1,,1467.01,,0.0
2026-06-22 05:00:00,TAS1,,1177.87,,0.0
2026-06-22 05:00:00,VIC1,,5076.17,,0.0
2026-06-22 05:30:00,NSW1,,7514.18,0.0,0.0
2026-06-22 05:30:00,QLD1,,5909.33,0.0,0.0
2026-06-22 05:30:00,SA1,,1482.15,0.0,0.0
2026-06-22 05:30:00,TAS1,,1214.95,0.0,0.0
2026-06-22 05:30:00,VIC1,,5310.94,0.0,0.0
2026-06-22 06:00:00,NSW1,,7920.16,0.0,0.0
2026-06-22 06:00:00,QLD1,,6144.28,0.0,0.0
2026-06-22 06:00:00,SA1,,1523.08,0.0,0.0
2026-06-22 06:00:00,TAS1,,1261.02,0.0,0.0
2026-06-22 06:00:00,VIC1,,5605.71,0.0,0.0
2026-06-22 06:30:00,NSW1,,8458.88,,0.0
2026-06-22 06:30:00,QLD1,,6403.46,,0.0
2026-06-22 06:30:00,SA1,,1632.69,,0.0
2026-06-22 06:30:00,TAS1,,1309.35,,0.0
2026-06-22 06:30:00,VIC1,,6129.05,,0.0
2026-06-22 06:55:00,NSW1,9470.48,,,
2026-06-22 06:55:00,QLD1,6760.46,,,
2026-06-22 06:55:00,SA1,1788.18,,,
2026-06-22 06:55:00,TAS1,1446.12,,,
2026-06-22 06:55:00,VIC1,6902.87,,,
2026-06-22 07:00:00,NSW1,9482.93,9050.79,,0.0
2026-06-22 07:00:00,QLD1,6787.0,6662.18,,83.342
2026-06-22 07:00:00,SA1,1828.97,1618.72,,0.0
2026-06-22 07:00:00,TAS1,1453.38,1392.84,,0.0
2026-06-22 07:00:00,VIC1,7032.51,6752.44,,0.0
2026-06-22 07:30:00,NSW1,,9553.61,,113.375
2026-06-22 07:30:00,QLD1,,6797.9,,232.103
2026-06-22 07:30:00,SA1,,1782.51,,0.0
2026-06-22 07:30:00,TAS1,,1461.95,,0.0
2026-06-22 07:30:00,VIC1,,7228.34,,0.0
2026-06-22 08:00:00,NSW1,,9670.16,,450.919
2026-06-22 08:00:00,QLD1,,6685.6,,607.891
2026-06-22 08:00:00,SA1,,2031.73,,0.0
2026-06-22 08:00:00,TAS1,,1520.87,,0.515
2026-06-22 08:00:00,VIC1,,7527.82,,19.747
2026-06-22 08:30:00,NSW1,,9569.82,,1008.064
2026-06-22 08:30:00,QLD1,,6529.72,,1067.448
2026-06-22 08:30:00,SA1,,2154.55,,22.988
2026-06-22 08:30:00,TAS1,,1534.97,,11.277
2026-06-22 08:30:00,VIC1,,7637.99,,150.268
2026-06-22 09:00:00,NSW1,,9204.08,,1616.208
2026-06-22 09:00:00,QLD1,,6250.81,,1517.774
2026-06-22 09:00:00,SA1,,2124.91,,130.816
2026-06-22 09:00:00,TAS1,,1509.08,,29.401
2026-06-22 09:00:00,VIC1,,7489.47,,432.843
2026-06-22 09:30:00,NSW1,,8853.07,,2183.614
2026-06-22 09:30:00,QLD1,,5965.86,,1917.407
2026-06-22 09:30:00,SA1,,2010.32,,270.932
2026-06-22 09:30:00,TAS1,,1470.85,,50.644
2026-06-22 09:30:00,VIC1,,7310.71,,717.308
2026-06-22 10:00:00,NSW1,,8470.5,,2645.133
2026-06-22 10:00:00,QLD1,,5694.38,,2237.059
2026-06-22 10:00:00,SA1,,1865.57,,422.916
2026-06-22 10:00:00,TAS1,,1422.29,,74.557
2026-06-22 10:00:00,VIC1,,7052.4,,1024.665
2026-06-22 10:30:00,NSW1,,8029.67,,2988.339
2026-06-22 10:30:00,QLD1,,5535.25,,2493.389
2026-06-22 10:30:00,SA1,,1732.0,,576.803
2026-06-22 10:30:00,TAS1,,1373.08,,95.002
2026-06-22 10:30:00,VIC1,,6739.36,,1308.582
2026-06-22 11:00:00,NSW1,,7621.46,,3221.128
2026-06-22 11:00:00,QLD1,,5381.05,,2701.459
2026-06-22 11:00:00,SA1,,1625.56,,702.748
2026-06-22 11:00:00,TAS1,,1321.45,,110.002
2026-06-22 11:00:00,VIC1,,6390.43,,1537.758
2026-06-22 11:30:00,NSW1,,7360.2,,3359.779
2026-06-22 11:30:00,QLD1,,5339.78,,2869.428
2026-06-22 11:30:00,SA1,,1523.23,,800.536
2026-06-22 11:30:00,TAS1,,1277.62,,119.332
2026-06-22 11:30:00,VIC1,,6177.6,,1701.603
2026-06-22 12:00:00,NSW1,,7195.24,,3407.504
2026-06-22 12:00:00,QLD1,,5238.96,,2995.074
2026-06-22 12:00:00,SA1,,1445.95,,853.143
2026-06-22 12:00:00,TAS1,,1240.12,,123.545
2026-06-22 12:00:00,VIC1,,6023.44,,1799.058
2026-06-22 12:30:00,NSW1,,7150.7,,3396.89
2026-06-22 12:30:00,QLD1,,5130.06,,3073.967
2026-06-22 12:30:00,SA1,,1401.38,,867.42
2026-06-22 12:30:00,TAS1,,1215.08,,124.717
2026-06-22 12:30:00,VIC1,,5857.95,,1864.174
2026-06-22 13:00:00,NSW1,,7126.51,,3292.365
2026-06-22 13:00:00,QLD1,,5076.25,,3110.27
2026-06-22 13:00:00,SA1,,1373.55,,849.529
2026-06-22 13:00:00,TAS1,,1195.62,,121.615
2026-06-22 13:00:00,VIC1,,5786.27,,1880.979
2026-06-22 13:30:00,NSW1,,7154.85,,3066.241
2026-06-22 13:30:00,QLD1,,5125.36,,3030.791
2026-06-22 13:30:00,SA1,,1343.26,,806.05
2026-06-22 13:30:00,TAS1,,1181.86,,114.863
2026-06-22 13:30:00,VIC1,,5751.55,,1842.522
2026-06-22 14:00:00,NSW1,,7222.72,,2762.515
2026-06-22 14:00:00,QLD1,,5252.25,,2856.034
2026-06-22 14:00:00,SA1,,1337.93,,754.002
2026-06-22 14:00:00,TAS1,,1189.66,,103.382
2026-06-22 14:00:00,VIC1,,5740.11,,1741.067
2026-06-22 14:30:00,NSW1,,7435.18,,2366.723
2026-06-22 14:30:00,QLD1,,5434.31,,2569.935
2026-06-22 14:30:00,SA1,,1365.09,,681.049
2026-06-22 14:30:00,TAS1,,1202.02,,85.788
2026-06-22 14:30:00,VIC1,,5758.53,,1553.492
2026-06-22 15:00:00,NSW1,,7737.11,,1894.392
2026-06-22 15:00:00,QLD1,,5606.0,,2171.91
2026-06-22 15:00:00,SA1,,1399.73,,598.704
2026-06-22 15:00:00,TAS1,,1217.0,,65.782
2026-06-22 15:00:00,VIC1,,5906.18,,1287.188
2026-06-22 15:30:00,NSW1,,8113.32,,1379.524
2026-06-22 15:30:00,QLD1,,5956.68,,1669.069
2026-06-22 15:30:00,SA1,,1462.3,,505.96
2026-06-22 15:30:00,TAS1,,1233.02,,43.406
2026-06-22 15:30:00,VIC1,,6104.43,,971.292
2026-06-22 16:00:00,NSW1,,8645.52,,848.122
2026-06-22 16:00:00,QLD1,,6386.03,,1109.548
2026-06-22 16:00:00,SA1,,1552.16,,389.206
2026-06-22 16:00:00,TAS1,,1261.83,,22.796
2026-06-22 16:00:00,VIC1,,6433.7,,623.342
2026-06-22 16:30:00,NSW1,,9263.72,,321.505
2026-06-22 16:30:00,QLD1,,6870.75,,527.8
2026-06-22 16:30:00,SA1,,1666.06,,258.995
2026-06-22 16:30:00,TAS1,,1300.04,,5.909
2026-06-22 16:30:00,VIC1,,6797.92,,287.336
2026-06-22 17:00:00,NSW1,,9911.37,,0.0
2026-06-22 17:00:00,QLD1,,7325.7,,144.022
2026-06-22 17:00:00,SA1,,1837.06,,129.364
2026-06-22 17:00:00,TAS1,,1353.52,,0.0
2026-06-22 17:00:00,VIC1,,7223.58,,43.909
2026-06-22 17:30:00,NSW1,,10545.55,,0.0
2026-06-22 17:30:00,QLD1,,7692.25,,0.0
2026-06-22 17:30:00,SA1,,2020.53,,25.393
2026-06-22 17:30:00,TAS1,,1408.26,,0.0
2026-06-22 17:30:00,VIC1,,7632.14,,0.0
2026-06-22 18:00:00,NSW1,,10998.55,,0.0
2026-06-22 18:00:00,QLD1,,7984.45,,0.0
2026-06-22 18:00:00,SA1,,2190.96,,0.0
2026-06-22 18:00:00,TAS1,,1439.27,,0.0
2026-06-22 18:00:00,VIC1,,7973.75,,0.0
2026-06-22 18:30:00,NSW1,,11049.17,,0.0
2026-06-22 18:30:00,QLD1,,7983.49,,0.0
2026-06-22 18:30:00,SA1,,2308.98,,0.0
2026-06-22 18:30:00,TAS1,,1440.92,,0.0
2026-06-22 18:30:00,VIC1,,8030.98,,0.0
2026-06-22 19:00:00,NSW1,,10957.77,,0.0
2026-06-22 19:00:00,QLD1,,7882.12,,0.0
2026-06-22 19:00:00,SA1,,2320.5,,0.0
2026-06-22 19:00:00,TAS1,,1428.87,,0.0
2026-06-22 19:00:00,VIC1,,7953.13,,0.0
2026-06-22 19:30:00,NSW1,,10763.4,,0.0
2026-06-22 19:30:00,QLD1,,7700.44,,0.0
2026-06-22 19:30:00,SA1,,2289.51,,0.0
2026-06-22 19:30:00,TAS1,,1409.57,,0.0
2026-06-22 19:30:00,VIC1,,7797.18,,0.0
2026-06-22 20:00:00,NSW1,,10576.42,,0.0
2026-06-22 20:00:00,QLD1,,7531.79,,0.0
2026-06-22 20:00:00,SA1,,2250.61,,0.0
2026-06-22 20:00:00,TAS1,,1391.62,,0.0
2026-06-22 20:00:00,VIC1,,7722.39,,0.0
2026-06-22 20:30:00,NSW1,,10428.23,,0.0
2026-06-22 20:30:00,QLD1,,7366.19,,0.0
2026-06-22 20:30:00,SA1,,2223.0,,0.0
2026-06-22 20:30:00,TAS1,,1373.69,,0.0
2026-06-22 20:30:00,VIC1,,7550.34,,0.0
2026-06-22 21:00:00,NSW1,,10200.67,,0.0
2026-06-22 21:00:00,QLD1,,7301.83,,0.0
2026-06-22 21:00:00,SA1,,2171.05,,0.0
2026-06-22 21:00:00,TAS1,,1343.52,,0.0
2026-06-22 21:00:00,VIC1,,7344.62,,0.0
2026-06-22 21:30:00,NSW1,,9879.28,,0.0
2026-06-22 21:30:00,QLD1,,7180.24,,0.0
2026-06-22 21:30:00,SA1,,2097.94,,0.0
2026-06-22 21:30:00,TAS1,,1313.98,,0.0
2026-06-22 21:30:00,VIC1,,7095.87,,0.0
2026-06-22 22:00:00,NSW1,,9505.16,,0.0
2026-06-22 22:00:00,QLD1,,6964.32,,0.0
2026-06-22 22:00:00,SA1,,2004.6,,0.0
2026-06-22 22:00:00,TAS1,,1274.14,,0.0
2026-06-22 22:00:00,VIC1,,6799.55,,0.0
2026-06-22 22:30:00,NSW1,,9240.01,,0.0
2026-06-22 22:30:00,QLD1,,6714.38,,0.0
2026-06-22 22:30:00,SA1,,1897.79,,0.0
2026-06-22 22:30:00,TAS1,,1228.79,,0.0
2026-06-22 22:30:00,VIC1,,6481.36,,0.0
2026-06-22 23:00:00,NSW1,,8971.65,,0.0
2026-06-22 23:00:00,QLD1,,6482.46,,0.0
2026-06-22 23:00:00,SA1,,1782.06,,0.0
2026-06-22 23:00:00,TAS1,,1179.2,,0.0
2026-06-22 23:00:00,VIC1,,6174.5,,0.0
2026-06-22 23:30:00,NSW1,,8708.84,,0.0
2026-06-22 23:30:00,QLD1,,6289.69,,0.0
2026-06-22 23:30:00,SA1,,1686.0,,0.0
2026-06-22 23:30:00,TAS1,,1147.54,,0.0
2026-06-22 23:30:00,VIC1,,6054.29,,0.0
2026-06-23 00:00:00,NSW1,,8514.84,,0.0
2026-06-23 00:00:00,QLD1,,6148.95,,0.0
2026-06-23 00:00:00,SA1,,1652.31,,0.0
2026-06-23 00:00:00,TAS1,,1121.35,,0.0
2026-06-23 00:00:00,VIC1,,5875.39,,0.0
2026-06-23 00:30:00,NSW1,,8398.89,0.0,0.0
2026-06-23 00:30:00,QLD1,,5980.55,0.0,0.0
2026-06-23 00:30:00,SA1,,1634.35,0.0,0.0
2026-06-23 00:30:00,TAS1,,1100.35,0.0,0.0
2026-06-23 00:30:00,VIC1,,5698.6,0.0,0.0
2026-06-23 01:00:00,NSW1,,8227.19,0.0,0.0
2026-06-23 01:00:00,QLD1,,5826.98,0.0,0.0
2026-06-23 01:00:00,SA1,,1636.6,0.0,0.0
2026-06-23 01:00:00,TAS1,,1080.42,0.0,0.0
2026-06-23 01:00:00,VIC1,,5508.02,0.0,0.0
2026-06-23 01:30:00,NSW1,,7949.74,,0.0
2026-06-23 01:30:00,QLD1,,5646.18,,0.0
2026-06-23 01:30:00,SA1,,1679.64,,0.0
2026-06-23 01:30:00,TAS1,,1030.0,,0.0
2026-06-23 01:30:00,VIC1,,5526.26,,0.0
2026-06-23 01:55:00,NSW1,7621.77,,,
2026-06-23 01:55:00,QLD1,5570.81,,,
2026-06-23 01:55:00,SA1,1628.93,,,
2026-06-23 01:55:00,TAS1,1032.61,,,
2026-06-23 01:55:00,VIC1,5243.58,,,
2026-06-23 02:00:00,NSW1,7582.37,7704.54,,0.0
2026-06-23 02:00:00,QLD1,5563.55,5594.27,,0.0
2026-06-23 02:00:00,SA1,1616.0,1665.93,,0.0
2026-06-23 02:00:00,TAS1,1041.34,1030.0,,0.0
2026-06-23 02:00:00,VIC1,5284.81,5311.0,,0.0
2026-06-23 02:30:00,NSW1,,7550.66,,0.0
2026-06-23 02:30:00,QLD1,,5560.81,,0.0
2026-06-23 02:30:00,SA1,,1618.25,,0.0
2026-06-23 02:30:00,TAS1,,1035.01,,0.0
2026-06-23 02:30:00,VIC1,,5191.15,,0.0
2026-06-23 03:00:00,NSW1,,7461.9,,0.0
2026-06-23 03:00:00,QLD1,,5544.87,,0.0
2026-06-23 03:00:00,SA1,,1571.28,,0.0
2026-06-23 03:00:00,TAS1,,1041.03,,0.0
2026-06-23 03:00:00,VIC1,,5116.48,,0.0
2026-06-23 03:30:00,NSW1,,7411.12,,0.0
2026-06-23 03:30:00,QLD1,,5557.86,,0.0
2026-06-23 03:30:00,SA1,,1539.9,,0.0
2026-06-23 03:30:00,TAS1,,1045.89,,0.0
2026-06-23 03:30:00,VIC1,,5081.06,,0.0
2026-06-23 04:00:00,NSW1,,7387.95,,0.0
2026-06-23 04:00:00,QLD1,,5594.85,,0.0
2026-06-23 04:00:00,SA1,,1515.91,,0.0
2026-06-23 04:00:00,TAS1,,1050.0,,0.0
2026-06-23 04:00:00,VIC1,,5055.61,,0.0
2026-06-23 04:30:00,NSW1,,7462.09,,0.0
2026-06-23 04:30:00,QLD1,,5696.69,,0.0
2026-06-23 04:30:00,SA1,,1505.23,,0.0
2026-06-23 04:30:00,TAS1,,1057.0,,0.0
2026-06-23 04:30:00,VIC1,,5095.02,,0.0
2026-06-23 05:00:00,NSW1,,7580.02,,0.0
2026-06-23 05:00:00,QLD1,,5852.24,,0.0
2026-06-23 05:00:00,SA1,,1499.89,,0.0
2026-06-23 05:00:00,TAS1,,1072.0,,0.0
2026-06-23 05:00:00,VIC1,,5173.22,,0.0
2026-06-23 05:30:00,NSW1,,7900.57,,0.0
2026-06-23 05:30:00,QLD1,,6103.8,,0.0
2026-06-23 05:30:00,SA1,,1506.31,,0.0
2026-06-23 05:30:00,TAS1,,1107.0,,0.0
2026-06-23 05:30:00,VIC1,,5404.22,,0.0
2026-06-23 06:00:00,NSW1,,8332.89,,0.0
2026-06-23 06:00:00,QLD1,,6384.49,,0.0
2026-06-23 06:00:00,SA1,,1539.97,,0.0
2026-06-23 06:00:00,TAS1,,1152.0,,0.0
2026-06-23 06:00:00,VIC1,,5705.5,,0.0
2026-06-23 06:30:00,NSW1,,9038.48,,0.0
2026-06-23 06:30:00,QLD1,,6791.5,,0.0
2026-06-23 06:30:00,SA1,,1601.97,,0.0
2026-06-23 06:30:00,TAS1,,1228.0,,0.0
2026-06-23 06:30:00,VIC1,,6220.35,,0.0
2026-06-23 07:00:00,NSW1,,9767.34,22.169,0.0
2026-06-23 07:00:00,QLD1,,7097.27,125.493,59.792
2026-06-23 07:00:00,SA1,,1711.7,0.0,0.0
2026-06-23 07:00:00,TAS1,,1305.0,0.0,0.0
2026-06-23 07:00:00,VIC1,,6753.76,0.0,0.0
2026-06-23 07:30:00,NSW1,,10304.12,200.212,47.353
2026-06-23 07:30:00,QLD1,,7164.57,501.499,251.136
2026-06-23 07:30:00,SA1,,1839.4,0.0,0.0
2026-06-23 07:30:00,TAS1,,1370.03,0.0,0.0
2026-06-23 07:30:00,VIC1,,7252.05,1.528,0.0
2026-06-23 08:00:00,NSW1,,10465.54,,427.505
2026-06-23 08:00:00,QLD1,,6878.31,,779.463
2026-06-23 08:00:00,SA1,,1990.08,,0.0
2026-06-23 08:00:00,TAS1,,1337.31,,1.839
2026-06-23 08:00:00,VIC1,,8041.69,,38.545
2026-06-23 08:20:00,NSW1,10143.55,,,
2026-06-23 08:20:00,QLD1,6294.32,,,
2026-06-23 08:20:00,SA1,2182.1,,,
2026-06-23 08:20:00,TAS1,1356.36,,,
2026-06-23 08:20:00,VIC1,8105.19,,,
2026-06-23 08:25:00,NSW1,10001.8,,,
2026-06-23 08:25:00,QLD1,6233.36,,,
2026-06-23 08:25:00,SA1,2195.38,,,
2026-06-23 08:25:00,TAS1,1352.49,,,
2026-06-23 08:25:00,VIC1,8106.03,,,
2026-06-23 08:30:00,NSW1,,10190.74,,955.018
2026-06-23 08:30:00,QLD1,,6428.09,,1429.6
2026-06-23 08:30:00,SA1,,2142.8,,29.31
2026-06-23 08:30:00,TAS1,,1366.88,,9.719
2026-06-23 08:30:00,VIC1,,8076.05,,174.699
2026-06-23 09:00:00,NSW1,,9646.48,,1559.025
2026-06-23 09:00:00,QLD1,,5903.29,,2052.472
2026-06-23 09:00:00,SA1,,2101.84,,130.896
2026-06-23 09:00:00,TAS1,,1352.9,,17.288
2026-06-23 09:00:00,VIC1,,7851.18,,481.567
2026-06-23 09:30:00,NSW1,,9169.69,,2124.42
2026-06-23 09:30:00,QLD1,,5486.39,,2590.734
2026-06-23 09:30:00,SA1,,1952.12,,282.846
2026-06-23 09:30:00,TAS1,,1342.51,,27.29
2026-06-23 09:30:00,VIC1,,7473.84,,818.621
2026-06-23 10:00:00,NSW1,,8680.92,,2589.793
2026-06-23 10:00:00,QLD1,,5116.8,,3014.011
2026-06-23 10:00:00,SA1,,1781.85,,451.642
2026-06-23 10:00:00,TAS1,,1309.29,,39.235
2026-06-23 10:00:00,VIC1,,7059.72,,1135.964
2026-06-23 10:30:00,NSW1,,8171.93,,2945.464
2026-06-23 10:30:00,QLD1,,4867.03,,3305.55
2026-06-23 10:30:00,SA1,,1623.65,,621.38
2026-06-23 10:30:00,TAS1,,1293.96,,49.537
2026-06-23 10:30:00,VIC1,,6656.46,,1394.652
2026-06-23 11:00:00,NSW1,,7717.34,,3206.022
2026-06-23 11:00:00,QLD1,,4663.9,,3490.575
2026-06-23 11:00:00,SA1,,1500.95,,756.106
2026-06-23 11:00:00,TAS1,,1272.13,,56.193
2026-06-23 11:00:00,VIC1,,6292.04,,1563.7
2026-06-23 11:30:00,NSW1,,7336.81,,3390.147
2026-06-23 11:30:00,QLD1,,4545.27,,3625.781
2026-06-23 11:30:00,SA1,,1372.18,,869.924
2026-06-23 11:30:00,TAS1,,1257.03,,61.5
2026-06-23 11:30:00,VIC1,,6035.54,,1700.572
2026-06-23 12:00:00,NSW1,,7068.41,,3503.947
2026-06-23 12:00:00,QLD1,,4444.72,,3710.044
2026-06-23 12:00:00,SA1,,1266.3,,958.729
2026-06-23 12:00:00,TAS1,,1243.14,,65.536
2026-06-23 12:00:00,VIC1,,5843.63,,1802.987
2026-06-23 12:30:00,NSW1,,6945.1,,3554.525
2026-06-23 12:30:00,QLD1,,4368.71,,3724.386
2026-06-23 12:30:00,SA1,,1174.39,,1016.457
2026-06-23 12:30:00,TAS1,,1234.0,,69.289
2026-06-23 12:30:00,VIC1,,5698.42,,1860.635
2026-06-23 13:00:00,NSW1,,6881.98,,3514.821
2026-06-23 13:00:00,QLD1,,4340.73,,3673.155
2026-06-23 13:00:00,SA1,,1114.43,,1042.513
2026-06-23 13:00:00,TAS1,,1221.0,,70.963
2026-06-23 13:00:00,VIC1,,5631.17,,1864.526
2026-06-23 13:30:00,NSW1,,6898.44,,3341.986
2026-06-23 13:30:00,QLD1,,4432.02,,3499.132
2026-06-23 13:30:00,SA1,,1069.47,,1035.373
2026-06-23 13:30:00,TAS1,,1205.0,,69.328
2026-06-23 13:30:00,VIC1,,5598.94,,1800.97
2026-06-23 14:00:00,NSW1,,6991.35,,3082.557
2026-06-23 14:00:00,QLD1,,4610.47,,3231.732
2026-06-23 14:00:00,SA1,,1065.51,,1018.791
2026-06-23 14:00:00,TAS1,,1208.0,,64.993
2026-06-23 14:00:00,VIC1,,5612.15,,1688.323
2026-06-23 14:30:00,NSW1,,7229.96,,2710.455
2026-06-23 14:30:00,QLD1,,4889.32,,2853.409
2026-06-23 14:30:00,SA1,,1035.56,,967.204
2026-06-23 14:30:00,TAS1,,1217.0,,54.777
2026-06-23 14:30:00,VIC1,,5585.06,,1500.437
2026-06-23 15:00:00,NSW1,,7570.24,,2217.399
2026-06-23 15:00:00,QLD1,,5265.6,,2383.625
2026-06-23 15:00:00,SA1,,1074.64,,877.008
2026-06-23 15:00:00,TAS1,,1225.0,,41.152
2026-06-23 15:00:00,VIC1,,5699.7,,1246.072
2026-06-23 15:30:00,NSW1,,7979.07,,1633.645
2026-06-23 15:30:00,QLD1,,5728.61,,1829.858
2026-06-23 15:30:00,SA1,,1151.61,,753.464
2026-06-23 15:30:00,TAS1,,1237.0,,25.733
2026-06-23 15:30:00,VIC1,,5910.74,,945.29
2026-06-23 16:00:00,NSW1,,8564.43,,1016.97
2026-06-23 16:00:00,QLD1,,6262.09,,1220.997
2026-06-23 16:00:00,SA1,,1266.5,,589.128
2026-06-23 16:00:00,TAS1,,1257.0,,13.599
2026-06-23 16:00:00,VIC1,,6238.34,,610.718
2026-06-23 16:30:00,NSW1,,9231.34,,411.725
2026-06-23 16:30:00,QLD1,,6824.45,,594.245
2026-06-23 16:30:00,SA1,,1411.28,,395.271
2026-06-23 16:30:00,TAS1,,1298.84,,4.369
2026-06-23 16:30:00,VIC1,,6620.99,,282.42
2026-06-23 17:00:00,NSW1,,9945.11,,20.763
2026-06-23 17:00:00,QLD1,,7342.75,,181.588
2026-06-23 17:00:00,SA1,,1611.66,,207.431
2026-06-23 17:00:00,TAS1,,1349.62,,0.0
2026-06-23 17:00:00,VIC1,,7066.06,,41.521
2026-06-23 17:30:00,NSW1,,10615.5,,0.0
2026-06-23 17:30:00,QLD1,,7753.76,,0.0
2026-06-23 17:30:00,SA1,,1834.24,,50.9
2026-06-23 17:30:00,TAS1,,1403.0,,0.0
2026-06-23 17:30:00,VIC1,,7490.89,,0.0
2026-06-23 18:00:00,NSW1,,11090.76,,0.0
2026-06-23 18:00:00,QLD1,,8054.74,,0.0
2026-06-23 18:00:00,SA1,,2031.09,,0.0
2026-06-23 18:00:00,TAS1,,1430.41,,0.0
2026-06-23 18:00:00,VIC1,,7820.81,,0.0
2026-06-23 18:30:00,NSW1,,11231.46,,0.0
2026-06-23 18:30:00,QLD1,,8073.85,,0.0
2026-06-23 18:30:00,SA1,,2182.51,,0.0
2026-06-23 18:30:00,TAS1,,1423.48,,0.0
2026-06-23 18:30:00,VIC1,,7899.44,,0.0
2026-06-23 19:00:00,NSW1,,11218.43,,0.0
2026-06-23 19:00:00,QLD1,,7994.6,,0.0
2026-06-23 19:00:00,SA1,,2229.22,,0.0
2026-06-23 19:00:00,TAS1,,1415.06,,0.0
2026-06-23 19:00:00,VIC1,,7856.34,,0.0
2026-06-23 19:30:00,NSW1,,11106.57,0.0,0.0
2026-06-23 19:30:00,QLD1,,7870.17,0.0,0.0
2026-06-23 19:30:00,SA1,,2221.95,0.0,0.0
2026-06-23 19:30:00,TAS1,,1398.82,0.0,0.0
2026-06-23 19:30:00,VIC1,,7717.56,0.0,0.0
2026-06-23 20:00:00,NSW1,,10963.5,0.0,0.0
2026-06-23 20:00:00,QLD1,,7726.36,0.0,0.0
2026-06-23 20:00:00,SA1,,2193.98,0.0,0.0
2026-06-23 20:00:00,TAS1,,1378.11,0.0,0.0
2026-06-23 20:00:00,VIC1,,7619.29,0.0,0.0
2026-06-23 20:30:00,NSW1,,10669.62,,0.0
2026-06-23 20:30:00,QLD1,,7331.72,,0.0
2026-06-23 20:30:00,SA1,,2132.12,,0.0
2026-06-23 20:30:00,TAS1,,1320.0,,0.0
2026-06-23 20:30:00,VIC1,,7537.45,,0.0
2026-06-23 20:45:00,NSW1,10530.79,,,
2026-06-23 20:45:00,QLD1,7269.83,,,
2026-06-23 20:45:00,SA1,2156.91,,,
2026-06-23 20:45:00,TAS1,1320.27,,,
2026-06-23 20:45:00,VIC1,7391.4,,,
2026-06-23 20:50:00,NSW1,10465.87,,,
2026-06-23 20:50:00,QLD1,7229.8,,,
2026-06-23 20:50:00,SA1,2140.27,,,
2026-06-23 20:50:00,TAS1,1309.79,,,
2026-06-23 20:50:00,VIC1,7373.34,,,
2026-06-23 21:00:00,NSW1,,10521.21,,0.0
2026-06-23 21:00:00,QLD1,,7121.22,,0.0
2026-06-23 21:00:00,SA1,,2126.73,,0.0
2026-06-23 21:00:00,TAS1,,1309.0,,0.0
2026-06-23 21:00:00,VIC1,,7301.52,,0.0
2026-06-23 21:30:00,NSW1,,10195.87,,0.0
2026-06-23 21:30:00,QLD1,,7037.42,,0.0
2026-06-23 21:30:00,SA1,,2062.98,,0.0
2026-06-23 21:30:00,TAS1,,1280.98,,0.0
2026-06-23 21:30:00,VIC1,,7018.72,,0.0
2026-06-23 22:00:00,NSW1,,9846.61,,0.0
2026-06-23 22:00:00,QLD1,,6881.96,,0.0
2026-06-23 22:00:00,SA1,,1989.0,,0.0
2026-06-23 22:00:00,TAS1,,1243.95,,0.0
2026-06-23 22:00:00,VIC1,,6742.85,,0.0
2026-06-23 22:30:00,NSW1,,9547.71,,0.0
2026-06-23 22:30:00,QLD1,,6664.27,,0.0
2026-06-23 22:30:00,SA1,,1892.02,,0.0
2026-06-23 22:30:00,TAS1,,1204.0,,0.0
2026-06-23 22:30:00,VIC1,,6423.93,,0.0
2026-06-23 23:00:00,NSW1,,9248.99,,0.0
2026-06-23 23:00:00,QLD1,,6444.1,,0.0
2026-06-23 23:00:00,SA1,,1787.14,,0.0
2026-06-23 23:00:00,TAS1,,1161.0,,0.0
2026-06-23 23:00:00,VIC1,,6158.85,,0.0
2026-06-23 23:30:00,NSW1,,8969.67,,0.0
2026-06-23 23:30:00,QLD1,,6246.48,,0.0
2026-06-23 23:30:00,SA1,,1696.32,,0.0
2026-06-23 23:30:00,TAS1,,1130.98,,0.0
2026-06-23 23:30:00,VIC1,,6058.62,,0.0
2026-06-24 00:00:00,NSW1,,8760.23,,0.0
2026-06-24 00:00:00,QLD1,,6110.24,,0.0
2026-06-24 00:00:00,SA1,,1667.34,,0.0
2026-06-24 00:00:00,TAS1,,1108.0,,0.0
2026-06-24 00:00:00,VIC1,,5909.58,,0.0
2026-06-24 00:30:00,NSW1,,8590.27,,0.0
2026-06-24 00:30:00,QLD1,,5963.36,,0.0
2026-06-24 00:30:00,SA1,,1659.16,,0.0
2026-06-24 00:30:00,TAS1,,1092.0,,0.0
2026-06-24 00:30:00,VIC1,,5731.09,,0.0
2026-06-24 01:00:00,NSW1,,8429.02,,0.0
2026-06-24 01:00:00,QLD1,,5822.72,,0.0
2026-06-24 01:00:00,SA1,,1662.93,,0.0
2026-06-24 01:00:00,TAS1,,1080.0,,0.0
2026-06-24 01:00:00,VIC1,,5534.38,,0.0
2026-06-24 01:30:00,NSW1,,8236.45,,0.0
2026-06-24 01:30:00,QLD1,,5727.4,,0.0
2026-06-24 01:30:00,SA1,,1636.82,,0.0
2026-06-24 01:30:00,TAS1,,1068.0,,0.0
2026-06-24 01:30:00,VIC1,,5361.82,,0.0
2026-06-24 02:00:00,NSW1,,8020.93,0.0,0.0
2026-06-24 02:00:00,QLD1,,5679.0,0.0,0.0
2026-06-24 02:00:00,SA1,,1609.59,0.0,0.0
2026-06-24 02:00:00,TAS1,,1068.0,0.0,0.0
2026-06-24 02:00:00,VIC1,,5193.55,0.0,0.0
2026-06-24 02:30:00,NSW1,,7826.22,0.0,0.0
2026-06-24 02:30:00,QLD1,,5642.79,0.0,0.0
2026-06-24 02:30:00,SA1,,1571.6,0.0,0.0
2026-06-24 02:30:00,TAS1,,1068.0,0.0,0.0
2026-06-24 02:30:00,VIC1,,5064.11,0.0,0.0
2026-06-24 03:00:00,NSW1,,7513.83,,0.0
2026-06-24 03:00:00,QLD1,,5588.89,,0.0
2026-06-24 03:00:00,SA1,,1559.64,,0.0
2026-06-24 03:00:00,TAS1,,1084.0,,0.0
2026-06-24 03:00:00,VIC1,,4958.45,,0.0
2026-06-24 03:25:00,NSW1,7497.21,,,
2026-06-24 03:25:00,QLD1,5597.93,,,
2026-06-24 03:25:00,SA1,1600.11,,,
2026-06-24 03:25:00,TAS1,1074.79,,,
2026-06-24 03:25:00,VIC1,4942.26,,,
2026-06-24 03:30:00,NSW1,7479.54,7488.25,,0.0
2026-06-24 03:30:00,QLD1,5573.45,5608.13,,0.0
2026-06-24 03:30:00,SA1,1495.17,1555.7,,0.0
2026-06-24 03:30:00,TAS1,1084.87,1084.0,,0.0
2026-06-24 03:30:00,VIC1,4919.42,4940.15,,0.0
2026-06-24 04:00:00,NSW1,,7466.4,,0.0
2026-06-24 04:00:00,QLD1,,5634.7,,0.0
2026-06-24 04:00:00,SA1,,1522.12,,0.0
2026-06-24 04:00:00,TAS1,,1088.0,,0.0
2026-06-24 04:00:00,VIC1,,4915.24,,0.0
2026-06-24 04:30:00,NSW1,,7551.95,,0.0
2026-06-24 04:30:00,QLD1,,5734.06,,0.0
2026-06-24 04:30:00,SA1,,1504.08,,0.0
2026-06-24 04:30:00,TAS1,,1100.0,,0.0
2026-06-24 04:30:00,VIC1,,4958.1,,0.0
2026-06-24 05:00:00,NSW1,,7680.88,,0.0
2026-06-24 05:00:00,QLD1,,5889.48,,0.0
2026-06-24 05:00:00,SA1,,1501.26,,0.0
2026-06-24 05:00:00,TAS1,,1118.0,,0.0
2026-06-24 05:00:00,VIC1,,5048.12,,0.0
2026-06-24 05:30:00,NSW1,,8000.84,,0.0
2026-06-24 05:30:00,QLD1,,6133.02,,0.0
2026-06-24 05:30:00,SA1,,1512.99,,0.0
2026-06-24 05:30:00,TAS1,,1155.0,,0.0
2026-06-24 05:30:00,VIC1,,5252.55,,0.0
2026-06-24 06:00:00,NSW1,,8438.66,,0.0
2026-06-24 06:00:00,QLD1,,6417.17,,0.0
2026-06-24 06:00:00,SA1,,1552.29,,0.0
2026-06-24 06:00:00,TAS1,,1200.0,,0.0
2026-06-24 06:00:00,VIC1,,5536.89,,0.0
2026-06-24 06:30:00,NSW1,,9152.14,0.0,0.0
2026-06-24 06:30:00,QLD1,,6813.61,0.0,0.0
2026-06-24 06:30:00,SA1,,1615.36,0.0,0.0
2026-06-24 06:30:00,TAS1,,1278.0,0.0,0.0
2026-06-24 06:30:00,VIC1,,6014.5,0.0,0.0
2026-06-24 07:00:00,NSW1,,9883.69,22.929,0.0
2026-06-24 07:00:00,QLD1,,7121.72,120.744,69.963
2026-06-24 07:00:00,SA1,,1726.34,0.0,0.0
2026-06-24 07:00:00,TAS1,,1357.0,0.0,0.0
2026-06-24 07:00:00,VIC1,,6536.66,0.0,0.0
2026-06-24 07:30:00,NSW1,,10660.93,,118.267
2026-06-24 07:30:00,QLD1,,7267.22,,284.87
2026-06-24 07:30:00,SA1,,1752.02,,0.0
2026-06-24 07:30:00,TAS1,,1375.0,,0.0
2026-06-24 07:30:00,VIC1,,7013.3,,0.0
2026-06-24 08:00:00,NSW1,10667.5,10742.87,,436.172
2026-06-24 08:00:00,QLD1,6807.32,7089.47,,761.43
2026-06-24 08:00:00,SA1,2092.14,1921.69,,0.0
2026-06-24 08:00:00,TAS1,1421.81,1432.0,,1.865
2026-06-24 08:00:00,VIC1,7284.32,7415.85,,37.353
2026-06-24 08:05:00,NSW1,10659.9,,,
2026-06-24 08:05:00,QLD1,6730.48,,,
2026-06-24 08:05:00,SA1,2138.53,,,
2026-06-24 08:05:00,TAS1,1428.27,,,
2026-06-24 08:05:00,VIC1,7453.92,,,
2026-06-24 08:30:00,NSW1,,10393.34,,1031.933
2026-06-24 08:30:00,QLD1,,6663.06,,1375.115
2026-06-24 08:30:00,SA1,,2018.79,,28.516
2026-06-24 08:30:00,TAS1,,1434.67,,11.213
2026-06-24 08:30:00,VIC1,,7533.65,,99.718
2026-06-24 09:00:00,NSW1,,9678.49,,1711.007
2026-06-24 09:00:00,QLD1,,6111.37,,1977.189
2026-06-24 09:00:00,SA1,,2016.68,,143.312
2026-06-24 09:00:00,TAS1,,1408.53,,27.006
2026-06-24 09:00:00,VIC1,,7382.44,,279.348
2026-06-24 09:30:00,NSW1,,9091.23,,2352.911
2026-06-24 09:30:00,QLD1,,5630.66,,2498.423
2026-06-24 09:30:00,SA1,,1896.27,,316.347
2026-06-24 09:30:00,TAS1,,1375.52,,46.618
2026-06-24 09:30:00,VIC1,,7228.22,,501.825
2026-06-24 10:00:00,NSW1,,8529.7,,2884.053
2026-06-24 10:00:00,QLD1,,5199.28,,2907.213
2026-06-24 10:00:00,SA1,,1728.15,,503.25
2026-06-24 10:00:00,TAS1,,1334.33,,67.978
2026-06-24 10:00:00,VIC1,,6980.52,,729.22
2026-06-24 10:30:00,NSW1,,7956.83,,3273.345
2026-06-24 10:30:00,QLD1,,4904.15,,3200.219
2026-06-24 10:30:00,SA1,,1554.06,,676.751
2026-06-24 10:30:00,TAS1,,1299.0,,85.719
2026-06-24 10:30:00,VIC1,,6695.16,,905.652
2026-06-24 11:00:00,NSW1,,7446.0,,3538.99
2026-06-24 11:00:00,QLD1,,4684.93,,3408.301
2026-06-24 11:00:00,SA1,,1411.95,,826.039
2026-06-24 11:00:00,TAS1,,1260.0,,100.638
2026-06-24 11:00:00,VIC1,,6413.7,,1066.856
2026-06-24 11:30:00,NSW1,,7008.98,,3708.196
2026-06-24 11:30:00,QLD1,,4597.35,,3540.492
2026-06-24 11:30:00,SA1,,1257.32,,946.221
2026-06-24 11:30:00,TAS1,,1227.0,,110.533
2026-06-24 11:30:00,VIC1,,6273.05,,1186.334
2026-06-24 12:00:00,NSW1,,6701.25,,3804.421
2026-06-24 12:00:00,QLD1,,4537.42,,3622.531
2026-06-24 12:00:00,SA1,,1127.58,,1039.669
2026-06-24 12:00:00,TAS1,,1200.0,,117.068
2026-06-24 12:00:00,VIC1,,6139.7,,1275.745
2026-06-24 12:30:00,NSW1,,6540.67,,3840.097
2026-06-24 12:30:00,QLD1,,4481.45,,3642.034
2026-06-24 12:30:00,SA1,,1022.77,,1098.107
2026-06-24 12:30:00,TAS1,,1184.0,,120.147
2026-06-24 12:30:00,VIC1,,6012.59,,1335.203
2026-06-24 13:00:00,NSW1,,6485.92,,3763.439
2026-06-24 13:00:00,QLD1,,4454.48,,3581.918
2026-06-24 13:00:00,SA1,,952.92,,1116.049
2026-06-24 13:00:00,TAS1,,1169.0,,119.529
2026-06-24 13:00:00,VIC1,,5971.74,,1355.295
2026-06-24 13:30:00,NSW1,,6541.08,,3581.626
2026-06-24 13:30:00,QLD1,,4550.81,,3395.435
2026-06-24 13:30:00,SA1,,902.03,,1103.395
2026-06-24 13:30:00,TAS1,,1160.0,,114.394
2026-06-24 13:30:00,VIC1,,5996.09,,1321.049
2026-06-24 14:00:00,NSW1,,6655.04,,3298.409
2026-06-24 14:00:00,QLD1,,4716.23,,3108.235
2026-06-24 14:00:00,SA1,,905.98,,1071.656
2026-06-24 14:00:00,TAS1,,1170.0,,104.261
2026-06-24 14:00:00,VIC1,,6000.78,,1241.454
2026-06-24 14:30:00,NSW1,,6921.64,,2895.369
2026-06-24 14:30:00,QLD1,,4974.05,,2715.227
2026-06-24 14:30:00,SA1,,932.83,,1004.388
2026-06-24 14:30:00,TAS1,,1181.0,,87.427
2026-06-24 14:30:00,VIC1,,5918.76,,1102.844
2026-06-24 15:00:00,NSW1,,7329.48,,2369.145
2026-06-24 15:00:00,QLD1,,5312.08,,2239.703
2026-06-24 15:00:00,SA1,,1005.6,,898.265
2026-06-24 15:00:00,TAS1,,1200.0,,66.248
2026-06-24 15:00:00,VIC1,,5991.39,,911.336
2026-06-24 15:30:00,NSW1,,7819.11,,1742.825
2026-06-24 15:30:00,QLD1,,5741.89,,1695.696
2026-06-24 15:30:00,SA1,,1105.44,,759.701
2026-06-24 15:30:00,TAS1,,1226.0,,43.446
2026-06-24 15:30:00,VIC1,,6157.0,,681.4
2026-06-24 16:00:00,NSW1,,8459.24,,1081.412
2026-06-24 16:00:00,QLD1,,6264.22,,1113.158
2026-06-24 16:00:00,SA1,,1225.22,,585.278
2026-06-24 16:00:00,TAS1,,1255.0,,22.787
2026-06-24 16:00:00,VIC1,,6436.96,,422.914
2026-06-24 16:30:00,NSW1,,9168.82,,447.333
2026-06-24 16:30:00,QLD1,,6804.52,,548.483
2026-06-24 16:30:00,SA1,,1385.83,,389.03
2026-06-24 16:30:00,TAS1,,1301.0,,6.256
2026-06-24 16:30:00,VIC1,,6757.25,,177.38
2026-06-24 17:00:00,NSW1,,9865.95,,34.009
2026-06-24 17:00:00,QLD1,,7284.32,,180.09
2026-06-24 17:00:00,SA1,,1594.39,,203.451
2026-06-24 17:00:00,TAS1,,1359.02,,0.0
2026-06-24 17:00:00,VIC1,,7152.75,,10.642
2026-06-24 17:30:00,NSW1,,10443.29,,0.0
2026-06-24 17:30:00,QLD1,,7658.2,,0.0
2026-06-24 17:30:00,SA1,,1821.4,,50.156
2026-06-24 17:30:00,TAS1,,1410.91,,0.0
2026-06-24 17:30:00,VIC1,,7506.84,,0.0
2026-06-24 18:00:00,NSW1,,10927.87,,0.0
2026-06-24 18:00:00,QLD1,,7980.39,,0.0
2026-06-24 18:00:00,SA1,,2008.2,,0.0
2026-06-24 18:00:00,TAS1,,1443.21,,0.0
2026-06-24 18:00:00,VIC1,,7829.49,,0.0
2026-06-24 18:30:00,NSW1,,11018.48,,0.0
2026-06-24 18:30:00,QLD1,,8001.06,,0.0
2026-06-24 18:30:00,SA1,,2153.2,,0.0
2026-06-24 18:30:00,TAS1,,1443.22,,0.0
2026-06-24 18:30:00,VIC1,,7895.2,,0.0
2026-06-24 19:00:00,NSW1,,10969.98,0.0,0.0
2026-06-24 19:00:00,QLD1,,7924.26,0.0,0.0
2026-06-24 19:00:00,SA1,,2199.22,0.0,0.0
2026-06-24 19:00:00,TAS1,,1436.86,0.0,0.0
2026-06-24 19:00:00,VIC1,,7848.65,0.0,0.0
2026-06-24 19:30:00,NSW1,,10853.6,0.0,0.0
2026-06-24 19:30:00,QLD1,,7784.55,0.0,0.0
2026-06-24 19:30:00,SA1,,2200.32,0.0,0.0
2026-06-24 19:30:00,TAS1,,1426.29,0.0,0.0
2026-06-24 19:30:00,VIC1,,7696.81,0.0,0.0
2026-06-24 20:00:00,NSW1,,10498.54,,0.0
2026-06-24 20:00:00,QLD1,,7419.46,,0.0
2026-06-24 20:00:00,SA1,,2170.04,,0.0
2026-06-24 20:00:00,TAS1,,1429.75,,0.0
2026-06-24 20:00:00,VIC1,,7440.24,,0.0
2026-06-24 20:25:00,NSW1,10405.01,,,
2026-06-24 20:25:00,QLD1,7251.72,,,
2026-06-24 20:25:00,SA1,2130.29,,,
2026-06-24 20:25:00,TAS1,1426.35,,,
2026-06-24 20:25:00,VIC1,7264.52,,,
2026-06-24 20:30:00,NSW1,10305.67,10391.5,,0.0
2026-06-24 20:30:00,QLD1,7185.39,7260.17,,0.0
2026-06-24 20:30:00,SA1,2108.87,2139.02,,0.0
2026-06-24 20:30:00,TAS1,1422.01,1416.75,,0.0
2026-06-24 20:30:00,VIC1,7220.89,7285.87,,0.0
2026-06-24 21:00:00,NSW1,,10197.49,,0.0
2026-06-24 21:00:00,QLD1,,7215.96,,0.0
2026-06-24 21:00:00,SA1,,2100.01,,0.0
2026-06-24 21:00:00,TAS1,,1394.71,,0.0
2026-06-24 21:00:00,VIC1,,7110.41,,0.0
2026-06-24 21:30:00,NSW1,,9918.44,,0.0
2026-06-24 21:30:00,QLD1,,7163.97,,0.0
2026-06-24 21:30:00,SA1,,2049.8,,0.0
2026-06-24 21:30:00,TAS1,,1372.71,,0.0
2026-06-24 21:30:00,VIC1,,6912.49,,0.0
2026-06-24 22:00:00,NSW1,,9562.05,,0.0
2026-06-24 22:00:00,QLD1,,6952.36,,0.0
2026-06-24 22:00:00,SA1,,1972.91,,0.0
2026-06-24 22:00:00,TAS1,,1337.71,,0.0
2026-06-24 22:00:00,VIC1,,6652.09,,0.0
2026-06-24 22:30:00,NSW1,,9285.49,,0.0
2026-06-24 22:30:00,QLD1,,6721.5,,0.0
2026-06-24 22:30:00,SA1,,1879.01,,0.0
2026-06-24 22:30:00,TAS1,,1298.71,,0.0
2026-06-24 22:30:00,VIC1,,6361.76,,0.0
2026-06-24 23:00:00,NSW1,,9011.35,,0.0
2026-06-24 23:00:00,QLD1,,6512.82,,0.0
2026-06-24 23:00:00,SA1,,1779.35,,0.0
2026-06-24 23:00:00,TAS1,,1258.71,,0.0
2026-06-24 23:00:00,VIC1,,6111.81,,0.0
2026-06-24 23:30:00,NSW1,,8763.7,,0.0
2026-06-24 23:30:00,QLD1,,6321.88,,0.0
2026-06-24 23:30:00,SA1,,1693.71,,0.0
2026-06-24 23:30:00,TAS1,,1222.71,,0.0
2026-06-24 23:30:00,VIC1,,6024.45,,0.0
2026-06-25 00:00:00,NSW1,,8552.22,,0.0
2026-06-25 00:00:00,QLD1,,6176.96,,0.0
2026-06-25 00:00:00,SA1,,1670.09,,0.0
2026-06-25 00:00:00,TAS1,,1196.03,,0.0
2026-06-25 00:00:00,VIC1,,5887.51,,0.0
2026-06-25 00:30:00,NSW1,,8383.63,,0.0
2026-06-25 00:30:00,QLD1,,6018.31,,0.0
2026-06-25 00:30:00,SA1,,1661.03,,0.0
2026-06-25 00:30:00,TAS1,,1176.0,,0.0
2026-06-25 00:30:00,VIC1,,5733.71,,0.0
2026-06-25 01:00:00,NSW1,,8215.06,,0.0
2026-06-25 01:00:00,QLD1,,5861.51,,0.0
2026-06-25 01:00:00,SA1,,1665.05,,0.0
2026-06-25 01:00:00,TAS1,,1161.0,,0.0
2026-06-25 01:00:00,VIC1,,5560.95,,0.0
2026-06-25 01:30:00,NSW1,,8004.98,,0.0
2026-06-25 01:30:00,QLD1,,5754.89,,0.0
2026-06-25 01:30:00,SA1,,1640.02,,0.0
2026-06-25 01:30:00,TAS1,,1152.0,,0.0
2026-06-25 01:30:00,VIC1,,5418.1,,0.0
2026-06-25 02:00:00,NSW1,,7785.58,0.0,0.0
2026-06-25 02:00:00,QLD1,,5697.99,0.0,0.0
2026-06-25 02:00:00,SA1,,1613.96,0.0,0.0
2026-06-25 02:00:00,TAS1,,1144.0,0.0,0.0
2026-06-25 02:00:00,VIC1,,5267.66,0.0,0.0
2026-06-25 02:30:00,NSW1,,7594.73,0.0,0.0
2026-06-25 02:30:00,QLD1,,5650.97,0.0,0.0
2026-06-25 02:30:00,SA1,,1576.85,0.0,0.0
2026-06-25 02:30:00,TAS1,,1139.0,0.0,0.0
2026-06-25 02:30:00,VIC1,,5156.17,0.0,0.0
2026-06-25 03:00:00,NSW1,,7459.94,,0.0
2026-06-25 03:00:00,QLD1,,5619.6,,0.0
2026-06-25 03:00:00,SA1,,1560.25,,0.0
2026-06-25 03:00:00,TAS1,,1164.96,,0.0
2026-06-25 03:00:00,VIC1,,5035.52,,0.0
2026-06-25 03:25:00,NSW1,7369.04,,,
2026-06-25 03:25:00,QLD1,5650.37,,,
2026-06-25 03:25:00,SA1,1535.71,,,
2026-06-25 03:25:00,TAS1,1159.04,,,
2026-06-25 03:25:00,VIC1,5035.1,,,
2026-06-25 03:30:00,NSW1,7395.85,7401.19,,0.0
2026-06-25 03:30:00,QLD1,5654.31,5634.44,,0.0
2026-06-25 03:30:00,SA1,1539.01,1531.62,,0.0
2026-06-25 03:30:00,TAS1,1153.74,1166.9,,0.0
2026-06-25 03:30:00,VIC1,5052.75,5004.77,,0.0
2026-06-25 04:00:00,NSW1,,7364.8,,0.0
2026-06-25 04:00:00,QLD1,,5654.41,,0.0
2026-06-25 04:00:00,SA1,,1513.87,,0.0
2026-06-25 04:00:00,TAS1,,1172.0,,0.0
2026-06-25 04:00:00,VIC1,,4982.15,,0.0
2026-06-25 04:30:00,NSW1,,7423.24,,0.0
2026-06-25 04:30:00,QLD1,,5741.34,,0.0
2026-06-25 04:30:00,SA1,,1509.99,,0.0
2026-06-25 04:30:00,TAS1,,1183.0,,0.0
2026-06-25 04:30:00,VIC1,,5024.08,,0.0
2026-06-25 05:00:00,NSW1,,7519.73,,0.0
2026-06-25 05:00:00,QLD1,,5881.48,,0.0
2026-06-25 05:00:00,SA1,,1509.95,,0.0
2026-06-25 05:00:00,TAS1,,1200.0,,0.0
2026-06-25 05:00:00,VIC1,,5113.71,,0.0
2026-06-25 05:30:00,NSW1,,7793.95,,0.0
2026-06-25 05:30:00,QLD1,,6108.8,,0.0
2026-06-25 05:30:00,SA1,,1518.7,,0.0
2026-06-25 05:30:00,TAS1,,1236.0,,0.0
2026-06-25 05:30:00,VIC1,,5318.99,,0.0
2026-06-25 06:00:00,NSW1,,8168.9,,0.0
2026-06-25 06:00:00,QLD1,,6366.2,,0.0
2026-06-25 06:00:00,SA1,,1555.99,,0.0
2026-06-25 06:00:00,TAS1,,1281.0,,0.0
2026-06-25 06:00:00,VIC1,,5614.4,,0.0
2026-06-25 06:30:00,NSW1,,8789.95,0.0,0.0
2026-06-25 06:30:00,QLD1,,6725.21,0.0,0.0
2026-06-25 06:30:00,SA1,,1618.72,0.0,0.0
2026-06-25 06:30:00,TAS1,,1352.0,0.0,0.0
2026-06-25 06:30:00,VIC1,,6096.31,0.0,0.0
2026-06-25 07:00:00,NSW1,,9430.29,19.413,0.0
2026-06-25 07:00:00,QLD1,,7006.89,114.449,66.85
2026-06-25 07:00:00,SA1,,1727.02,0.0,0.0
2026-06-25 07:00:00,TAS1,,1427.0,0.0,0.0
2026-06-25 07:00:00,VIC1,,6617.66,0.0,0.0
2026-06-25 07:30:00,NSW1,,10126.02,,102.593
2026-06-25 07:30:00,QLD1,,7309.42,,256.855
2026-06-25 07:30:00,SA1,,1852.82,,0.0
2026-06-25 07:30:00,TAS1,,1406.2,,0.0
2026-06-25 07:30:00,VIC1,,7268.68,,0.0
2026-06-25 07:55:00,NSW1,10386.63,,,
2026-06-25 07:55:00,QLD1,6898.65,,,
2026-06-25 07:55:00,SA1,2117.27,,,
2026-06-25 07:55:00,TAS1,1501.93,,,
2026-06-25 07:55:00,VIC1,7852.52,,,
2026-06-25 08:00:00,NSW1,10450.42,10386.83,,353.494
2026-06-25 08:00:00,QLD1,6795.17,7033.8,,697.627
2026-06-25 08:00:00,SA1,2128.04,1991.66,,0.0
2026-06-25 08:00:00,TAS1,1498.87,1462.29,,1.899
2026-06-25 08:00:00,VIC1,7969.78,8194.61,,38.781
2026-06-25 08:30:00,NSW1,,10153.47,,777.815
2026-06-25 08:30:00,QLD1,,6650.07,,1259.438
2026-06-25 08:30:00,SA1,,2094.85,,24.431
2026-06-25 08:30:00,TAS1,,1455.97,,11.287
2026-06-25 08:30:00,VIC1,,8206.81,,114.582
2026-06-25 09:00:00,NSW1,,9743.66,,1220.967
2026-06-25 09:00:00,QLD1,,6181.47,,1816.056
2026-06-25 09:00:00,SA1,,2078.15,,124.977
2026-06-25 09:00:00,TAS1,,1424.77,,28.618
2026-06-25 09:00:00,VIC1,,7745.22,,333.301
2026-06-25 09:30:00,NSW1,,9446.17,,1623.381
2026-06-25 09:30:00,QLD1,,5796.72,,2288.982
2026-06-25 09:30:00,SA1,,1943.35,,277.76
2026-06-25 09:30:00,TAS1,,1391.36,,49.159
2026-06-25 09:30:00,VIC1,,7450.09,,607.075
2026-06-25 10:00:00,NSW1,,9147.15,,1944.255
2026-06-25 10:00:00,QLD1,,5471.64,,2648.636
2026-06-25 10:00:00,SA1,,1774.51,,439.305
2026-06-25 10:00:00,TAS1,,1346.35,,70.767
2026-06-25 10:00:00,VIC1,,7133.14,,899.224
2026-06-25 10:30:00,NSW1,,8853.97,,2150.797
2026-06-25 10:30:00,QLD1,,5269.47,,2844.586
2026-06-25 10:30:00,SA1,,1616.83,,593.406
2026-06-25 10:30:00,TAS1,,1301.42,,87.482
2026-06-25 10:30:00,VIC1,,6790.26,,1137.006
2026-06-25 11:00:00,NSW1,,8601.54,,2324.125
2026-06-25 11:00:00,QLD1,,5152.31,,2962.76
2026-06-25 11:00:00,SA1,,1494.15,,730.983
2026-06-25 11:00:00,TAS1,,1259.0,,100.997
2026-06-25 11:00:00,VIC1,,6427.57,,1359.034
2026-06-25 11:30:00,NSW1,,8395.66,,2438.799
2026-06-25 11:30:00,QLD1,,5165.59,,3006.952
2026-06-25 11:30:00,SA1,,1362.13,,842.121
2026-06-25 11:30:00,TAS1,,1228.35,,110.204
2026-06-25 11:30:00,VIC1,,6204.24,,1527.978
2026-06-25 12:00:00,NSW1,,8321.53,,2511.801
2026-06-25 12:00:00,QLD1,,5189.08,,2996.631
2026-06-25 12:00:00,SA1,,1256.0,,926.958
2026-06-25 12:00:00,TAS1,,1195.35,,116.616
2026-06-25 12:00:00,VIC1,,6010.78,,1651.024
2026-06-25 12:30:00,NSW1,,8266.64,,2533.206
2026-06-25 12:30:00,QLD1,,5220.5,,2928.147
2026-06-25 12:30:00,SA1,,1172.1,,978.08
2026-06-25 12:30:00,TAS1,,1173.01,,120.991
2026-06-25 12:30:00,VIC1,,5877.38,,1727.895
2026-06-25 13:00:00,NSW1,,8227.42,,2459.588
2026-06-25 13:00:00,QLD1,,5245.03,,2787.981
2026-06-25 13:00:00,SA1,,1114.08,,992.032
2026-06-25 13:00:00,TAS1,,1151.0,,122.05
2026-06-25 13:00:00,VIC1,,5827.28,,1749.492
2026-06-25 13:30:00,NSW1,,8270.48,,2315.096
2026-06-25 13:30:00,QLD1,,5343.0,,2599.285
2026-06-25 13:30:00,SA1,,1069.33,,976.355
2026-06-25 13:30:00,TAS1,,1144.0,,119.123
2026-06-25 13:30:00,VIC1,,5819.48,,1698.328
2026-06-25 14:00:00,NSW1,,8347.31,,2105.861
2026-06-25 14:00:00,QLD1,,5484.31,,2336.309
2026-06-25 14:00:00,SA1,,1063.66,,944.468
2026-06-25 14:00:00,TAS1,,1142.0,,110.676
2026-06-25 14:00:00,VIC1,,5833.4,,1583.686
2026-06-25 14:30:00,NSW1,,8488.06,,1822.87
2026-06-25 14:30:00,QLD1,,5684.29,,2001.471
2026-06-25 14:30:00,SA1,,1087.53,,882.352
2026-06-25 14:30:00,TAS1,,1156.0,,94.298
2026-06-25 14:30:00,VIC1,,5828.78,,1395.81
2026-06-25 15:00:00,NSW1,,8741.87,,1469.834
2026-06-25 15:00:00,QLD1,,5944.76,,1621.552
2026-06-25 15:00:00,SA1,,1146.6,,787.496
2026-06-25 15:00:00,TAS1,,1174.0,,71.688
2026-06-25 15:00:00,VIC1,,5951.19,,1149.571
2026-06-25 15:30:00,NSW1,,8991.53,,1070.884
2026-06-25 15:30:00,QLD1,,6274.93,,1216.44
2026-06-25 15:30:00,SA1,,1225.07,,662.096
2026-06-25 15:30:00,TAS1,,1198.0,,47.057
2026-06-25 15:30:00,VIC1,,6133.83,,857.1
2026-06-25 16:00:00,NSW1,,9382.29,,659.32
2026-06-25 16:00:00,QLD1,,6635.72,,784.926
2026-06-25 16:00:00,SA1,,1323.66,,508.754
2026-06-25 16:00:00,TAS1,,1233.0,,23.995
2026-06-25 16:00:00,VIC1,,6399.82,,535.3
2026-06-25 16:30:00,NSW1,,9826.17,,251.311
2026-06-25 16:30:00,QLD1,,7037.4,,382.393
2026-06-25 16:30:00,SA1,,1462.47,,338.87
2026-06-25 16:30:00,TAS1,,1276.0,,6.071
2026-06-25 16:30:00,VIC1,,6765.76,,234.422
2026-06-25 17:00:00,NSW1,,10324.89,,0.0
2026-06-25 17:00:00,QLD1,,7403.81,,127.108
2026-06-25 17:00:00,SA1,,1639.81,,175.925
2026-06-25 17:00:00,TAS1,,1333.0,,0.0
2026-06-25 17:00:00,VIC1,,7157.08,,26.863
2026-06-25 17:30:00,NSW1,,10752.57,,0.0
2026-06-25 17:30:00,QLD1,,7705.82,,0.0
2026-06-25 17:30:00,SA1,,1841.18,,42.77
2026-06-25 17:30:00,TAS1,,1386.35,,0.0
2026-06-25 17:30:00,VIC1,,7584.14,,0.0
2026-06-25 18:00:00,NSW1,,11079.01,,0.0
2026-06-25 18:00:00,QLD1,,7985.19,,0.0
2026-06-25 18:00:00,SA1,,2010.17,,0.0
2026-06-25 18:00:00,TAS1,,1423.35,,0.0
2026-06-25 18:00:00,VIC1,,7917.86,,0.0
2026-06-25 18:30:00,NSW1,,11134.69,,0.0
2026-06-25 18:30:00,QLD1,,7988.64,,0.0
2026-06-25 18:30:00,SA1,,2141.12,,0.0
2026-06-25 18:30:00,TAS1,,1432.35,,0.0
2026-06-25 18:30:00,VIC1,,8003.75,,0.0
2026-06-25 19:00:00,NSW1,,11063.52,0.0,0.0
2026-06-25 19:00:00,QLD1,,7897.06,0.0,0.0
2026-06-25 19:00:00,SA1,,2182.1,0.0,0.0
2026-06-25 19:00:00,TAS1,,1433.35,0.0,0.0
2026-06-25 19:00:00,VIC1,,7984.15,0.0,0.0
2026-06-25 19:30:00,NSW1,,10900.05,0.0,0.0
2026-06-25 19:30:00,QLD1,,7737.21,0.0,0.0
2026-06-25 19:30:00,SA1,,2191.07,0.0,0.0
2026-06-25 19:30:00,TAS1,,1424.35,0.0,0.0
2026-06-25 19:30:00,VIC1,,7861.31,0.0,0.0
2026-06-25 20:00:00,NSW1,,10772.16,,0.0
2026-06-25 20:00:00,QLD1,,7511.07,,0.0
2026-06-25 20:00:00,SA1,,2149.9,,0.0
2026-06-25 20:00:00,TAS1,,1399.95,,0.0
2026-06-25 20:00:00,VIC1,,7613.08,,0.0
2026-06-25 20:15:00,NSW1,10424.98,,,
2026-06-25 20:15:00,QLD1,7375.51,,,
2026-06-25 20:15:00,SA1,2085.8,,,
2026-06-25 20:15:00,TAS1,1415.51,,,
2026-06-25 20:15:00,VIC1,7599.13,,,
2026-06-25 20:20:00,NSW1,10530.87,,,
2026-06-25 20:20:00,QLD1,7357.69,,,
2026-06-25 20:20:00,SA1,2100.0,,,
2026-06-25 20:20:00,TAS1,1412.17,,,
2026-06-25 20:20:00,VIC1,7612.33,,,
2026-06-25 20:30:00,NSW1,,10637.99,,0.0
2026-06-25 20:30:00,QLD1,,7354.36,,0.0
2026-06-25 20:30:00,SA1,,2140.97,,0.0
2026-06-25 20:30:00,TAS1,,1392.63,,0.0
2026-06-25 20:30:00,VIC1,,7599.74,,0.0
2026-06-25 21:00:00,NSW1,,10397.3,,0.0
2026-06-25 21:00:00,QLD1,,7292.33,,0.0
2026-06-25 21:00:00,SA1,,2096.96,,0.0
2026-06-25 21:00:00,TAS1,,1369.5,,0.0
2026-06-25 21:00:00,VIC1,,7422.4,,0.0
2026-06-25 21:30:00,NSW1,,10060.07,,0.0
2026-06-25 21:30:00,QLD1,,7218.13,,0.0
2026-06-25 21:30:00,SA1,,2041.95,,0.0
2026-06-25 21:30:00,TAS1,,1344.42,,0.0
2026-06-25 21:30:00,VIC1,,7198.23,,0.0
2026-06-25 22:00:00,NSW1,,9681.88,,0.0
2026-06-25 22:00:00,QLD1,,6999.8,,0.0
2026-06-25 22:00:00,SA1,,1963.66,,0.0
2026-06-25 22:00:00,TAS1,,1308.0,,0.0
2026-06-25 22:00:00,VIC1,,6918.7,,0.0
2026-06-25 22:30:00,NSW1,,9391.58,,0.0
2026-06-25 22:30:00,QLD1,,6761.68,,0.0
2026-06-25 22:30:00,SA1,,1870.06,,0.0
2026-06-25 22:30:00,TAS1,,1264.03,,0.0
2026-06-25 22:30:00,VIC1,,6617.65,,0.0
2026-06-25 23:00:00,NSW1,,9105.2,,0.0
2026-06-25 23:00:00,QLD1,,6538.47,,0.0
2026-06-25 23:00:00,SA1,,1771.09,,0.0
2026-06-25 23:00:00,TAS1,,1218.35,,0.0
2026-06-25 23:00:00,VIC1,,6341.8,,0.0
2026-06-25 23:30:00,NSW1,,8855.06,,0.0
2026-06-25 23:30:00,QLD1,,6341.26,,0.0
2026-06-25 23:30:00,SA1,,1683.38,,0.0
2026-06-25 23:30:00,TAS1,,1180.93,,0.0
2026-06-25 23:30:00,VIC1,,6233.74,,0.0
2026-06-26 00:00:00,NSW1,,8624.16,,0.0
2026-06-26 00:00:00,QLD1,,6190.41,,0.0
2026-06-26 00:00:00,SA1,,1658.74,,0.0
2026-06-26 00:00:00,TAS1,,1151.35,,0.0
2026-06-26 00:00:00,VIC1,,6073.19,,0.0
2026-06-26 00:30:00,NSW1,,8454.16,,0.0
2026-06-26 00:30:00,QLD1,,6037.13,,0.0
2026-06-26 00:30:00,SA1,,1652.09,,0.0
2026-06-26 00:30:00,TAS1,,1128.35,,0.0
2026-06-26 00:30:00,VIC1,,5892.99,,0.0
2026-06-26 01:00:00,NSW1,,8308.18,,0.0
2026-06-26 01:00:00,QLD1,,5894.32,,0.0
2026-06-26 01:00:00,SA1,,1655.08,,0.0
2026-06-26 01:00:00,TAS1,,1112.98,,0.0
2026-06-26 01:00:00,VIC1,,5706.52,,0.0
2026-06-26 01:30:00,NSW1,,8099.38,,0.0
2026-06-26 01:30:00,QLD1,,5797.19,,0.0
2026-06-26 01:30:00,SA1,,1633.07,,0.0
2026-06-26 01:30:00,TAS1,,1104.0,,0.0
2026-06-26 01:30:00,VIC1,,5546.74,,0.0
2026-06-26 02:00:00,NSW1,,7884.74,,0.0
2026-06-26 02:00:00,QLD1,,5739.86,,0.0
2026-06-26 02:00:00,SA1,,1607.06,,0.0
2026-06-26 02:00:00,TAS1,,1096.0,,0.0
2026-06-26 02:00:00,VIC1,,5388.69,,0.0
2026-06-26 02:30:00,NSW1,,7711.73,0.0,0.0
2026-06-26 02:30:00,QLD1,,5698.2,0.0,0.0
2026-06-26 02:30:00,SA1,,1567.06,0.0,0.0
2026-06-26 02:30:00,TAS1,,1093.0,0.0,0.0
2026-06-26 02:30:00,VIC1,,5260.57,0.0,0.0
2026-06-26 03:00:00,NSW1,,7597.28,0.0,0.0
2026-06-26 03:00:00,QLD1,,5599.35,0.0,0.0
2026-06-26 03:00:00,SA1,,1537.99,0.0,0.0
2026-06-26 03:00:00,TAS1,,1038.0,0.0,0.0
2026-06-26 03:00:00,VIC1,,5089.47,0.0,0.0
2026-06-26 03:30:00,NSW1,7477.83,7438.98,,0.0
2026-06-26 03:30:00,QLD1,5595.09,5630.08,,0.0
2026-06-26 03:30:00,SA1,1462.45,1494.26,,0.0
2026-06-26 03:30:00,TAS1,1038.38,1042.0,,0.0
2026-06-26 03:30:00,VIC1,4971.87,5036.47,,0.0
2026-06-26 03:35:00,NSW1,7390.65,,,
2026-06-26 03:35:00,QLD1,5600.28,,,
2026-06-26 03:35:00,SA1,1449.66,,,
2026-06-26 03:35:00,TAS1,1038.41,,,
2026-06-26 03:35:00,VIC1,5069.81,,,
2026-06-26 04:00:00,NSW1,,7447.26,,0.0
2026-06-26 04:00:00,QLD1,,5657.8,,0.0
2026-06-26 04:00:00,SA1,,1466.15,,0.0
2026-06-26 04:00:00,TAS1,,1046.0,,0.0
2026-06-26 04:00:00,VIC1,,5034.93,,0.0
2026-06-26 04:30:00,NSW1,,7514.41,,0.0
2026-06-26 04:30:00,QLD1,,5740.6,,0.0
2026-06-26 04:30:00,SA1,,1458.05,,0.0
2026-06-26 04:30:00,TAS1,,1056.0,,0.0
2026-06-26 04:30:00,VIC1,,5074.82,,0.0
2026-06-26 05:00:00,NSW1,,7599.35,,0.0
2026-06-26 05:00:00,QLD1,,5865.4,,0.0
2026-06-26 05:00:00,SA1,,1458.47,,0.0
2026-06-26 05:00:00,TAS1,,1071.0,,0.0
2026-06-26 05:00:00,VIC1,,5161.4,,0.0
2026-06-26 05:30:00,NSW1,,7861.6,,0.0
2026-06-26 05:30:00,QLD1,,6070.37,,0.0
2026-06-26 05:30:00,SA1,,1467.9,,0.0
2026-06-26 05:30:00,TAS1,,1105.0,,0.0
2026-06-26 05:30:00,VIC1,,5361.7,,0.0
2026-06-26 06:00:00,NSW1,,8219.5,,0.0
2026-06-26 06:00:00,QLD1,,6308.35,,0.0
2026-06-26 06:00:00,SA1,,1503.94,,0.0
2026-06-26 06:00:00,TAS1,,1150.0,,0.0
2026-06-26 06:00:00,VIC1,,5649.37,,0.0
2026-06-26 06:30:00,NSW1,,8846.49,,0.0
2026-06-26 06:30:00,QLD1,,6661.81,,0.0
2026-06-26 06:30:00,SA1,,1566.77,,0.0
2026-06-26 06:30:00,TAS1,,1222.0,,0.0
2026-06-26 06:30:00,VIC1,,6147.16,,0.0
2026-06-26 07:00:00,NSW1,,9504.98,,0.0
2026-06-26 07:00:00,QLD1,,6954.71,,60.523
2026-06-26 07:00:00,SA1,,1678.3,,0.0
2026-06-26 07:00:00,TAS1,,1303.0,,0.0
2026-06-26 07:00:00,VIC1,,6696.35,,0.0
2026-06-26 07:30:00,NSW1,,10047.54,196.967,13.431
2026-06-26 07:30:00,QLD1,,7120.73,377.141,216.47
2026-06-26 07:30:00,SA1,,1807.11,0.0,0.0
2026-06-26 07:30:00,TAS1,,1373.0,0.0,0.0
2026-06-26 07:30:00,VIC1,,7232.92,1.76,0.0
2026-06-26 08:00:00,NSW1,,10270.87,552.669,306.616
2026-06-26 08:00:00,QLD1,,7004.96,762.96,594.499
2026-06-26 08:00:00,SA1,,1963.02,11.09,0.0
2026-06-26 08:00:00,TAS1,,1433.76,5.131,0.0
2026-06-26 08:00:00,VIC1,,7650.35,42.165,0.0
2026-06-26 08:30:00,NSW1,,9960.25,,790.554
2026-06-26 08:30:00,QLD1,,6640.92,,903.093
2026-06-26 08:30:00,SA1,,2057.49,,26.305
2026-06-26 08:30:00,TAS1,,1417.65,,11.399
2026-06-26 08:30:00,VIC1,,7791.45,,106.111
2026-06-26 08:50:00,NSW1,9608.13,,,
2026-06-26 08:50:00,QLD1,6361.13,,,
2026-06-26 08:50:00,SA1,1994.96,,,
2026-06-26 08:50:00,TAS1,1397.51,,,
2026-06-26 08:50:00,VIC1,7809.12,,,
2026-06-26 08:55:00,NSW1,9692.77,,,
2026-06-26 08:55:00,QLD1,6299.24,,,
2026-06-26 08:55:00,SA1,2008.13,,,
2026-06-26 08:55:00,TAS1,1395.04,,,
2026-06-26 08:55:00,VIC1,7677.84,,,
2026-06-26 09:00:00,NSW1,,9814.07,,1142.429
2026-06-26 09:00:00,QLD1,,6301.31,,1285.369
2026-06-26 09:00:00,SA1,,2076.01,,121.636
2026-06-26 09:00:00,TAS1,,1386.62,,28.305
2026-06-26 09:00:00,VIC1,,7867.49,,290.47
2026-06-26 09:30:00,NSW1,,9521.85,,1559.54
2026-06-26 09:30:00,QLD1,,6038.54,,1608.991
2026-06-26 09:30:00,SA1,,1949.91,,276.097
2026-06-26 09:30:00,TAS1,,1355.36,,47.513
2026-06-26 09:30:00,VIC1,,7676.61,,516.44
2026-06-26 10:00:00,NSW1,,9200.28,,1933.421
2026-06-26 10:00:00,QLD1,,5931.62,,1908.179
2026-06-26 10:00:00,SA1,,1746.88,,446.813
2026-06-26 10:00:00,TAS1,,1316.35,,67.291
2026-06-26 10:00:00,VIC1,,7343.33,,748.191
2026-06-26 10:30:00,NSW1,,8893.66,,2217.271
2026-06-26 10:30:00,QLD1,,5822.29,,2154.048
2026-06-26 10:30:00,SA1,,1563.41,,619.613
2026-06-26 10:30:00,TAS1,,1281.69,,85.198
2026-06-26 10:30:00,VIC1,,7049.59,,965.268
2026-06-26 11:00:00,NSW1,,8601.2,,2428.607
2026-06-26 11:00:00,QLD1,,5713.89,,2327.488
2026-06-26 11:00:00,SA1,,1432.21,,766.579
2026-06-26 11:00:00,TAS1,,1245.0,,99.509
2026-06-26 11:00:00,VIC1,,6750.84,,1142.703
2026-06-26 11:30:00,NSW1,,8370.01,,2564.053
2026-06-26 11:30:00,QLD1,,5715.14,,2309.283
2026-06-26 11:30:00,SA1,,1286.61,,883.805
2026-06-26 11:30:00,TAS1,,1211.0,,108.571
2026-06-26 11:30:00,VIC1,,6543.62,,1249.131
2026-06-26 12:00:00,NSW1,,8243.74,,2627.776
2026-06-26 12:00:00,QLD1,,5730.26,,2344.862
2026-06-26 12:00:00,SA1,,1164.79,,983.46
2026-06-26 12:00:00,TAS1,,1179.0,,116.618
2026-06-26 12:00:00,VIC1,,6357.32,,1374.089
2026-06-26 12:30:00,NSW1,,8176.07,,2652.823
2026-06-26 12:30:00,QLD1,,5730.75,,2338.767
2026-06-26 12:30:00,SA1,,1056.82,,1052.038
2026-06-26 12:30:00,TAS1,,1156.0,,123.558
2026-06-26 12:30:00,VIC1,,6216.06,,1504.942
2026-06-26 13:00:00,NSW1,,8126.89,,2599.204
2026-06-26 13:00:00,QLD1,,5755.67,,2287.499
2026-06-26 13:00:00,SA1,,978.05,,1086.068
2026-06-26 13:00:00,TAS1,,1135.0,,127.504
2026-06-26 13:00:00,VIC1,,6146.79,,1610.082
2026-06-26 13:30:00,NSW1,,8145.21,,2462.066
2026-06-26 13:30:00,QLD1,,5837.4,,2178.414
2026-06-26 13:30:00,SA1,,930.05,,1080.356
2026-06-26 13:30:00,TAS1,,1126.0,,125.833
2026-06-26 13:30:00,VIC1,,6106.01,,1647.478
2026-06-26 14:00:00,NSW1,,8245.21,,2246.03
2026-06-26 14:00:00,QLD1,,5941.27,,2165.583
2026-06-26 14:00:00,SA1,,921.12,,1051.386
2026-06-26 14:00:00,TAS1,,1123.0,,117.925
2026-06-26 14:00:00,VIC1,,6093.11,,1613.415
2026-06-26 14:30:00,NSW1,,8352.78,,1942.323
2026-06-26 14:30:00,QLD1,,6077.08,,1898.557
2026-06-26 14:30:00,SA1,,905.03,,989.147
2026-06-26 14:30:00,TAS1,,1140.0,,101.923
2026-06-26 14:30:00,VIC1,,5957.6,,1486.652
2026-06-26 15:00:00,NSW1,,8577.89,,1561.811
2026-06-26 15:00:00,QLD1,,6243.79,,1561.055
2026-06-26 15:00:00,SA1,,944.99,,889.32
2026-06-26 15:00:00,TAS1,,1158.0,,78.826
2026-06-26 15:00:00,VIC1,,6020.93,,1250.179
2026-06-26 15:30:00,NSW1,,8805.41,,1136.882
2026-06-26 15:30:00,QLD1,,6521.53,,1171.696
2026-06-26 15:30:00,SA1,,1025.86,,754.721
2026-06-26 15:30:00,TAS1,,1183.0,,52.942
2026-06-26 15:30:00,VIC1,,6129.21,,938.082
2026-06-26 16:00:00,NSW1,,9185.97,,698.616
2026-06-26 16:00:00,QLD1,,6817.55,,754.601
2026-06-26 16:00:00,SA1,,1152.01,,586.548
2026-06-26 16:00:00,TAS1,,1220.0,,28.203
2026-06-26 16:00:00,VIC1,,6341.06,,590.893
2026-06-26 16:30:00,NSW1,,9623.29,,265.403
2026-06-26 16:30:00,QLD1,,7150.47,,366.26
2026-06-26 16:30:00,SA1,,1307.66,,393.631
2026-06-26 16:30:00,TAS1,,1262.0,,7.739
2026-06-26 16:30:00,VIC1,,6692.1,,264.471
2026-06-26 17:00:00,NSW1,,10058.28,,0.0
2026-06-26 17:00:00,QLD1,,7458.5,,118.151
2026-06-26 17:00:00,SA1,,1513.33,,205.38
2026-06-26 17:00:00,TAS1,,1316.0,,0.0
2026-06-26 17:00:00,VIC1,,7086.05,,34.67
2026-06-26 17:30:00,NSW1,,10424.99,,0.0
2026-06-26 17:30:00,QLD1,,7675.75,,0.0
2026-06-26 17:30:00,SA1,,1740.2,,51.224
2026-06-26 17:30:00,TAS1,,1364.35,,0.0
2026-06-26 17:30:00,VIC1,,7482.68,,0.0
2026-06-26 18:00:00,NSW1,,10728.73,,0.0
2026-06-26 18:00:00,QLD1,,7861.7,,0.0
2026-06-26 18:00:00,SA1,,1938.86,,0.0
2026-06-26 18:00:00,TAS1,,1392.29,,0.0
2026-06-26 18:00:00,VIC1,,7814.92,,0.0
2026-06-26 18:30:00,NSW1,,10785.76,,0.0
2026-06-26 18:30:00,QLD1,,7840.51,,0.0
2026-06-26 18:30:00,SA1,,2086.76,,0.0
2026-06-26 18:30:00,TAS1,,1393.35,,0.0
2026-06-26 18:30:00,VIC1,,7885.2,,0.0
2026-06-26 19:00:00,NSW1,,10736.68,,0.0
2026-06-26 19:00:00,QLD1,,7725.97,,0.0
2026-06-26 19:00:00,SA1,,2132.91,,0.0
2026-06-26 19:00:00,TAS1,,1390.35,,0.0
2026-06-26 19:00:00,VIC1,,7876.12,,0.0
2026-06-26 19:30:00,NSW1,,10613.69,0.0,0.0
2026-06-26 19:30:00,QLD1,,7571.29,0.0,0.0
2026-06-26 19:30:00,SA1,,2134.05,0.0,0.0
2026-06-26 19:30:00,TAS1,,1383.35,0.0,0.0
2026-06-26 19:30:00,VIC1,,7779.45,0.0,0.0
2026-06-26 20:00:00,NSW1,,10482.59,0.0,0.0
2026-06-26 20:00:00,QLD1,,7444.51,0.0,0.0
2026-06-26 20:00:00,SA1,,2117.88,0.0,0.0
2026-06-26 20:00:00,TAS1,,1373.35,0.0,0.0
2026-06-26 20:00:00,VIC1,,7596.56,0.0,0.0
2026-06-26 20:30:00,NSW1,10258.03,10313.7,,0.0
2026-06-26 20:30:00,QLD1,7156.8,7310.9,,0.0
2026-06-26 20:30:00,SA1,2083.11,2103.78,,0.0
2026-06-26 20:30:00,TAS1,1439.42,1438.58,,0.0
2026-06-26 20:30:00,VIC1,7479.11,7445.22,,0.0
2026-06-26 20:35:00,NSW1,10216.39,,,
2026-06-26 20:35:00,QLD1,7234.83,,,
2026-06-26 20:35:00,SA1,2075.38,,,
2026-06-26 20:35:00,TAS1,1440.38,,,
2026-06-26 20:35:00,VIC1,7471.74,,,
2026-06-26 21:00:00,NSW1,,10146.14,,0.0
2026-06-26 21:00:00,QLD1,,7130.55,,0.0
2026-06-26 21:00:00,SA1,,2077.44,,0.0
2026-06-26 21:00:00,TAS1,,1421.51,,0.0
2026-06-26 21:00:00,VIC1,,7351.42,,0.0
2026-06-26 21:30:00,NSW1,,9896.52,,0.0
2026-06-26 21:30:00,QLD1,,7073.9,,0.0
2026-06-26 21:30:00,SA1,,2026.65,,0.0
2026-06-26 21:30:00,TAS1,,1402.84,,0.0
2026-06-26 21:30:00,VIC1,,7150.67,,0.0
2026-06-26 22:00:00,NSW1,,9600.74,,0.0
2026-06-26 22:00:00,QLD1,,6952.78,,0.0
2026-06-26 22:00:00,SA1,,1967.66,,0.0
2026-06-26 22:00:00,TAS1,,1369.86,,0.0
2026-06-26 22:00:00,VIC1,,6915.36,,0.0
2026-06-26 22:30:00,NSW1,,9364.92,,0.0
2026-06-26 22:30:00,QLD1,,6768.1,,0.0
2026-06-26 22:30:00,SA1,,1885.6,,0.0
2026-06-26 22:30:00,TAS1,,1335.03,,0.0
2026-06-26 22:30:00,VIC1,,6635.99,,0.0
2026-06-26 23:00:00,NSW1,,9113.9,,0.0
2026-06-26 23:00:00,QLD1,,6565.78,,0.0
2026-06-26 23:00:00,SA1,,1789.71,,0.0
2026-06-26 23:00:00,TAS1,,1295.35,,0.0
2026-06-26 23:00:00,VIC1,,6370.46,,0.0
2026-06-26 23:30:00,NSW1,,8875.02,,0.0
2026-06-26 23:30:00,QLD1,,6373.84,,0.0
2026-06-26 23:30:00,SA1,,1701.78,,0.0
2026-06-26 23:30:00,TAS1,,1259.0,,0.0
2026-06-26 23:30:00,VIC1,,6268.27,,0.0
2026-06-27 00:00:00,NSW1,,8638.94,,0.0
2026-06-27 00:00:00,QLD1,,6213.38,,0.0
2026-06-27 00:00:00,SA1,,1672.76,,0.0
2026-06-27 00:00:00,TAS1,,1228.35,,0.0
2026-06-27 00:00:00,VIC1,,6102.68,,0.0
2026-06-27 00:30:00,NSW1,,8460.9,,0.0
2026-06-27 00:30:00,QLD1,,6050.88,,0.0
2026-06-27 00:30:00,SA1,,1665.9,,0.0
2026-06-27 00:30:00,TAS1,,1205.0,,0.0
2026-06-27 00:30:00,VIC1,,5932.26,,0.0
2026-06-27 01:00:00,NSW1,,8288.03,,0.0
2026-06-27 01:00:00,QLD1,,5884.99,,0.0
2026-06-27 01:00:00,SA1,,1666.07,,0.0
2026-06-27 01:00:00,TAS1,,1185.0,,0.0
2026-06-27 01:00:00,VIC1,,5746.97,,0.0
2026-06-27 01:30:00,NSW1,,8067.72,,0.0
2026-06-27 01:30:00,QLD1,,5763.32,,0.0
2026-06-27 01:30:00,SA1,,1635.03,,0.0
2026-06-27 01:30:00,TAS1,,1173.0,,0.0
2026-06-27 01:30:00,VIC1,,5588.05,,0.0
2026-06-27 02:00:00,NSW1,,7830.19,0.0,0.0
2026-06-27 02:00:00,QLD1,,5685.52,0.0,0.0
2026-06-27 02:00:00,SA1,,1602.06,0.0,0.0
2026-06-27 02:00:00,TAS1,,1161.0,0.0,0.0
2026-06-27 02:00:00,VIC1,,5415.34,0.0,0.0
2026-06-27 02:30:00,NSW1,,7625.6,0.0,0.0
2026-06-27 02:30:00,QLD1,,5630.24,0.0,0.0
2026-06-27 02:30:00,SA1,,1563.83,0.0,0.0
2026-06-27 02:30:00,TAS1,,1155.0,0.0,0.0
2026-06-27 02:30:00,VIC1,,5269.3,0.0,0.0
2026-06-27 03:00:00,NSW1,,7475.72,,0.0
2026-06-27 03:00:00,QLD1,,5587.9,,0.0
2026-06-27 03:00:00,SA1,,1529.03,,0.0
2026-06-27 03:00:00,TAS1,,1157.0,,0.0
2026-06-27 03:00:00,VIC1,,5110.19,,0.0
2026-06-27 03:15:00,NSW1,7343.13,,,
2026-06-27 03:15:00,QLD1,5549.12,,,
2026-06-27 03:15:00,SA1,1460.29,,,
2026-06-27 03:15:00,TAS1,1163.35,,,
2026-06-27 03:15:00,VIC1,5086.93,,,
2026-06-27 03:20:00,NSW1,7393.89,,,
2026-06-27 03:20:00,QLD1,5556.81,,,
2026-06-27 03:20:00,SA1,1462.47,,,
2026-06-27 03:20:00,TAS1,1163.77,,,
2026-06-27 03:20:00,VIC1,5080.48,,,
2026-06-27 03:30:00,NSW1,,7354.22,,0.0
2026-06-27 03:30:00,QLD1,,5567.44,,0.0
2026-06-27 03:30:00,SA1,,1485.97,,0.0
2026-06-27 03:30:00,TAS1,,1161.0,,0.0
2026-06-27 03:30:00,VIC1,,5050.37,,0.0
2026-06-27 04:00:00,NSW1,,7338.95,,0.0
2026-06-27 04:00:00,QLD1,,5579.33,,0.0
2026-06-27 04:00:00,SA1,,1458.85,,0.0
2026-06-27 04:00:00,TAS1,,1165.0,,0.0
2026-06-27 04:00:00,VIC1,,5008.54,,0.0
2026-06-27 04:30:00,NSW1,,7340.44,,0.0
2026-06-27 04:30:00,QLD1,,5615.35,,0.0
2026-06-27 04:30:00,SA1,,1452.02,,0.0
2026-06-27 04:30:00,TAS1,,1169.0,,0.0
2026-06-27 04:30:00,VIC1,,5019.5,,0.0
2026-06-27 05:00:00,NSW1,,7351.57,,0.0
2026-06-27 05:00:00,QLD1,,5664.51,,0.0
2026-06-27 05:00:00,SA1,,1446.84,,0.0
2026-06-27 05:00:00,TAS1,,1178.0,,0.0
2026-06-27 05:00:00,VIC1,,5047.35,,0.0
2026-06-27 05:30:00,NSW1,,7451.58,,0.0
2026-06-27 05:30:00,QLD1,,5746.54,,0.0
2026-06-27 05:30:00,SA1,,1446.67,,0.0
2026-06-27 05:30:00,TAS1,,1196.0,,0.0
2026-06-27 05:30:00,VIC1,,5147.13,,0.0
2026-06-27 06:00:00,NSW1,,7591.73,,0.0
2026-06-27 06:00:00,QLD1,,5843.86,,0.0
2026-06-27 06:00:00,SA1,,1460.1,,0.0
2026-06-27 06:00:00,TAS1,,1215.0,,0.0
2026-06-27 06:00:00,VIC1,,5270.23,,0.0
2026-06-27 06:30:00,NSW1,,7863.45,0.0,0.0
2026-06-27 06:30:00,QLD1,,6010.67,0.0,0.0
2026-06-27 06:30:00,SA1,,1486.12,0.0,0.0
2026-06-27 06:30:00,TAS1,,1241.0,0.0,0.0
2026-06-27 06:30:00,VIC1,,5481.46,0.0,0.0
2026-06-27 07:00:00,NSW1,,8172.82,13.277,0.0
2026-06-27 07:00:00,QLD1,,6158.01,112.857,62.741
2026-06-27 07:00:00,SA1,,1530.06,0.0,0.0
2026-06-27 07:00:00,TAS1,,1266.0,0.0,0.0
2026-06-27 07:00:00,VIC1,,5699.12,0.0,0.0
2026-06-27 07:30:00,NSW1,,8617.14,,106.951
2026-06-27 07:30:00,QLD1,,6209.55,,243.539
2026-06-27 07:30:00,SA1,,1587.78,,0.0
2026-06-27 07:30:00,TAS1,,1315.0,,0.0
2026-06-27 07:30:00,VIC1,,6011.95,,0.0
2026-06-27 07:45:00,NSW1,8864.29,,,
2026-06-27 07:45:00,QLD1,6044.23,,,
2026-06-27 07:45:00,SA1,1696.76,,,
2026-06-27 07:45:00,TAS1,1356.36,,,
2026-06-27 07:45:00,VIC1,6328.02,,,
2026-06-27 07:50:00,NSW1,8829.81,,,
2026-06-27 07:50:00,QLD1,6020.24,,,
2026-06-27 07:50:00,SA1,1730.11,,,
2026-06-27 07:50:00,TAS1,1368.57,,,
2026-06-27 07:50:00,VIC1,6359.69,,,
2026-06-27 08:00:00,NSW1,,8745.35,,367.967
2026-06-27 08:00:00,QLD1,,6081.6,,640.986
2026-06-27 08:00:00,SA1,,1650.56,,0.0
2026-06-27 08:00:00,TAS1,,1331.0,,2.069
2026-06-27 08:00:00,VIC1,,6275.79,,42.132
2026-06-27 08:30:00,NSW1,,8832.54,,801.692
2026-06-27 08:30:00,QLD1,,5953.14,,1146.258
2026-06-27 08:30:00,SA1,,1725.24,,25.372
2026-06-27 08:30:00,TAS1,,1364.0,,13.132
2026-06-27 08:30:00,VIC1,,6483.36,,127.555
2026-06-27 09:00:00,NSW1,,8747.87,,1261.416
2026-06-27 09:00:00,QLD1,,5789.59,,1640.206
2026-06-27 09:00:00,SA1,,1740.01,,134.234
2026-06-27 09:00:00,TAS1,,1378.03,,35.096
2026-06-27 09:00:00,VIC1,,6453.65,,364.513
2026-06-27 09:30:00,NSW1,,8612.66,,1670.213
2026-06-27 09:30:00,QLD1,,5539.75,,2073.405
2026-06-27 09:30:00,SA1,,1653.12,,297.077
2026-06-27 09:30:00,TAS1,,1368.9,,61.487
2026-06-27 09:30:00,VIC1,,6339.07,,662.731
2026-06-27 10:00:00,NSW1,,8398.16,,1984.429
2026-06-27 10:00:00,QLD1,,5224.65,,2413.228
2026-06-27 10:00:00,SA1,,1508.26,,467.892
2026-06-27 10:00:00,TAS1,,1335.0,,88.931
2026-06-27 10:00:00,VIC1,,6114.92,,975.807
2026-06-27 10:30:00,NSW1,,8123.37,,2175.651
2026-06-27 10:30:00,QLD1,,5025.86,,2645.5
2026-06-27 10:30:00,SA1,,1379.29,,629.766
2026-06-27 10:30:00,TAS1,,1299.0,,109.695
2026-06-27 10:30:00,VIC1,,5866.84,,1221.022
2026-06-27 11:00:00,NSW1,,7875.42,,2313.472
2026-06-27 11:00:00,QLD1,,4902.63,,2817.109
2026-06-27 11:00:00,SA1,,1251.37,,766.598
2026-06-27 11:00:00,TAS1,,1256.0,,125.877
2026-06-27 11:00:00,VIC1,,5581.32,,1442.118
2026-06-27 11:30:00,NSW1,,7714.56,,2383.379
2026-06-27 11:30:00,QLD1,,4867.79,,2930.565
2026-06-27 11:30:00,SA1,,1109.41,,875.239
2026-06-27 11:30:00,TAS1,,1217.0,,136.585
2026-06-27 11:30:00,VIC1,,5381.58,,1607.408
2026-06-27 12:00:00,NSW1,,7626.34,,2404.049
2026-06-27 12:00:00,QLD1,,4850.68,,2999.249
2026-06-27 12:00:00,SA1,,1022.27,,953.638
2026-06-27 12:00:00,TAS1,,1182.0,,143.056
2026-06-27 12:00:00,VIC1,,5188.28,,1753.296
2026-06-27 12:30:00,NSW1,,7620.27,,2392.483
2026-06-27 12:30:00,QLD1,,4828.91,,3014.581
2026-06-27 12:30:00,SA1,,958.08,,993.94
2026-06-27 12:30:00,TAS1,,1160.0,,145.828
2026-06-27 12:30:00,VIC1,,5054.19,,1899.524
2026-06-27 13:00:00,NSW1,,7609.57,,2303.445
2026-06-27 13:00:00,QLD1,,4812.85,,2955.271
2026-06-27 13:00:00,SA1,,912.4,,997.733
2026-06-27 13:00:00,TAS1,,1139.0,,143.586
2026-06-27 13:00:00,VIC1,,5010.27,,2000.853
2026-06-27 13:30:00,NSW1,,7689.65,,2151.953
2026-06-27 13:30:00,QLD1,,4892.64,,2792.3
2026-06-27 13:30:00,SA1,,872.62,,970.63
2026-06-27 13:30:00,TAS1,,1123.0,,136.837
2026-06-27 13:30:00,VIC1,,4995.94,,2032.45
2026-06-27 14:00:00,NSW1,,7830.67,,1938.21
2026-06-27 14:00:00,QLD1,,5003.88,,2551.537
2026-06-27 14:00:00,SA1,,866.59,,926.884
2026-06-27 14:00:00,TAS1,,1116.0,,124.218
2026-06-27 14:00:00,VIC1,,4994.12,,1982.355
2026-06-27 14:30:00,NSW1,,7924.67,,1662.818
2026-06-27 14:30:00,QLD1,,5177.9,,2224.163
2026-06-27 14:30:00,SA1,,905.67,,857.695
2026-06-27 14:30:00,TAS1,,1130.0,,103.989
2026-06-27 14:30:00,VIC1,,4962.91,,1820.874
2026-06-27 15:00:00,NSW1,,8165.42,,1335.009
2026-06-27 15:00:00,QLD1,,5463.83,,1829.305
2026-06-27 15:00:00,SA1,,977.08,,764.055
2026-06-27 15:00:00,TAS1,,1151.0,,78.622
2026-06-27 15:00:00,VIC1,,5111.82,,1536.407
2026-06-27 15:30:00,NSW1,,8444.56,,971.126
2026-06-27 15:30:00,QLD1,,5835.43,,1383.408
2026-06-27 15:30:00,SA1,,1064.48,,646.218
2026-06-27 15:30:00,TAS1,,1182.0,,51.892
2026-06-27 15:30:00,VIC1,,5299.2,,1159.548
2026-06-27 16:00:00,NSW1,,8812.33,,585.009
2026-06-27 16:00:00,QLD1,,6212.64,,903.251
2026-06-27 16:00:00,SA1,,1183.41,,501.61
2026-06-27 16:00:00,TAS1,,1222.0,,27.235
2026-06-27 16:00:00,VIC1,,5565.44,,739.223
2026-06-27 16:30:00,NSW1,,9245.29,,209.541
2026-06-27 16:30:00,QLD1,,6622.33,,448.094
2026-06-27 16:30:00,SA1,,1335.24,,340.541
2026-06-27 16:30:00,TAS1,,1273.0,,8.014
2026-06-27 16:30:00,VIC1,,5905.62,,350.641
2026-06-27 17:00:00,NSW1,,9693.45,42.923,0.0
2026-06-27 17:00:00,QLD1,,7002.26,177.735,151.002
2026-06-27 17:00:00,SA1,,1534.3,152.344,179.229
2026-06-27 17:00:00,TAS1,,1336.0,0.599,0.0
2026-06-27 17:00:00,VIC1,,6341.96,99.226,63.48
2026-06-27 17:30:00,NSW1,,10042.0,0.266,0.0
2026-06-27 17:30:00,QLD1,,7306.12,37.519,0.0
2026-06-27 17:30:00,SA1,,1746.43,33.896,43.305
2026-06-27 17:30:00,TAS1,,1391.0,0.0,0.0
2026-06-27 17:30:00,VIC1,,6785.3,2.442,0.0
2026-06-27 18:00:00,NSW1,,10461.15,,0.0
2026-06-27 18:00:00,QLD1,,7366.3,,0.0
2026-06-27 18:00:00,SA1,,1903.12,,0.0
2026-06-27 18:00:00,TAS1,,1438.0,,0.0
2026-06-27 18:00:00,VIC1,,7239.83,,0.0
2026-06-27 18:05:00,NSW1,10513.32,,,
2026-06-27 18:05:00,QLD1,7411.84,,,
2026-06-27 18:05:00,SA1,2061.15,,,
2026-06-27 18:05:00,TAS1,1455.49,,,
2026-06-27 18:05:00,VIC1,7348.1,,,
2026-06-27 18:10:00,NSW1,10463.19,,,
2026-06-27 18:10:00,QLD1,7306.06,,,
2026-06-27 18:10:00,SA1,2064.5,,,
2026-06-27 18:10:00,TAS1,1452.65,,,
2026-06-27 18:10:00,VIC1,7319.58,,,
2026-06-27 18:30:00,NSW1,,10491.79,,0.0
2026-06-27 18:30:00,QLD1,,7333.23,,0.0
2026-06-27 18:30:00,SA1,,2023.29,,0.0
2026-06-27 18:30:00,TAS1,,1446.0,,0.0
2026-06-27 18:30:00,VIC1,,7368.12,,0.0
2026-06-27 19:00:00,NSW1,,10371.22,,0.0
2026-06-27 19:00:00,QLD1,,7238.8,,0.0
2026-06-27 19:00:00,SA1,,2053.11,,0.0
2026-06-27 19:00:00,TAS1,,1433.0,,0.0
2026-06-27 19:00:00,VIC1,,7298.28,,0.0
2026-06-27 19:30:00,NSW1,,10209.26,,0.0
2026-06-27 19:30:00,QLD1,,7112.13,,0.0
2026-06-27 19:30:00,SA1,,2046.9,,0.0
2026-06-27 19:30:00,TAS1,,1417.0,,0.0
2026-06-27 19:30:00,VIC1,,7220.05,,0.0
2026-06-27 20:00:00,NSW1,,10041.62,,0.0
2026-06-27 20:00:00,QLD1,,6995.14,,0.0
2026-06-27 20:00:00,SA1,,2023.81,,0.0
2026-06-27 20:00:00,TAS1,,1399.0,,0.0
2026-06-27 20:00:00,VIC1,,7128.73,,0.0
2026-06-27 20:30:00,NSW1,,9902.28,,0.0
2026-06-27 20:30:00,QLD1,,6880.61,,0.0
2026-06-27 20:30:00,SA1,,1996.85,,0.0
2026-06-27 20:30:00,TAS1,,1389.0,,0.0
2026-06-27 20:30:00,VIC1,,7015.51,,0.0
2026-06-27 21:00:00,NSW1,,9763.76,0.0,0.0
2026-06-27 21:00:00,QLD1,,6880.28,0.0,0.0
2026-06-27 21:00:00,SA1,,1977.85,0.0,0.0
2026-06-27 21:00:00,TAS1,,1370.0,0.0,0.0
2026-06-27 21:00:00,VIC1,,6889.97,0.0,0.0
2026-06-27 21:30:00,NSW1,,9555.61,0.0,0.0
2026-06-27 21:30:00,QLD1,,6812.51,0.0,0.0
2026-06-27 21:30:00,SA1,,1941.06,0.0,0.0
2026-06-27 21:30:00,TAS1,,1348.0,0.0,0.0
2026-06-27 21:30:00,VIC1,,6744.92,0.0,0.0
2026-06-27 22:00:00,NSW1,,9210.23,,0.0
2026-06-27 22:00:00,QLD1,,6738.78,,0.0
2026-06-27 22:00:00,SA1,,1889.46,,0.0
2026-06-27 22:00:00,TAS1,,1347.0,,0.0
2026-06-27 22:00:00,VIC1,,6705.63,,0.0
2026-06-27 22:10:00,NSW1,9016.54,,,
2026-06-27 22:10:00,QLD1,6625.26,,,
2026-06-27 22:10:00,SA1,1809.66,,,
2026-06-27 22:10:00,TAS1,1313.61,,,
2026-06-27 22:10:00,VIC1,6568.09,,,
2026-06-27 22:15:00,NSW1,9009.17,,,
2026-06-27 22:15:00,QLD1,6607.88,,,
2026-06-27 22:15:00,SA1,1815.86,,,
2026-06-27 22:15:00,TAS1,1305.65,,,
2026-06-27 22:15:00,VIC1,6522.68,,,
2026-06-27 22:30:00,NSW1,,9046.91,,0.0
2026-06-27 22:30:00,QLD1,,6616.68,,0.0
2026-06-27 22:30:00,SA1,,1841.83,,0.0
2026-06-27 22:30:00,TAS1,,1312.0,,0.0
2026-06-27 22:30:00,VIC1,,6458.89,,0.0
2026-06-27 23:00:00,NSW1,,8845.75,,0.0
2026-06-27 23:00:00,QLD1,,6427.62,,0.0
2026-06-27 23:00:00,SA1,,1762.72,,0.0
2026-06-27 23:00:00,TAS1,,1276.0,,0.0
2026-06-27 23:00:00,VIC1,,6286.81,,0.0
2026-06-27 23:30:00,NSW1,,8587.2,,0.0
2026-06-27 23:30:00,QLD1,,6228.71,,0.0
2026-06-27 23:30:00,SA1,,1686.06,,0.0
2026-06-27 23:30:00,TAS1,,1248.0,,0.0
2026-06-27 23:30:00,VIC1,,6222.0,,0.0
2026-06-28 00:00:00,NSW1,,8333.45,,0.0
2026-06-28 00:00:00,QLD1,,6092.12,,0.0
2026-06-28 00:00:00,SA1,,1670.09,,0.0
2026-06-28 00:00:00,TAS1,,1224.0,,0.0
2026-06-28 00:00:00,VIC1,,6102.37,,0.0
2026-06-28 00:30:00,NSW1,,8119.38,,0.0
2026-06-28 00:30:00,QLD1,,5948.06,,0.0
2026-06-28 00:30:00,SA1,,1667.09,,0.0
2026-06-28 00:30:00,TAS1,,1202.0,,0.0
2026-06-28 00:30:00,VIC1,,5929.16,,0.0
2026-06-28 01:00:00,NSW1,,7935.35,0.0,0.0
2026-06-28 01:00:00,QLD1,,5797.92,0.0,0.0
2026-06-28 01:00:00,SA1,,1664.07,0.0,0.0
2026-06-28 01:00:00,TAS1,,1182.0,0.0,0.0
2026-06-28 01:00:00,VIC1,,5734.93,0.0,0.0
2026-06-28 01:30:00,NSW1,,7704.5,0.0,0.0
2026-06-28 01:30:00,QLD1,,5684.51,0.0,0.0
2026-06-28 01:30:00,SA1,,1631.08,0.0,0.0
2026-06-28 01:30:00,TAS1,,1170.0,0.0,0.0
2026-06-28 01:30:00,VIC1,,5561.39,0.0,0.0
2026-06-28 02:00:00,NSW1,,7500.09,,0.0
2026-06-28 02:00:00,QLD1,,5592.04,,0.0
2026-06-28 02:00:00,SA1,,1553.08,,0.0
2026-06-28 02:00:00,TAS1,,1171.0,,0.0
2026-06-28 02:00:00,VIC1,,5293.17,,0.0
2026-06-28 02:15:00,NSW1,7241.76,,,
2026-06-28 02:15:00,QLD1,5497.76,,,
2026-06-28 02:15:00,SA1,1511.13,,,
2026-06-28 02:15:00,TAS1,1161.04,,,
2026-06-28 02:15:00,VIC1,5162.31,,,
2026-06-28 02:20:00,NSW1,7282.43,,,
2026-06-28 02:20:00,QLD1,5512.28,,,
2026-06-28 02:20:00,SA1,1501.66,,,
2026-06-28 02:20:00,TAS1,1164.2,,,
2026-06-28 02:20:00,VIC1,5144.34,,,
2026-06-28 02:30:00,NSW1,,7291.47,,0.0
2026-06-28 02:30:00,QLD1,,5525.11,,0.0
2026-06-28 02:30:00,SA1,,1516.02,,0.0
2026-06-28 02:30:00,TAS1,,1168.0,,0.0
2026-06-28 02:30:00,VIC1,,5205.76,,0.0
2026-06-28 03:00:00,NSW1,,7148.25,,0.0
2026-06-28 03:00:00,QLD1,,5498.15,,0.0
2026-06-28 03:00:00,SA1,,1475.87,,0.0
2026-06-28 03:00:00,TAS1,,1167.0,,0.0
2026-06-28 03:00:00,VIC1,,5088.25,,0.0
2026-06-28 03:30:00,NSW1,,7083.28,,0.0
2026-06-28 03:30:00,QLD1,,5505.74,,0.0
2026-06-28 03:30:00,SA1,,1445.41,,0.0
2026-06-28 03:30:00,TAS1,,1168.0,,0.0
2026-06-28 03:30:00,VIC1,,5028.52,,0.0
2026-06-28 04:00:00,NSW1,,7018.62,,0.0
2026-06-28 04:00:00,QLD1,,5493.75,,0.0
2026-06-28 04:00:00,SA1,,1424.41,,0.0
2026-06-28 04:00:00,TAS1,,1168.0,,0.0
2026-06-28 04:00:00,VIC1,,5004.65,,0.0
2026-06-28 04:30:00,NSW1,,7017.83,,0.0
2026-06-28 04:30:00,QLD1,,5530.06,,0.0
2026-06-28 04:30:00,SA1,,1410.94,,0.0
2026-06-28 04:30:00,TAS1,,1171.0,,0.0
2026-06-28 04:30:00,VIC1,,4986.38,,0.0
2026-06-28 05:00:00,NSW1,,7024.75,,0.0
2026-06-28 05:00:00,QLD1,,5576.21,,0.0
2026-06-28 05:00:00,SA1,,1401.98,,0.0
2026-06-28 05:00:00,TAS1,,1178.0,,0.0
2026-06-28 05:00:00,VIC1,,4990.78,,0.0
2026-06-28 05:30:00,NSW1,,7071.67,0.0,0.0
2026-06-28 05:30:00,QLD1,,5635.84,0.0,0.0
2026-06-28 05:30:00,SA1,,1395.64,0.0,0.0
2026-06-28 05:30:00,TAS1,,1194.0,0.0,0.0
2026-06-28 05:30:00,VIC1,,5049.96,0.0,0.0
2026-06-28 06:00:00,NSW1,,7132.14,0.0,0.0
2026-06-28 06:00:00,QLD1,,5697.15,0.0,0.0
2026-06-28 06:00:00,SA1,,1398.38,0.0,0.0
2026-06-28 06:00:00,TAS1,,1209.0,0.0,0.0
2026-06-28 06:00:00,VIC1,,5144.1,0.0,0.0
2026-06-28 06:30:00,NSW1,,7404.93,,0.0
2026-06-28 06:30:00,QLD1,,5843.85,,0.0
2026-06-28 06:30:00,SA1,,1390.32,,0.0
2026-06-28 06:30:00,TAS1,,1146.0,,0.0
2026-06-28 06:30:00,VIC1,,5274.49,,0.0
2026-06-28 06:35:00,NSW1,7543.87,,,
2026-06-28 06:35:00,QLD1,5924.43,,,
2026-06-28 06:35:00,SA1,1408.39,,,
2026-06-28 06:35:00,TAS1,1157.13,,,
2026-06-28 06:35:00,VIC1,5427.11,,,
2026-06-28 06:40:00,NSW1,7562.3,,,
2026-06-28 06:40:00,QLD1,5952.75,,,
2026-06-28 06:40:00,SA1,1373.75,,,
2026-06-28 06:40:00,TAS1,1119.43,,,
2026-06-28 06:40:00,VIC1,5491.75,,,
2026-06-28 07:00:00,NSW1,,7611.21,,0.0
2026-06-28 07:00:00,QLD1,,5915.06,,76.307
2026-06-28 07:00:00,SA1,,1413.62,,0.0
2026-06-28 07:00:00,TAS1,,1176.0,,0.0
2026-06-28 07:00:00,VIC1,,5482.31,,0.0
2026-06-28 07:30:00,NSW1,,7881.81,,83.126
2026-06-28 07:30:00,QLD1,,5932.86,,236.035
2026-06-28 07:30:00,SA1,,1455.23,,0.0
2026-06-28 07:30:00,TAS1,,1193.0,,0.0
2026-06-28 07:30:00,VIC1,,5705.52,,0.0
2026-06-28 08:00:00,NSW1,,8140.4,,313.028
2026-06-28 08:00:00,QLD1,,5824.24,,619.664
2026-06-28 08:00:00,SA1,,1526.34,,0.0
2026-06-28 08:00:00,TAS1,,1234.0,,0.865
2026-06-28 08:00:00,VIC1,,5949.91,,24.971
2026-06-28 08:30:00,NSW1,,8249.38,,692.088
2026-06-28 08:30:00,QLD1,,5719.21,,1103.716
2026-06-28 08:30:00,SA1,,1592.78,,18.628
2026-06-28 08:30:00,TAS1,,1269.0,,13.014
2026-06-28 08:30:00,VIC1,,6174.59,,169.29
2026-06-28 09:00:00,NSW1,,8200.4,1050.094,1090.667
2026-06-28 09:00:00,QLD1,,5526.97,1586.381,1582.207
2026-06-28 09:00:00,SA1,,1615.62,235.366,122.943
2026-06-28 09:00:00,TAS1,,1284.0,33.367,36.792
2026-06-28 09:00:00,VIC1,,6193.12,604.966,489.903
2026-06-28 09:30:00,NSW1,,8139.97,1375.522,1427.882
2026-06-28 09:30:00,QLD1,,5311.69,1886.951,1966.535
2026-06-28 09:30:00,SA1,,1564.83,402.129,258.098
2026-06-28 09:30:00,TAS1,,1278.0,50.402,63.16
2026-06-28 09:30:00,VIC1,,6076.66,897.436,820.307
2026-06-28 10:00:00,NSW1,,8206.69,,1390.379
2026-06-28 10:00:00,QLD1,,5095.26,,2310.19
2026-06-28 10:00:00,SA1,,1385.83,,423.226
2026-06-28 10:00:00,TAS1,,1297.0,,77.994
2026-06-28 10:00:00,VIC1,,6200.86,,1112.15
2026-06-28 10:10:00,NSW1,8108.04,,,
2026-06-28 10:10:00,QLD1,5065.51,,,
2026-06-28 10:10:00,SA1,1235.91,,,
2026-06-28 10:10:00,TAS1,1299.45,,,
2026-06-28 10:10:00,VIC1,5838.15,,,
2026-06-28 10:15:00,NSW1,8120.2,,,
2026-06-28 10:15:00,QLD1,5053.49,,,
2026-06-28 10:15:00,SA1,1211.6,,,
2026-06-28 10:15:00,TAS1,1285.23,,,
2026-06-28 10:15:00,VIC1,5779.23,,,
2026-06-28 10:30:00,NSW1,,7955.27,,1656.46
2026-06-28 10:30:00,QLD1,,4973.23,,2485.635
2026-06-28 10:30:00,SA1,,1218.95,,560.136
2026-06-28 10:30:00,TAS1,,1270.0,,98.541
2026-06-28 10:30:00,VIC1,,5801.42,,1448.518
2026-06-28 11:00:00,NSW1,,7788.57,,1801.659
2026-06-28 11:00:00,QLD1,,4924.34,,2609.404
2026-06-28 11:00:00,SA1,,1158.31,,655.301
2026-06-28 11:00:00,TAS1,,1226.0,,119.19
2026-06-28 11:00:00,VIC1,,5464.13,,1752.718
2026-06-28 11:30:00,NSW1,,7724.95,,1903.519
2026-06-28 11:30:00,QLD1,,4998.18,,2678.543
2026-06-28 11:30:00,SA1,,1133.81,,721.342
2026-06-28 11:30:00,TAS1,,1174.0,,134.623
2026-06-28 11:30:00,VIC1,,5024.67,,1963.041
2026-06-28 12:00:00,NSW1,,7654.56,,1968.536
2026-06-28 12:00:00,QLD1,,5039.34,,2707.76
2026-06-28 12:00:00,SA1,,1136.22,,763.545
2026-06-28 12:00:00,TAS1,,1132.0,,144.723
2026-06-28 12:00:00,VIC1,,4670.85,,2074.691
2026-06-28 12:30:00,NSW1,,7645.31,,1997.489
2026-06-28 12:30:00,QLD1,,5009.55,,2669.608
2026-06-28 12:30:00,SA1,,1118.28,,783.327
2026-06-28 12:30:00,TAS1,,1106.0,,148.64
2026-06-28 12:30:00,VIC1,,4424.92,,2130.675
2026-06-28 13:00:00,NSW1,,7604.85,,2074.036
2026-06-28 13:00:00,QLD1,,4944.1,,2635.026
2026-06-28 13:00:00,SA1,,1123.74,,760.057
2026-06-28 13:00:00,TAS1,,1080.0,,148.868
2026-06-28 13:00:00,VIC1,,4285.16,,2082.104
2026-06-28 13:30:00,NSW1,,7668.64,,1978.433
2026-06-28 13:30:00,QLD1,,5011.27,,2476.409
2026-06-28 13:30:00,SA1,,1128.13,,730.878
2026-06-28 13:30:00,TAS1,,1066.0,,140.248
2026-06-28 13:30:00,VIC1,,4282.16,,2004.924
2026-06-28 14:00:00,NSW1,,7792.96,,1819.304
2026-06-28 14:00:00,QLD1,,5126.32,,2258.218
2026-06-28 14:00:00,SA1,,1124.64,,689.008
2026-06-28 14:00:00,TAS1,,1054.0,,125.749
2026-06-28 14:00:00,VIC1,,4279.33,,1861.752
2026-06-28 14:30:00,NSW1,,7869.32,,1587.935
2026-06-28 14:30:00,QLD1,,5302.56,,1972.831
2026-06-28 14:30:00,SA1,,1133.66,,628.286
2026-06-28 14:30:00,TAS1,,1063.0,,105.186
2026-06-28 14:30:00,VIC1,,4314.18,,1649.235
2026-06-28 15:00:00,NSW1,,8070.97,,1290.489
2026-06-28 15:00:00,QLD1,,5630.25,,1637.122
2026-06-28 15:00:00,SA1,,1178.97,,552.744
2026-06-28 15:00:00,TAS1,,1077.0,,80.676
2026-06-28 15:00:00,VIC1,,4541.68,,1376.615
2026-06-28 15:30:00,NSW1,,8338.98,,947.782
2026-06-28 15:30:00,QLD1,,5995.24,,1189.431
2026-06-28 15:30:00,SA1,,1274.99,,459.259
2026-06-28 15:30:00,TAS1,,1104.0,,54.533
2026-06-28 15:30:00,VIC1,,4838.48,,1027.269
2026-06-28 16:00:00,NSW1,,8697.6,,567.971
2026-06-28 16:00:00,QLD1,,6359.46,,783.418
2026-06-28 16:00:00,SA1,,1374.04,,354.784
2026-06-28 16:00:00,TAS1,,1145.0,,28.843
2026-06-28 16:00:00,VIC1,,5294.79,,663.394
2026-06-28 16:30:00,NSW1,,9113.89,,198.506
2026-06-28 16:30:00,QLD1,,6742.5,,395.794
2026-06-28 16:30:00,SA1,,1492.17,,243.769
2026-06-28 16:30:00,TAS1,,1195.0,,8.053
2026-06-28 16:30:00,VIC1,,5740.95,,322.588
2026-06-28 17:00:00,NSW1,,9561.48,,0.0
2026-06-28 17:00:00,QLD1,,7111.78,,138.618
2026-06-28 17:00:00,SA1,,1643.11,,126.868
2026-06-28 17:00:00,TAS1,,1260.0,,0.0
2026-06-28 17:00:00,VIC1,,6216.48,,57.1
2026-06-28 17:30:00,NSW1,,9938.82,,0.0
2026-06-28 17:30:00,QLD1,,7439.85,,12.533
2026-06-28 17:30:00,SA1,,1811.79,,26.426
2026-06-28 17:30:00,TAS1,,1322.0,,0.0
2026-06-28 17:30:00,VIC1,,6632.77,,0.0
2026-06-28 18:00:00,NSW1,,10226.43,,0.0
2026-06-28 18:00:00,QLD1,,7691.41,,0.0
2026-06-28 18:00:00,SA1,,1944.79,,0.0
2026-06-28 18:00:00,TAS1,,1355.0,,0.0
2026-06-28 18:00:00,VIC1,,6991.56,,0.0
2026-06-28 18:30:00,NSW1,,10266.77,,0.0
2026-06-28 18:30:00,QLD1,,7696.76,,0.0
2026-06-28 18:30:00,SA1,,2028.9,,0.0
2026-06-28 18:30:00,TAS1,,1357.0,,0.0
2026-06-28 18:30:00,VIC1,,7096.74,,0.0
2026-06-28 19:00:00,NSW1,,10185.84,0.0,0.0
2026-06-28 19:00:00,QLD1,,7574.97,0.0,0.0
2026-06-28 19:00:00,SA1,,2037.13,0.0,0.0
2026-06-28 19:00:00,TAS1,,1348.0,0.0,0.0
2026-06-28 19:00:00,VIC1,,7076.88,0.0,0.0
2026-06-28 19:30:00,NSW1,,10029.1,0.0,0.0
2026-06-28 19:30:00,QLD1,,7416.41,0.0,0.0
2026-06-28 19:30:00,SA1,,2006.62,0.0,0.0
2026-06-28 19:30:00,TAS1,,1335.0,0.0,0.0
2026-06-28 19:30:00,VIC1,,6976.89,0.0,0.0
2026-06-28 20:00:00,NSW1,,10087.04,,0.0
2026-06-28 20:00:00,QLD1,,7219.23,,0.0
2026-06-28 20:00:00,SA1,,1951.05,,0.0
2026-06-28 20:00:00,TAS1,,1300.0,,0.0
2026-06-28 20:00:00,VIC1,,6884.27,,0.0
2026-06-28 20:10:00,NSW1,9893.17,,,
2026-06-28 20:10:00,QLD1,7100.09,,,
2026-06-28 20:10:00,SA1,1906.94,,,
2026-06-28 20:10:00,TAS1,1294.2,,,
2026-06-28 20:10:00,VIC1,6801.98,,,
2026-06-28 20:15:00,NSW1,9886.25,,,
2026-06-28 20:15:00,QLD1,7063.47,,,
2026-06-28 20:15:00,SA1,1899.01,,,
2026-06-28 20:15:00,TAS1,1291.08,,,
2026-06-28 20:15:00,VIC1,6784.05,,,
2026-06-28 20:30:00,NSW1,,9884.7,,0.0
2026-06-28 20:30:00,QLD1,,7083.2,,0.0
2026-06-28 20:30:00,SA1,,1932.03,,0.0
2026-06-28 20:30:00,TAS1,,1285.0,,0.0
2026-06-28 20:30:00,VIC1,,6831.6,,0.0
2026-06-28 21:00:00,NSW1,,9703.22,,0.0
2026-06-28 21:00:00,QLD1,,7005.2,,0.0
2026-06-28 21:00:00,SA1,,1896.92,,0.0
2026-06-28 21:00:00,TAS1,,1263.0,,0.0
2026-06-28 21:00:00,VIC1,,6655.47,,0.0
2026-06-28 21:30:00,NSW1,,9447.37,,0.0
2026-06-28 21:30:00,QLD1,,6929.65,,0.0
2026-06-28 21:30:00,SA1,,1854.01,,0.0
2026-06-28 21:30:00,TAS1,,1238.0,,0.0
2026-06-28 21:30:00,VIC1,,6482.65,,0.0
2026-06-28 22:00:00,NSW1,,9128.95,,0.0
2026-06-28 22:00:00,QLD1,,6747.9,,0.0
2026-06-28 22:00:00,SA1,,1794.99,,0.0
2026-06-28 22:00:00,TAS1,,1202.0,,0.0
2026-06-28 22:00:00,VIC1,,6263.34,,0.0
2026-06-28 22:30:00,NSW1,,8843.2,,0.0
2026-06-28 22:30:00,QLD1,,6540.7,,0.0
2026-06-28 22:30:00,SA1,,1728.06,,0.0
2026-06-28 22:30:00,TAS1,,1162.0,,0.0
2026-06-28 22:30:00,VIC1,,6002.65,,0.0
2026-06-28 23:00:00,NSW1,,8570.24,,0.0
2026-06-28 23:00:00,QLD1,,6341.7,,0.0
2026-06-28 23:00:00,SA1,,1659.01,,0.0
2026-06-28 23:00:00,TAS1,,1123.0,,0.0
2026-06-28 23:00:00,VIC1,,5792.54,,0.0
2026-06-28 23:30:00,NSW1,,8328.94,,0.0
2026-06-28 23:30:00,QLD1,,6165.69,,0.0
2026-06-28 23:30:00,SA1,,1600.93,,0.0
2026-06-28 23:30:00,TAS1,,1089.0,,0.0
2026-06-28 23:30:00,VIC1,,5708.78,,0.0
2026-06-29 00:00:00,NSW1,,8103.79,0.0,0.0
2026-06-29 00:00:00,QLD1,,6038.21,0.0,0.0
2026-06-29 00:00:00,SA1,,1599.13,0.0,0.0
2026-06-29 00:00:00,TAS1,,1064.0,0.0,0.0
2026-06-29 00:00:00,VIC1,,5583.26,0.0,0.0
2026-06-29 00:30:00,NSW1,,7940.34,0.0,0.0
2026-06-29 00:30:00,QLD1,,5903.16,0.0,0.0
2026-06-29 00:30:00,SA1,,1598.26,0.0,0.0
2026-06-29 00:30:00,TAS1,,1045.0,0.0,0.0
2026-06-29 00:30:00,VIC1,,5387.92,0.0,0.0
2026-06-29 01:00:00,NSW1,7567.9,7765.06,,0.0
2026-06-29 01:00:00,QLD1,5646.52,5706.65,,0.0
2026-06-29 01:00:00,SA1,1590.57,1591.83,,0.0
2026-06-29 01:00:00,TAS1,1005.8,996.0,,0.0
2026-06-29 01:00:00,VIC1,5120.24,5255.68,,0.0
2026-06-29 01:05:00,NSW1,7530.59,,,
2026-06-29 01:05:00,QLD1,5615.89,,,
2026-06-29 01:05:00,SA1,1581.91,,,
2026-06-29 01:05:00,TAS1,1006.12,,,
2026-06-29 01:05:00,VIC1,5057.54,,,
2026-06-29 01:30:00,NSW1,,7484.54,,0.0
2026-06-29 01:30:00,QLD1,,5637.67,,0.0
2026-06-29 01:30:00,SA1,,1578.88,,0.0
2026-06-29 01:30:00,TAS1,,986.0,,0.0
2026-06-29 01:30:00,VIC1,,5063.02,,0.0
2026-06-29 02:00:00,NSW1,,7337.27,,0.0
2026-06-29 02:00:00,QLD1,,5588.02,,0.0
2026-06-29 02:00:00,SA1,,1558.87,,0.0
2026-06-29 02:00:00,TAS1,,975.0,,0.0
2026-06-29 02:00:00,VIC1,,4908.46,,0.0
2026-06-29 02:30:00,NSW1,,7236.35,,0.0
2026-06-29 02:30:00,QLD1,,5545.8,,0.0
2026-06-29 02:30:00,SA1,,1519.72,,0.0
2026-06-29 02:30:00,TAS1,,975.0,,0.0
2026-06-29 02:30:00,VIC1,,4769.28,,0.0
2026-06-29 03:00:00,NSW1,,7135.39,,0.0
2026-06-29 03:00:00,QLD1,,5527.71,,0.0
2026-06-29 03:00:00,SA1,,1483.88,,0.0
2026-06-29 03:00:00,TAS1,,979.0,,0.0
2026-06-29 03:00:00,VIC1,,4669.47,,0.0
2026-06-29 03:30:00,NSW1,,7070.18,,0.0
2026-06-29 03:30:00,QLD1,,5538.64,,0.0
2026-06-29 03:30:00,SA1,,1456.88,,0.0
2026-06-29 03:30:00,TAS1,,982.0,,0.0
2026-06-29 03:30:00,VIC1,,4601.37,,0.0
2026-06-29 04:00:00,NSW1,,7044.14,,0.0
2026-06-29 04:00:00,QLD1,,5564.52,,0.0
2026-06-29 04:00:00,SA1,,1434.67,,0.0
2026-06-29 04:00:00,TAS1,,984.0,,0.0
2026-06-29 04:00:00,VIC1,,4565.11,,0.0
2026-06-29 04:30:00,NSW1,,7105.31,0.0,0.0
2026-06-29 04:30:00,QLD1,,5651.17,0.0,0.0
2026-06-29 04:30:00,SA1,,1425.89,0.0,0.0
2026-06-29 04:30:00,TAS1,,995.0,0.0,0.0
2026-06-29 04:30:00,VIC1,,4572.26,0.0,0.0
2026-06-29 05:00:00,NSW1,,7234.06,0.0,0.0
2026-06-29 05:00:00,QLD1,,5788.08,0.0,0.0
2026-06-29 05:00:00,SA1,,1424.9,0.0,0.0
2026-06-29 05:00:00,TAS1,,1012.0,0.0,0.0
2026-06-29 05:00:00,VIC1,,4638.44,0.0,0.0
2026-06-29 05:30:00,NSW1,,7468.9,,0.0
2026-06-29 05:30:00,QLD1,,5927.0,,0.0
2026-06-29 05:30:00,SA1,,1448.28,,0.0
2026-06-29 05:30:00,TAS1,,1101.0,,0.0
2026-06-29 05:30:00,VIC1,,4877.41,,0.0
2026-06-29 05:55:00,NSW1,7855.04,,,
2026-06-29 05:55:00,QLD1,6222.26,,,
2026-06-29 05:55:00,SA1,1475.21,,,
2026-06-29 05:55:00,TAS1,1196.4,,,
2026-06-29 05:55:00,VIC1,5197.72,,,
2026-06-29 06:00:00,NSW1,7905.43,7701.01,,0.0
2026-06-29 06:00:00,QLD1,6221.02,6209.07,,0.0
2026-06-29 06:00:00,SA1,1461.2,1451.19,,0.0
2026-06-29 06:00:00,TAS1,1205.92,1140.0,,0.0
2026-06-29 06:00:00,VIC1,5281.0,5127.35,,0.0
2026-06-29 06:30:00,NSW1,,8376.95,,0.0
2026-06-29 06:30:00,QLD1,,6545.21,,0.0
2026-06-29 06:30:00,SA1,,1502.89,,0.0
2026-06-29 06:30:00,TAS1,,1214.0,,0.0
2026-06-29 06:30:00,VIC1,,5591.25,,0.0
2026-06-29 07:00:00,NSW1,,9037.98,,0.0
2026-06-29 07:00:00,QLD1,,6726.04,,67.513
2026-06-29 07:00:00,SA1,,1605.56,,0.0
2026-06-29 07:00:00,TAS1,,1293.0,,0.0
2026-06-29 07:00:00,VIC1,,6049.39,,0.0
2026-06-29 07:30:00,NSW1,,9552.74,,57.28
2026-06-29 07:30:00,QLD1,,6820.44,,227.759
2026-06-29 07:30:00,SA1,,1712.98,,0.0
2026-06-29 07:30:00,TAS1,,1359.0,,0.0
2026-06-29 07:30:00,VIC1,,6540.92,,0.0
2026-06-29 08:00:00,NSW1,,9801.25,,345.409
2026-06-29 08:00:00,QLD1,,6734.16,,638.593
2026-06-29 08:00:00,SA1,,1851.93,,0.0
2026-06-29 08:00:00,TAS1,,1414.0,,0.0
2026-06-29 08:00:00,VIC1,,6989.27,,0.0
2026-06-29 08:30:00,NSW1,,9688.98,741.069,765.576
2026-06-29 08:30:00,QLD1,,6562.16,1359.686,1145.839
2026-06-29 08:30:00,SA1,,1954.86,56.338,0.0
2026-06-29 08:30:00,TAS1,,1425.0,14.516,7.831
2026-06-29 08:30:00,VIC1,,7273.83,204.324,63.446
2026-06-29 09:00:00,NSW1,,9364.98,1064.114,1223.839
2026-06-29 09:00:00,QLD1,,6278.4,1802.703,1648.243
2026-06-29 09:00:00,SA1,,1988.85,164.813,48.847
2026-06-29 09:00:00,TAS1,,1405.0,32.018,24.822
2026-06-29 09:00:00,VIC1,,7301.03,381.99,253.499
2026-06-29 09:30:00,NSW1,,9524.73,,1237.66
2026-06-29 09:30:00,QLD1,,5895.61,,1790.163
2026-06-29 09:30:00,SA1,,1879.01,,139.881
2026-06-29 09:30:00,TAS1,,1349.0,,44.653
2026-06-29 09:30:00,VIC1,,7345.89,,518.876
2026-06-29 09:45:00,NSW1,9117.89,,,
2026-06-29 09:45:00,QLD1,5553.41,,,
2026-06-29 09:45:00,SA1,1819.7,,,
2026-06-29 09:45:00,TAS1,1269.35,,,
2026-06-29 09:45:00,VIC1,7357.06,,,
2026-06-29 09:50:00,NSW1,9100.16,,,
2026-06-29 09:50:00,QLD1,5458.78,,,
2026-06-29 09:50:00,SA1,1803.64,,,
2026-06-29 09:50:00,TAS1,1259.1,,,
2026-06-29 09:50:00,VIC1,7274.04,,,
2026-06-29 10:00:00,NSW1,,9163.58,,1621.779
2026-06-29 10:00:00,QLD1,,5519.99,,2083.634
2026-06-29 10:00:00,SA1,,1837.66,,227.141
2026-06-29 10:00:00,TAS1,,1253.0,,61.524
2026-06-29 10:00:00,VIC1,,7280.31,,451.895
2026-06-29 10:30:00,NSW1,,8807.71,,1906.752
2026-06-29 10:30:00,QLD1,,5441.86,,2298.693
2026-06-29 10:30:00,SA1,,1763.52,,301.533
2026-06-29 10:30:00,TAS1,,1226.0,,76.811
2026-06-29 10:30:00,VIC1,,7089.22,,601.104
2026-06-29 11:00:00,NSW1,,8470.05,,2141.927
2026-06-29 11:00:00,QLD1,,5529.31,,2483.391
2026-06-29 11:00:00,SA1,,1734.19,,371.971
2026-06-29 11:00:00,TAS1,,1197.0,,87.659
2026-06-29 11:00:00,VIC1,,6838.4,,724.806
2026-06-29 11:30:00,NSW1,,8208.12,,2316.238
2026-06-29 11:30:00,QLD1,,5637.09,,2599.84
2026-06-29 11:30:00,SA1,,1697.81,,432.987
2026-06-29 11:30:00,TAS1,,1167.0,,94.827
2026-06-29 11:30:00,VIC1,,6681.39,,813.057
2026-06-29 12:00:00,NSW1,,8016.68,,2423.845
2026-06-29 12:00:00,QLD1,,5677.84,,2666.983
2026-06-29 12:00:00,SA1,,1679.54,,474.993
2026-06-29 12:00:00,TAS1,,1144.0,,99.388
2026-06-29 12:00:00,VIC1,,6521.92,,869.108
2026-06-29 12:30:00,NSW1,,7891.83,,2501.341
2026-06-29 12:30:00,QLD1,,5711.91,,2416.975
2026-06-29 12:30:00,SA1,,1655.69,,491.952
2026-06-29 12:30:00,TAS1,,1128.0,,99.148
2026-06-29 12:30:00,VIC1,,6369.24,,955.494
2026-06-29 13:00:00,NSW1,,7814.94,,2450.074
2026-06-29 13:00:00,QLD1,,5753.99,,2356.815
2026-06-29 13:00:00,SA1,,1638.33,,503.681
2026-06-29 13:00:00,TAS1,,1113.0,,99.432
2026-06-29 13:00:00,VIC1,,6298.9,,949.115
2026-06-29 13:30:00,NSW1,,7822.74,,2316.615
2026-06-29 13:30:00,QLD1,,5849.79,,2237.056
2026-06-29 13:30:00,SA1,,1604.73,,500.897
2026-06-29 13:30:00,TAS1,,1106.0,,96.383
2026-06-29 13:30:00,VIC1,,6337.77,,905.718
2026-06-29 14:00:00,NSW1,,7836.39,,2126.612
2026-06-29 14:00:00,QLD1,,5949.42,,2065.292
2026-06-29 14:00:00,SA1,,1578.02,,497.614
2026-06-29 14:00:00,TAS1,,1099.0,,88.664
2026-06-29 14:00:00,VIC1,,6368.57,,836.78
2026-06-29 14:30:00,NSW1,,7917.03,,1854.741
2026-06-29 14:30:00,QLD1,,6068.43,,1823.557
2026-06-29 14:30:00,SA1,,1543.03,,474.731
2026-06-29 14:30:00,TAS1,,1108.0,,75.659
2026-06-29 14:30:00,VIC1,,6283.76,,729.584
2026-06-29 15:00:00,NSW1,,8117.21,,1526.085
2026-06-29 15:00:00,QLD1,,6250.72,,1650.224
2026-06-29 15:00:00,SA1,,1545.16,,439.005
2026-06-29 15:00:00,TAS1,,1115.0,,57.398
2026-06-29 15:00:00,VIC1,,6268.48,,666.245
2026-06-29 15:30:00,NSW1,,8379.79,,1114.914
2026-06-29 15:30:00,QLD1,,6513.24,,1275.053
2026-06-29 15:30:00,SA1,,1565.11,,378.015
2026-06-29 15:30:00,TAS1,,1132.0,,38.063
2026-06-29 15:30:00,VIC1,,6323.02,,491.79
2026-06-29 16:00:00,NSW1,,8796.29,,682.758
2026-06-29 16:00:00,QLD1,,6796.24,,857.936
2026-06-29 16:00:00,SA1,,1601.01,,297.843
2026-06-29 16:00:00,TAS1,,1161.0,,19.883
2026-06-29 16:00:00,VIC1,,6567.83,,294.405
2026-06-29 16:30:00,NSW1,,9279.41,,259.222
2026-06-29 16:30:00,QLD1,,7111.37,,442.732
2026-06-29 16:30:00,SA1,,1662.26,,207.563
2026-06-29 16:30:00,TAS1,,1194.0,,5.526
2026-06-29 16:30:00,VIC1,,6843.5,,118.93
2026-06-29 17:00:00,NSW1,,9782.51,,14.138
2026-06-29 17:00:00,QLD1,,7474.04,,153.349
2026-06-29 17:00:00,SA1,,1766.22,,112.491
2026-06-29 17:00:00,TAS1,,1248.0,,0.0
2026-06-29 17:00:00,VIC1,,7158.8,,9.275
2026-06-29 17:30:00,NSW1,,10247.16,,0.0
2026-06-29 17:30:00,QLD1,,7758.91,,16.252
2026-06-29 17:30:00,SA1,,1903.03,,30.176
2026-06-29 17:30:00,TAS1,,1305.0,,0.0
2026-06-29 17:30:00,VIC1,,7519.94,,0.0
2026-06-29 18:00:00,NSW1,,10619.95,,0.0
2026-06-29 18:00:00,QLD1,,8014.16,,0.0
2026-06-29 18:00:00,SA1,,2019.78,,0.0
2026-06-29 18:00:00,TAS1,,1339.0,,0.0
2026-06-29 18:00:00,VIC1,,7774.82,,0.0
2026-06-29 18:30:00,NSW1,,10610.54,,0.0
2026-06-29 18:30:00,QLD1,,8024.29,,0.0
2026-06-29 18:30:00,SA1,,2099.29,,0.0
2026-06-29 18:30:00,TAS1,,1341.0,,0.0
2026-06-29 18:30:00,VIC1,,7722.67,,0.0
2026-06-29 19:00:00,NSW1,,10540.67,,0.0
2026-06-29 19:00:00,QLD1,,7921.53,,0.0
2026-06-29 19:00:00,SA1,,2108.25,,0.0
2026-06-29 19:00:00,TAS1,,1335.0,,0.0
2026-06-29 19:00:00,VIC1,,7622.3,,0.0
2026-06-29 19:30:00,NSW1,,10312.04,,0.0
2026-06-29 19:30:00,QLD1,,7730.0,,0.0
2026-06-29 19:30:00,SA1,,2073.22,,0.0
2026-06-29 19:30:00,TAS1,,1318.0,,0.0
2026-06-29 19:30:00,VIC1,,7376.67,,0.0
2026-06-29 20:00:00,NSW1,,10118.04,,0.0
2026-06-29 20:00:00,QLD1,,7566.63,,0.0
2026-06-29 20:00:00,SA1,,2031.27,,0.0
2026-06-29 20:00:00,TAS1,,1298.0,,0.0
2026-06-29 20:00:00,VIC1,,7208.59,,0.0
2026-06-29 20:30:00,NSW1,,9942.65,,0.0
2026-06-29 20:30:00,QLD1,,7401.56,,0.0
2026-06-29 20:30:00,SA1,,1990.29,,0.0
2026-06-29 20:30:00,TAS1,,1282.0,,0.0
2026-06-29 20:30:00,VIC1,,7021.45,,0.0
2026-06-29 21:00:00,NSW1,,9735.61,,0.0
2026-06-29 21:00:00,QLD1,,7347.58,,0.0
2026-06-29 21:00:00,SA1,,1949.44,,0.0
2026-06-29 21:00:00,TAS1,,1254.0,,0.0
2026-06-29 21:00:00,VIC1,,6843.86,,0.0
2026-06-29 21:30:00,NSW1,,9435.71,,0.0
2026-06-29 21:30:00,QLD1,,7215.75,,0.0
2026-06-29 21:30:00,SA1,,1891.58,,0.0
2026-06-29 21:30:00,TAS1,,1230.0,,0.0
2026-06-29 21:30:00,VIC1,,6619.74,,0.0
2026-06-29 22:00:00,NSW1,,9112.99,,0.0
2026-06-29 22:00:00,QLD1,,7013.22,,0.0
2026-06-29 22:00:00,SA1,,1822.64,,0.0
2026-06-29 22:00:00,TAS1,,1194.0,,0.0
2026-06-29 22:00:00,VIC1,,6313.85,,0.0
2026-06-29 22:30:00,NSW1,,8934.81,,0.0
2026-06-29 22:30:00,QLD1,,6776.74,,0.0
2026-06-29 22:30:00,SA1,,1746.74,,0.0
2026-06-29 22:30:00,TAS1,,1159.0,,0.0
2026-06-29 22:30:00,VIC1,,6030.49,,0.0
2026-06-29 23:00:00,NSW1,,8696.7,,0.0
2026-06-29 23:00:00,QLD1,,6556.54,,0.0
2026-06-29 23:00:00,SA1,,1665.81,,0.0
2026-06-29 23:00:00,TAS1,,1123.0,,0.0
2026-06-29 23:00:00,VIC1,,5773.61,,0.0
2026-06-29 23:30:00,NSW1,,8455.1,0.0,0.0
2026-06-29 23:30:00,QLD1,,6354.89,0.0,0.0
2026-06-29 23:30:00,SA1,,1595.75,0.0,0.0
2026-06-29 23:30:00,TAS1,,1092.0,0.0,0.0
2026-06-29 23:30:00,VIC1,,5665.35,0.0,0.0
2026-06-30 00:00:00,NSW1,,8242.01,0.0,0.0
2026-06-30 00:00:00,QLD1,,6192.05,0.0,0.0
2026-06-30 00:00:00,SA1,,1584.0,0.0,0.0
2026-06-30 00:00:00,TAS1,,1071.0,0.0,0.0
2026-06-30 00:00:00,VIC1,,5489.96,0.0,0.0
2026-06-30 00:30:00,NSW1,,8116.07,,0.0
2026-06-30 00:30:00,QLD1,,5963.54,,0.0
2026-06-30 00:30:00,SA1,,1513.0,,0.0
2026-06-30 00:30:00,TAS1,,959.29,,0.0
2026-06-30 00:30:00,VIC1,,5283.64,,0.0
2026-06-30 00:35:00,NSW1,8107.64,,,
2026-06-30 00:35:00,QLD1,5836.77,,,
2026-06-30 00:35:00,SA1,1514.36,,,
2026-06-30 00:35:00,TAS1,963.11,,,
2026-06-30 00:35:00,VIC1,5295.41,,,
2026-06-30 00:40:00,NSW1,8025.39,,,
2026-06-30 00:40:00,QLD1,5823.72,,,
2026-06-30 00:40:00,SA1,1532.96,,,
2026-06-30 00:40:00,TAS1,979.84,,,
2026-06-30 00:40:00,VIC1,5208.85,,,
2026-06-30 01:00:00,NSW1,,8020.74,,0.0
2026-06-30 01:00:00,QLD1,,5828.38,,0.0
2026-06-30 01:00:00,SA1,,1514.87,,0.0
2026-06-30 01:00:00,TAS1,,952.47,,0.0
2026-06-30 01:00:00,VIC1,,5176.5,,0.0
2026-06-30 01:30:00,NSW1,,7813.79,,0.0
2026-06-30 01:30:00,QLD1,,5724.7,,0.0
2026-06-30 01:30:00,SA1,,1498.6,,0.0
2026-06-30 01:30:00,TAS1,,935.23,,0.0
2026-06-30 01:30:00,VIC1,,5018.53,,0.0
2026-06-30 02:00:00,NSW1,,7610.87,,0.0
2026-06-30 02:00:00,QLD1,,5656.98,,0.0
2026-06-30 02:00:00,SA1,,1484.61,,0.0
2026-06-30 02:00:00,TAS1,,930.13,,0.0
2026-06-30 02:00:00,VIC1,,4864.52,,0.0
2026-06-30 02:30:00,NSW1,,7442.98,,0.0
2026-06-30 02:30:00,QLD1,,5614.71,,0.0
2026-06-30 02:30:00,SA1,,1454.58,,0.0
2026-06-30 02:30:00,TAS1,,926.79,,0.0
2026-06-30 02:30:00,VIC1,,4757.32,,0.0
2026-06-30 03:00:00,NSW1,,7292.44,,0.0
2026-06-30 03:00:00,QLD1,,5588.93,,0.0
2026-06-30 03:00:00,SA1,,1424.95,,0.0
2026-06-30 03:00:00,TAS1,,924.93,,0.0
2026-06-30 03:00:00,VIC1,,4667.53,,0.0
2026-06-30 03:30:00,NSW1,,7190.33,,0.0
2026-06-30 03:30:00,QLD1,,5589.75,,0.0
2026-06-30 03:30:00,SA1,,1403.45,,0.0
2026-06-30 03:30:00,TAS1,,935.07,,0.0
2026-06-30 03:30:00,VIC1,,4601.8,,0.0
2026-06-30 04:00:00,NSW1,,7139.98,,0.0
2026-06-30 04:00:00,QLD1,,5608.0,,0.0
2026-06-30 04:00:00,SA1,,1389.86,,0.0
2026-06-30 04:00:00,TAS1,,949.53,,0.0
2026-06-30 04:00:00,VIC1,,4580.51,,0.0
2026-06-30 04:30:00,NSW1,,7185.3,,0.0
2026-06-30 04:30:00,QLD1,,5680.46,,0.0
2026-06-30 04:30:00,SA1,,1389.38,,0.0
2026-06-30 04:30:00,TAS1,,955.76,,0.0
2026-06-30 04:30:00,VIC1,,4601.93,,0.0
2026-06-30 05:00:00,NSW1,,7307.57,,0.0
2026-06-30 05:00:00,QLD1,,5807.76,,0.0
2026-06-30 05:00:00,SA1,,1393.26,,0.0
2026-06-30 05:00:00,TAS1,,971.0,,0.0
2026-06-30 05:00:00,VIC1,,4635.95,,0.0
2026-06-30 05:30:00,NSW1,,7594.48,0.0,0.0
2026-06-30 05:30:00,QLD1,,5999.29,0.0,0.0
2026-06-30 05:30:00,SA1,,1409.43,0.0,0.0
2026-06-30 05:30:00,TAS1,,1015.0,0.0,0.0
2026-06-30 05:30:00,VIC1,,4768.82,0.0,0.0
2026-06-30 06:00:00,NSW1,,7984.72,0.0,0.0
2026-06-30 06:00:00,QLD1,,6216.68,0.0,0.0
2026-06-30 06:00:00,SA1,,1448.41,0.0,0.0
2026-06-30 06:00:00,TAS1,,1059.0,0.0,0.0
2026-06-30 06:00:00,VIC1,,4964.14,0.0,0.0
2026-06-30 06:30:00,NSW1,,8646.21,,0.0
2026-06-30 06:30:00,QLD1,,6551.12,,0.0
2026-06-30 06:30:00,SA1,,1469.6,,0.0
2026-06-30 06:30:00,TAS1,,1079.0,,0.0
2026-06-30 06:30:00,VIC1,,5628.04,,0.0
2026-06-30 06:55:00,NSW1,9452.9,,,
2026-06-30 06:55:00,QLD1,6793.7,,,
2026-06-30 06:55:00,SA1,1581.34,,,
2026-06-30 06:55:00,TAS1,1136.6,,,
2026-06-30 06:55:00,VIC1,6072.53,,,
2026-06-30 07:00:00,NSW1,9433.51,9255.17,,0.0
2026-06-30 07:00:00,QLD1,6837.38,6761.57,,75.71
2026-06-30 07:00:00,SA1,1593.19,1536.26,,0.0
2026-06-30 07:00:00,TAS1,1146.3,1135.0,,0.0
2026-06-30 07:00:00,VIC1,6141.34,6021.04,,0.0
2026-06-30 07:30:00,NSW1,,9658.49,,93.05
2026-06-30 07:30:00,QLD1,,6831.8,,258.811
2026-06-30 07:30:00,SA1,,1644.84,,0.0
2026-06-30 07:30:00,TAS1,,1183.0,,0.0
2026-06-30 07:30:00,VIC1,,6437.66,,0.0
2026-06-30 08:00:00,NSW1,,9736.83,,350.811
2026-06-30 08:00:00,QLD1,,6655.61,,691.342
2026-06-30 08:00:00,SA1,,1806.3,,0.0
2026-06-30 08:00:00,TAS1,,1223.0,,0.35
2026-06-30 08:00:00,VIC1,,6750.22,,8.288
2026-06-30 08:30:00,NSW1,,9590.52,,768.713
2026-06-30 08:30:00,QLD1,,6439.81,,1207.543
2026-06-30 08:30:00,SA1,,1908.08,,6.028
2026-06-30 08:30:00,TAS1,,1239.03,,4.52
2026-06-30 08:30:00,VIC1,,7000.08,,10.367
2026-06-30 09:00:00,NSW1,,9280.2,,1193.063
2026-06-30 09:00:00,QLD1,,6103.7,,1705.83
2026-06-30 09:00:00,SA1,,1930.96,,70.15
2026-06-30 09:00:00,TAS1,,1235.0,,8.049
2026-06-30 09:00:00,VIC1,,7091.11,,45.106
2026-06-30 09:30:00,NSW1,,9036.77,,1540.69
2026-06-30 09:30:00,QLD1,,5756.31,,2143.133
2026-06-30 09:30:00,SA1,,1879.15,,163.007
2026-06-30 09:30:00,TAS1,,1227.0,,10.253
2026-06-30 09:30:00,VIC1,,7094.5,,90.458
2026-06-30 10:00:00,NSW1,,8764.9,,1837.983
2026-06-30 10:00:00,QLD1,,5447.9,,2468.75
2026-06-30 10:00:00,SA1,,1804.11,,260.645
2026-06-30 10:00:00,TAS1,,1207.74,,14.703
2026-06-30 10:00:00,VIC1,,7000.7,,163.589
2026-06-30 10:30:00,NSW1,,8473.08,,2045.294
2026-06-30 10:30:00,QLD1,,5251.09,,2697.557
2026-06-30 10:30:00,SA1,,1755.93,,352.138
2026-06-30 10:30:00,TAS1,,1184.7,,17.411
2026-06-30 10:30:00,VIC1,,6951.39,,228.666
2026-06-30 11:00:00,NSW1,,8194.71,,2185.928
2026-06-30 11:00:00,QLD1,,5114.79,,2860.621
2026-06-30 11:00:00,SA1,,1733.18,,426.359
2026-06-30 11:00:00,TAS1,,1181.62,,18.56
2026-06-30 11:00:00,VIC1,,6968.66,,273.605
2026-06-30 11:30:00,NSW1,,7964.99,,2266.185
2026-06-30 11:30:00,QLD1,,5106.41,,2965.512
2026-06-30 11:30:00,SA1,,1686.81,,486.488
2026-06-30 11:30:00,TAS1,,1169.08,,18.641
2026-06-30 11:30:00,VIC1,,7060.77,,309.141
2026-06-30 12:00:00,NSW1,,7891.01,,2251.524
2026-06-30 12:00:00,QLD1,,5131.58,,3010.745
2026-06-30 12:00:00,SA1,,1659.76,,530.243
2026-06-30 12:00:00,TAS1,,1158.43,,17.682
2026-06-30 12:00:00,VIC1,,7076.06,,333.954
2026-06-30 12:30:00,NSW1,,7792.88,,2155.217
2026-06-30 12:30:00,QLD1,,5135.08,,2997.704
2026-06-30 12:30:00,SA1,,1615.82,,555.942
2026-06-30 12:30:00,TAS1,,1160.41,,17.39
2026-06-30 12:30:00,VIC1,,7042.69,,358.992
2026-06-30 13:00:00,NSW1,,7771.91,,1985.141
2026-06-30 13:00:00,QLD1,,5143.6,,2930.416
2026-06-30 13:00:00,SA1,,1580.03,,561.966
2026-06-30 13:00:00,TAS1,,1162.27,,17.374
2026-06-30 13:00:00,VIC1,,6914.22,,379.919
2026-06-30 13:30:00,NSW1,,7797.52,,1766.87
2026-06-30 13:30:00,QLD1,,5194.91,,2753.239
2026-06-30 13:30:00,SA1,,1540.67,,553.622
2026-06-30 13:30:00,TAS1,,1161.64,,18.254
2026-06-30 13:30:00,VIC1,,6889.99,,399.533
2026-06-30 14:00:00,NSW1,,7836.28,,1513.383
2026-06-30 14:00:00,QLD1,,5291.72,,2504.097
2026-06-30 14:00:00,SA1,,1519.24,,540.034
2026-06-30 14:00:00,TAS1,,1164.0,,17.803
2026-06-30 14:00:00,VIC1,,6824.74,,409.154
2026-06-30 14:30:00,NSW1,,7897.45,,1232.837
2026-06-30 14:30:00,QLD1,,5456.12,,2173.093
2026-06-30 14:30:00,SA1,,1526.65,,511.219
2026-06-30 14:30:00,TAS1,,1175.07,,15.192
2026-06-30 14:30:00,VIC1,,6653.23,,387.975
2026-06-30 15:00:00,NSW1,,8032.17,,951.467
2026-06-30 15:00:00,QLD1,,5792.43,,1787.021
2026-06-30 15:00:00,SA1,,1541.72,,464.73
2026-06-30 15:00:00,TAS1,,1176.62,,10.588
2026-06-30 15:00:00,VIC1,,6575.44,,335.118
2026-06-30 15:30:00,NSW1,,8260.22,,678.78
2026-06-30 15:30:00,QLD1,,6151.02,,1363.214
2026-06-30 15:30:00,SA1,,1564.73,,401.252
2026-06-30 15:30:00,TAS1,,1188.64,,5.856
2026-06-30 15:30:00,VIC1,,6539.62,,248.08
2026-06-30 16:00:00,NSW1,,8655.53,,390.706
2026-06-30 16:00:00,QLD1,,6521.65,,903.44
2026-06-30 16:00:00,SA1,,1596.86,,316.629
2026-06-30 16:00:00,TAS1,,1210.02,,2.8
2026-06-30 16:00:00,VIC1,,6627.57,,144.411
2026-06-30 16:30:00,NSW1,,9101.21,,113.264
2026-06-30 16:30:00,QLD1,,6858.12,,462.816
2026-06-30 16:30:00,SA1,,1662.85,,215.737
2026-06-30 16:30:00,TAS1,,1234.03,,0.697
2026-06-30 16:30:00,VIC1,,6828.31,,53.375
2026-06-30 17:00:00,NSW1,,9577.3,,0.0
2026-06-30 17:00:00,QLD1,,7245.0,,156.982
2026-06-30 17:00:00,SA1,,1772.21,,110.428
2026-06-30 17:00:00,TAS1,,1280.03,,0.0
2026-06-30 17:00:00,VIC1,,7144.41,,0.0
2026-06-30 17:30:00,NSW1,,10054.99,0.417,0.0
2026-06-30 17:30:00,QLD1,,7563.75,32.656,18.51
2026-06-30 17:30:00,SA1,,1909.23,35.537,23.352
2026-06-30 17:30:00,TAS1,,1328.0,0.0,0.0
2026-06-30 17:30:00,VIC1,,7441.67,2.203,0.0
2026-06-30 18:00:00,NSW1,,10337.41,0.0,0.0
2026-06-30 18:00:00,QLD1,,7828.66,2.797,0.0
2026-06-30 18:00:00,SA1,,2029.8,0.891,0.0
2026-06-30 18:00:00,TAS1,,1359.0,0.0,0.0
2026-06-30 18:00:00,VIC1,,7646.73,0.0,0.0
2026-06-30 18:30:00,NSW1,,10992.92,,0.0
2026-06-30 18:30:00,QLD1,,7887.41,,0.0
2026-06-30 18:30:00,SA1,,2040.14,,0.0
2026-06-30 18:30:00,TAS1,,1356.0,,0.0
2026-06-30 18:30:00,VIC1,,7724.35,,0.0
2026-06-30 18:45:00,NSW1,10738.56,,,
2026-06-30 18:45:00,QLD1,7824.95,,,
2026-06-30 18:45:00,SA1,2117.45,,,
2026-06-30 18:45:00,TAS1,1345.26,,,
2026-06-30 18:45:00,VIC1,7623.6,,,
2026-06-30 18:50:00,NSW1,10762.44,,,
2026-06-30 18:50:00,QLD1,7782.21,,,
2026-06-30 18:50:00,SA1,2106.15,,,
2026-06-30 18:50:00,TAS1,1343.19,,,
2026-06-30 18:50:00,VIC1,7541.51,,,
2026-06-30 19:00:00,NSW1,,10868.37,,0.0
2026-06-30 19:00:00,QLD1,,7834.71,,0.0
2026-06-30 19:00:00,SA1,,2118.07,,0.0
2026-06-30 19:00:00,TAS1,,1348.0,,0.0
2026-06-30 19:00:00,VIC1,,7517.14,,0.0
2026-06-30 19:30:00,NSW1,,10649.21,,0.0
2026-06-30 19:30:00,QLD1,,7658.33,,0.0
2026-06-30 19:30:00,SA1,,2102.02,,0.0
2026-06-30 19:30:00,TAS1,,1323.0,,0.0
2026-06-30 19:30:00,VIC1,,7372.68,,0.0
2026-06-30 20:00:00,NSW1,,10384.05,,0.0
2026-06-30 20:00:00,QLD1,,7478.75,,0.0
2026-06-30 20:00:00,SA1,,2067.06,,0.0
2026-06-30 20:00:00,TAS1,,1298.0,,0.0
2026-06-30 20:00:00,VIC1,,7227.03,,0.0
2026-06-30 20:30:00,NSW1,,10162.03,,0.0
2026-06-30 20:30:00,QLD1,,7331.44,,0.0
2026-06-30 20:30:00,SA1,,2030.91,,0.0
2026-06-30 20:30:00,TAS1,,1275.0,,0.0
2026-06-30 20:30:00,VIC1,,7047.22,,0.0
2026-06-30 21:00:00,NSW1,,9915.0,,0.0
2026-06-30 21:00:00,QLD1,,7283.76,,0.0
2026-06-30 21:00:00,SA1,,1989.99,,0.0
2026-06-30 21:00:00,TAS1,,1244.0,,0.0
2026-06-30 21:00:00,VIC1,,6857.16,,0.0
2026-06-30 21:30:00,NSW1,,9585.15,,0.0
2026-06-30 21:30:00,QLD1,,7151.41,,0.0
2026-06-30 21:30:00,SA1,,1933.31,,0.0
2026-06-30 21:30:00,TAS1,,1215.0,,0.0
2026-06-30 21:30:00,VIC1,,6636.51,,0.0
2026-06-30 22:00:00,NSW1,,9238.25,,0.0
2026-06-30 22:00:00,QLD1,,6933.29,,0.0
2026-06-30 22:00:00,SA1,,1861.46,,0.0
2026-06-30 22:00:00,TAS1,,1177.0,,0.0
2026-06-30 22:00:00,VIC1,,6373.8,,0.0
2026-06-30 22:30:00,NSW1,,8999.0,,0.0
2026-06-30 22:30:00,QLD1,,6699.11,,0.0
2026-06-30 22:30:00,SA1,,1778.93,,0.0
2026-06-30 22:30:00,TAS1,,1140.0,,0.0
2026-06-30 22:30:00,VIC1,,6107.12,,0.0
2026-06-30 23:00:00,NSW1,,8725.11,,0.0
2026-06-30 23:00:00,QLD1,,6474.64,,0.0
2026-06-30 23:00:00,SA1,,1694.01,,0.0
2026-06-30 23:00:00,TAS1,,1102.0,,0.0
2026-06-30 23:00:00,VIC1,,5855.92,,0.0
2026-06-30 23:30:00,NSW1,,8481.36,,0.0
2026-06-30 23:30:00,QLD1,,6285.02,,0.0
2026-06-30 23:30:00,SA1,,1622.58,,0.0
2026-06-30 23:30:00,TAS1,,1070.0,,0.0
2026-06-30 23:30:00,VIC1,,5761.76,,0.0
2026-07-01 00:00:00,NSW1,,8249.69,,0.0
2026-07-01 00:00:00,QLD1,,6129.79,,0.0
2026-07-01 00:00:00,SA1,,1608.34,,0.0
2026-07-01 00:00:00,TAS1,,1044.0,,0.0
2026-07-01 00:00:00,VIC1,,5608.75,,0.0
2026-07-01 00:30:00,NSW1,,8110.38,,0.0
2026-07-01 00:30:00,QLD1,,5955.53,,0.0
2026-07-01 00:30:00,SA1,,1613.81,,0.0
2026-07-01 00:30:00,TAS1,,1028.0,,0.0
2026-07-01 00:30:00,VIC1,,5476.03,,0.0
2026-07-01 01:00:00,NSW1,,7912.56,,0.0
2026-07-01 01:00:00,QLD1,,5767.04,,0.0
2026-07-01 01:00:00,SA1,,1624.99,,0.0
2026-07-01 01:00:00,TAS1,,1017.0,,0.0
2026-07-01 01:00:00,VIC1,,5285.49,,0.0
2026-07-01 01:30:00,NSW1,,7683.36,0.0,0.0
2026-07-01 01:30:00,QLD1,,5644.32,0.0,0.0
2026-07-01 01:30:00,SA1,,1603.31,0.0,0.0
2026-07-01 01:30:00,TAS1,,1011.0,0.0,0.0
2026-07-01 01:30:00,VIC1,,5121.83,0.0,0.0
2026-07-01 02:00:00,NSW1,,7456.04,0.0,0.0
2026-07-01 02:00:00,QLD1,,5557.59,0.0,0.0
2026-07-01 02:00:00,SA1,,1579.0,0.0,0.0
2026-07-01 02:00:00,TAS1,,1003.0,0.0,0.0
2026-07-01 02:00:00,VIC1,,4947.75,0.0,0.0
2026-07-01 02:30:00,NSW1,,7288.66,,0.0
2026-07-01 02:30:00,QLD1,,5558.07,,0.0
2026-07-01 02:30:00,SA1,,1560.99,,0.0
2026-07-01 02:30:00,TAS1,,930.0,,0.0
2026-07-01 02:30:00,VIC1,,4840.96,,0.0
2026-07-01 02:35:00,NSW1,7146.38,,,
2026-07-01 02:35:00,QLD1,5509.29,,,
2026-07-01 02:35:00,SA1,1520.51,,,
2026-07-01 02:35:00,TAS1,934.8,,,
2026-07-01 02:35:00,VIC1,4695.23,,,
2026-07-01 02:40:00,NSW1,7211.92,,,
2026-07-01 02:40:00,QLD1,5494.39,,,
2026-07-01 02:40:00,SA1,1556.07,,,
2026-07-01 02:40:00,TAS1,934.46,,,
2026-07-01 02:40:00,VIC1,4768.94,,,
2026-07-01 03:00:00,NSW1,,7121.17,,0.0
2026-07-01 03:00:00,QLD1,,5507.8,,0.0
2026-07-01 03:00:00,SA1,,1527.2,,0.0
2026-07-01 03:00:00,TAS1,,936.0,,0.0
2026-07-01 03:00:00,VIC1,,4709.61,,0.0
2026-07-01 03:30:00,NSW1,,7032.62,,0.0
2026-07-01 03:30:00,QLD1,,5513.26,,0.0
2026-07-01 03:30:00,SA1,,1488.98,,0.0
2026-07-01 03:30:00,TAS1,,941.0,,0.0
2026-07-01 03:30:00,VIC1,,4648.11,,0.0
2026-07-01 04:00:00,NSW1,,7014.8,,0.0
2026-07-01 04:00:00,QLD1,,5551.69,,0.0
2026-07-01 04:00:00,SA1,,1462.12,,0.0
2026-07-01 04:00:00,TAS1,,946.0,,0.0
2026-07-01 04:00:00,VIC1,,4611.41,,0.0
2026-07-01 04:30:00,NSW1,,7072.13,,0.0
2026-07-01 04:30:00,QLD1,,5636.14,,0.0
2026-07-01 04:30:00,SA1,,1449.08,,0.0
2026-07-01 04:30:00,TAS1,,956.0,,0.0
2026-07-01 04:30:00,VIC1,,4616.78,,0.0
2026-07-01 05:00:00,NSW1,,7191.76,,0.0
2026-07-01 05:00:00,QLD1,,5769.85,,0.0
2026-07-01 05:00:00,SA1,,1451.2,,0.0
2026-07-01 05:00:00,TAS1,,972.0,,0.0
2026-07-01 05:00:00,VIC1,,4684.04,,0.0
2026-07-01 05:30:00,NSW1,,7456.63,,0.0
2026-07-01 05:30:00,QLD1,,5961.71,,0.0
2026-07-01 05:30:00,SA1,,1452.85,,0.0
2026-07-01 05:30:00,TAS1,,1003.0,,0.0
2026-07-01 05:30:00,VIC1,,4814.68,,0.0
2026-07-01 06:00:00,NSW1,,7798.1,,0.0
2026-07-01 06:00:00,QLD1,,6176.5,,0.0
2026-07-01 06:00:00,SA1,,1487.13,,0.0
2026-07-01 06:00:00,TAS1,,1045.0,,0.0
2026-07-01 06:00:00,VIC1,,5059.64,,0.0
2026-07-01 06:30:00,NSW1,,8346.02,0.0,0.0
2026-07-01 06:30:00,QLD1,,6479.47,0.0,0.0
2026-07-01 06:30:00,SA1,,1521.64,0.0,0.0
2026-07-01 06:30:00,TAS1,,1112.0,0.0,0.0
2026-07-01 06:30:00,VIC1,,5422.35,0.0,0.0
2026-07-01 07:00:00,NSW1,,8897.51,13.312,0.0
2026-07-01 07:00:00,QLD1,,6695.52,109.825,64.034
2026-07-01 07:00:00,SA1,,1600.32,0.0,0.0
2026-07-01 07:00:00,TAS1,,1177.0,0.0,0.0
2026-07-01 07:00:00,VIC1,,5810.23,0.0,0.0
2026-07-01 07:30:00,NSW1,,9230.11,,107.594
2026-07-01 07:30:00,QLD1,,6815.31,,287.013
2026-07-01 07:30:00,SA1,,1658.66,,0.0
2026-07-01 07:30:00,TAS1,,1216.0,,0.0
2026-07-01 07:30:00,VIC1,,6339.86,,0.0
2026-07-01 08:00:00,NSW1,9439.16,9506.64,,374.047
2026-07-01 08:00:00,QLD1,6419.8,6673.18,,805.746
2026-07-01 08:00:00,SA1,1901.78,1752.9,,0.0
2026-07-01 08:00:00,TAS1,1288.93,1271.0,,1.811
2026-07-01 08:00:00,VIC1,6830.6,6687.44,,39.959
2026-07-01 08:05:00,NSW1,9434.85,,,
2026-07-01 08:05:00,QLD1,6399.85,,,
2026-07-01 08:05:00,SA1,1887.24,,,
2026-07-01 08:05:00,TAS1,1294.1,,,
2026-07-01 08:05:00,VIC1,6828.03,,,
2026-07-01 08:30:00,NSW1,,9394.13,,797.031
2026-07-01 08:30:00,QLD1,,6377.78,,1398.937
2026-07-01 08:30:00,SA1,,1841.11,,7.429
2026-07-01 08:30:00,TAS1,,1282.0,,7.724
2026-07-01 08:30:00,VIC1,,6799.01,,150.671
2026-07-01 09:00:00,NSW1,,9061.19,,1227.346
2026-07-01 09:00:00,QLD1,,5974.83,,1953.496
2026-07-01 09:00:00,SA1,,1927.51,,31.402
2026-07-01 09:00:00,TAS1,,1268.0,,17.419
2026-07-01 09:00:00,VIC1,,6747.2,,409.948
2026-07-01 09:30:00,NSW1,,8813.47,,1622.738
2026-07-01 09:30:00,QLD1,,5588.13,,2424.519
2026-07-01 09:30:00,SA1,,1936.91,,71.964
2026-07-01 09:30:00,TAS1,,1249.0,,28.334
2026-07-01 09:30:00,VIC1,,6630.2,,689.298
2026-07-01 10:00:00,NSW1,,8578.39,,1960.383
2026-07-01 10:00:00,QLD1,,5248.8,,2785.141
2026-07-01 10:00:00,SA1,,1911.48,,110.799
2026-07-01 10:00:00,TAS1,,1234.0,,40.144
2026-07-01 10:00:00,VIC1,,6412.9,,937.737
2026-07-01 10:30:00,NSW1,,8285.82,,2206.195
2026-07-01 10:30:00,QLD1,,5038.49,,3004.557
2026-07-01 10:30:00,SA1,,1908.18,,151.768
2026-07-01 10:30:00,TAS1,,1213.0,,49.493
2026-07-01 10:30:00,VIC1,,6213.0,,1127.352
2026-07-01 11:00:00,NSW1,,7987.07,,2430.042
2026-07-01 11:00:00,QLD1,,4891.76,,3168.533
2026-07-01 11:00:00,SA1,,1924.14,,189.367
2026-07-01 11:00:00,TAS1,,1188.0,,57.37
2026-07-01 11:00:00,VIC1,,6042.95,,1281.666
2026-07-01 11:30:00,NSW1,,7740.47,,2594.289
2026-07-01 11:30:00,QLD1,,4878.17,,3272.067
2026-07-01 11:30:00,SA1,,1909.26,,220.586
2026-07-01 11:30:00,TAS1,,1165.0,,62.708
2026-07-01 11:30:00,VIC1,,5953.66,,1393.796
2026-07-01 12:00:00,NSW1,,7547.31,,2685.45
2026-07-01 12:00:00,QLD1,,4903.95,,3324.954
2026-07-01 12:00:00,SA1,,1886.13,,261.054
2026-07-01 12:00:00,TAS1,,1146.0,,66.506
2026-07-01 12:00:00,VIC1,,5849.92,,1442.83
2026-07-01 12:30:00,NSW1,,7406.73,,2698.817
2026-07-01 12:30:00,QLD1,,4901.35,,3312.938
2026-07-01 12:30:00,SA1,,1873.4,,304.521
2026-07-01 12:30:00,TAS1,,1132.0,,70.217
2026-07-01 12:30:00,VIC1,,5758.05,,1413.273
2026-07-01 13:00:00,NSW1,,7344.87,,2617.054
2026-07-01 13:00:00,QLD1,,4895.3,,3223.735
2026-07-01 13:00:00,SA1,,1848.76,,337.71
2026-07-01 13:00:00,TAS1,,1119.0,,72.429
2026-07-01 13:00:00,VIC1,,5671.12,,1333.654
2026-07-01 13:30:00,NSW1,,7372.88,,2461.86
2026-07-01 13:30:00,QLD1,,4954.33,,3055.41
2026-07-01 13:30:00,SA1,,1817.68,,377.607
2026-07-01 13:30:00,TAS1,,1118.0,,72.93
2026-07-01 13:30:00,VIC1,,5668.08,,1217.842
2026-07-01 14:00:00,NSW1,,7413.29,,2235.074
2026-07-01 14:00:00,QLD1,,5048.52,,2801.44
2026-07-01 14:00:00,SA1,,1790.76,,418.601
2026-07-01 14:00:00,TAS1,,1114.0,,70.049
2026-07-01 14:00:00,VIC1,,5646.5,,1074.465
2026-07-01 14:30:00,NSW1,,7523.06,,1926.453
2026-07-01 14:30:00,QLD1,,5219.35,,2452.474
2026-07-01 14:30:00,SA1,,1773.21,,443.852
2026-07-01 14:30:00,TAS1,,1121.0,,62.101
2026-07-01 14:30:00,VIC1,,5709.42,,902.057
2026-07-01 15:00:00,NSW1,,7713.05,,1549.291
2026-07-01 15:00:00,QLD1,,5614.13,,2039.864
2026-07-01 15:00:00,SA1,,1765.4,,435.021
2026-07-01 15:00:00,TAS1,,1124.0,,48.852
2026-07-01 15:00:00,VIC1,,5802.24,,732.392
2026-07-01 15:30:00,NSW1,,7980.05,,1131.98
2026-07-01 15:30:00,QLD1,,6013.52,,1573.19
2026-07-01 15:30:00,SA1,,1762.17,,396.299
2026-07-01 15:30:00,TAS1,,1140.0,,34.137
2026-07-01 15:30:00,VIC1,,5961.9,,554.118
2026-07-01 16:00:00,NSW1,,8367.83,,696.702
2026-07-01 16:00:00,QLD1,,6445.53,,1050.59
2026-07-01 16:00:00,SA1,,1752.88,,333.47
2026-07-01 16:00:00,TAS1,,1164.0,,18.446
2026-07-01 16:00:00,VIC1,,6208.35,,352.632
2026-07-01 16:30:00,NSW1,,8785.98,,261.487
2026-07-01 16:30:00,QLD1,,6886.78,,530.83
2026-07-01 16:30:00,SA1,,1784.97,,239.037
2026-07-01 16:30:00,TAS1,,1189.0,,4.493
2026-07-01 16:30:00,VIC1,,6491.27,,151.476
2026-07-01 17:00:00,NSW1,,9278.44,,0.0
2026-07-01 17:00:00,QLD1,,7300.67,,170.503
2026-07-01 17:00:00,SA1,,1875.73,,129.672
2026-07-01 17:00:00,TAS1,,1228.0,,0.0
2026-07-01 17:00:00,VIC1,,6830.14,,6.451
2026-07-01 17:30:00,NSW1,,9713.69,,0.0
2026-07-01 17:30:00,QLD1,,7610.3,,17.732
2026-07-01 17:30:00,SA1,,1997.79,,29.855
2026-07-01 17:30:00,TAS1,,1274.0,,0.0
2026-07-01 17:30:00,VIC1,,6959.22,,0.0
2026-07-01 18:00:00,NSW1,,10066.29,,0.0
2026-07-01 18:00:00,QLD1,,7885.54,,0.0
2026-07-01 18:00:00,SA1,,2111.8,,0.0
2026-07-01 18:00:00,TAS1,,1306.0,,0.0
2026-07-01 18:00:00,VIC1,,7199.83,,0.0
2026-07-01 18:30:00,NSW1,,10101.2,,0.0
2026-07-01 18:30:00,QLD1,,7893.17,,0.0
2026-07-01 18:30:00,SA1,,2202.17,,0.0
2026-07-01 18:30:00,TAS1,,1305.0,,0.0
2026-07-01 18:30:00,VIC1,,7225.5,,0.0
2026-07-01 19:00:00,NSW1,,10041.0,,0.0
2026-07-01 19:00:00,QLD1,,7803.94,,0.0
2026-07-01 19:00:00,SA1,,2210.98,,0.0
2026-07-01 19:00:00,TAS1,,1297.0,,0.0
2026-07-01 19:00:00,VIC1,,7131.45,,0.0
2026-07-01 19:30:00,NSW1,,9865.89,0.0,0.0
2026-07-01 19:30:00,QLD1,,7640.4,0.0,0.0
2026-07-01 19:30:00,SA1,,2182.23,0.0,0.0
2026-07-01 19:30:00,TAS1,,1280.0,0.0,0.0
2026-07-01 19:30:00,VIC1,,6944.39,0.0,0.0
2026-07-01 20:00:00,NSW1,,9683.37,0.0,0.0
2026-07-01 20:00:00,QLD1,,7485.62,0.0,0.0
2026-07-01 20:00:00,SA1,,2137.5,0.0,0.0
2026-07-01 20:00:00,TAS1,,1264.0,0.0,0.0
2026-07-01 20:00:00,VIC1,,6843.5,0.0,0.0
2026-07-01 20:30:00,NSW1,,9526.79,,0.0
2026-07-01 20:30:00,QLD1,,7184.43,,0.0
2026-07-01 20:30:00,SA1,,2207.6,,0.0
2026-07-01 20:30:00,TAS1,,1177.0,,0.0
2026-07-01 20:30:00,VIC1,,6673.89,,0.0
2026-07-01 20:50:00,NSW1,9255.83,,,
2026-07-01 20:50:00,QLD1,7169.05,,,
2026-07-01 20:50:00,SA1,2159.85,,,
2026-07-01 20:50:00,TAS1,1164.82,,,
2026-07-01 20:50:00,VIC1,6541.27,,,
2026-07-01 20:55:00,NSW1,9193.34,,,
2026-07-01 20:55:00,QLD1,7164.68,,,
2026-07-01 20:55:00,SA1,2153.8,,,
2026-07-01 20:55:00,TAS1,1161.51,,,
2026-07-01 20:55:00,VIC1,6465.6,,,
2026-07-01 21:00:00,NSW1,,9287.29,,0.0
2026-07-01 21:00:00,QLD1,,7037.23,,0.0
2026-07-01 21:00:00,SA1,,2177.86,,0.0
2026-07-01 21:00:00,TAS1,,1183.0,,0.0
2026-07-01 21:00:00,VIC1,,6587.76,,0.0
2026-07-01 21:30:00,NSW1,,9053.35,,0.0
2026-07-01 21:30:00,QLD1,,6964.88,,0.0
2026-07-01 21:30:00,SA1,,2096.89,,0.0
2026-07-01 21:30:00,TAS1,,1158.0,,0.0
2026-07-01 21:30:00,VIC1,,6402.9,,0.0
2026-07-01 22:00:00,NSW1,,8789.62,,0.0
2026-07-01 22:00:00,QLD1,,6819.47,,0.0
2026-07-01 22:00:00,SA1,,1987.95,,0.0
2026-07-01 22:00:00,TAS1,,1121.0,,0.0
2026-07-01 22:00:00,VIC1,,6198.71,,0.0
2026-07-01 22:30:00,NSW1,,8598.65,,0.0
2026-07-01 22:30:00,QLD1,,6624.94,,0.0
2026-07-01 22:30:00,SA1,,1885.95,,0.0
2026-07-01 22:30:00,TAS1,,1085.0,,0.0
2026-07-01 22:30:00,VIC1,,5943.7,,0.0
2026-07-01 23:00:00,NSW1,,8371.32,,0.0
2026-07-01 23:00:00,QLD1,,6424.75,,0.0
2026-07-01 23:00:00,SA1,,1787.06,,0.0
2026-07-01 23:00:00,TAS1,,1047.0,,0.0
2026-07-01 23:00:00,VIC1,,5702.74,,0.0
2026-07-01 23:30:00,NSW1,,8162.44,,0.0
2026-07-01 23:30:00,QLD1,,6242.72,,0.0
2026-07-01 23:30:00,SA1,,1703.19,,0.0
2026-07-01 23:30:00,TAS1,,1014.0,,0.0
2026-07-01 23:30:00,VIC1,,5612.59,,0.0
2026-07-02 00:00:00,NSW1,,7971.84,,0.0
2026-07-02 00:00:00,QLD1,,6092.78,,0.0
2026-07-02 00:00:00,SA1,,1684.06,,0.0
2026-07-02 00:00:00,TAS1,,988.0,,0.0
2026-07-02 00:00:00,VIC1,,5466.11,,0.0
2026-07-02 00:30:00,NSW1,,7814.49,,0.0
2026-07-02 00:30:00,QLD1,,5935.55,,0.0
2026-07-02 00:30:00,SA1,,1677.68,,0.0
2026-07-02 00:30:00,TAS1,,969.0,,0.0
2026-07-02 00:30:00,VIC1,,5287.67,,0.0
2026-07-02 01:00:00,NSW1,,7655.69,,0.0
2026-07-02 01:00:00,QLD1,,5787.71,,0.0
2026-07-02 01:00:00,SA1,,1675.36,,0.0
2026-07-02 01:00:00,TAS1,,957.0,,0.0
2026-07-02 01:00:00,VIC1,,5089.18,,0.0
2026-07-02 01:30:00,NSW1,,7473.13,,0.0
2026-07-02 01:30:00,QLD1,,5675.56,,0.0
2026-07-02 01:30:00,SA1,,1643.67,,0.0
2026-07-02 01:30:00,TAS1,,947.0,,0.0
2026-07-02 01:30:00,VIC1,,4932.11,,0.0
2026-07-02 02:00:00,NSW1,,7277.92,,0.0
2026-07-02 02:00:00,QLD1,,5616.53,,0.0
2026-07-02 02:00:00,SA1,,1613.5,,0.0
2026-07-02 02:00:00,TAS1,,942.0,,0.0
2026-07-02 02:00:00,VIC1,,4781.74,,0.0
2026-07-02 02:30:00,NSW1,,7104.4,,0.0
2026-07-02 02:30:00,QLD1,,5578.7,,0.0
2026-07-02 02:30:00,SA1,,1569.76,,0.0
2026-07-02 02:30:00,TAS1,,940.0,,0.0
2026-07-02 02:30:00,VIC1,,4663.85,,0.0
2026-07-02 03:00:00,NSW1,,6959.13,0.0,0.0
2026-07-02 03:00:00,QLD1,,5560.82,0.0,0.0
2026-07-02 03:00:00,SA1,,1527.79,0.0,0.0
2026-07-02 03:00:00,TAS1,,943.0,0.0,0.0
2026-07-02 03:00:00,VIC1,,4569.24,0.0,0.0
2026-07-02 03:30:00,NSW1,,6861.89,0.0,0.0
2026-07-02 03:30:00,QLD1,,5569.24,0.0,0.0
2026-07-02 03:30:00,SA1,,1493.66,0.0,0.0
2026-07-02 03:30:00,TAS1,,949.0,0.0,0.0
2026-07-02 03:30:00,VIC1,,4506.74,0.0,0.0
2026-07-02 04:00:00,NSW1,,6774.73,,0.0
2026-07-02 04:00:00,QLD1,,5617.66,,0.0
2026-07-02 04:00:00,SA1,,1486.67,,0.0
2026-07-02 04:00:00,TAS1,,923.0,,0.0
2026-07-02 04:00:00,VIC1,,4532.02,,0.0
2026-07-02 04:15:00,NSW1,6809.0,,,
2026-07-02 04:15:00,QLD1,5582.61,,,
2026-07-02 04:15:00,SA1,1474.51,,,
2026-07-02 04:15:00,TAS1,937.71,,,
2026-07-02 04:15:00,VIC1,4635.69,,,
2026-07-02 04:20:00,NSW1,6858.72,,,
2026-07-02 04:20:00,QLD1,5652.2,,,
2026-07-02 04:20:00,SA1,1482.27,,,
2026-07-02 04:20:00,TAS1,927.2,,,
2026-07-02 04:20:00,VIC1,4609.72,,,
2026-07-02 04:30:00,NSW1,,6825.21,,0.0
2026-07-02 04:30:00,QLD1,,5654.61,,0.0
2026-07-02 04:30:00,SA1,,1452.42,,0.0
2026-07-02 04:30:00,TAS1,,928.0,,0.0
2026-07-02 04:30:00,VIC1,,4595.09,,0.0
2026-07-02 05:00:00,NSW1,,6913.96,,0.0
2026-07-02 05:00:00,QLD1,,5763.6,,0.0
2026-07-02 05:00:00,SA1,,1451.61,,0.0
2026-07-02 05:00:00,TAS1,,935.0,,0.0
2026-07-02 05:00:00,VIC1,,4641.83,,0.0
2026-07-02 05:30:00,NSW1,,7151.4,,0.0
2026-07-02 05:30:00,QLD1,,5942.63,,0.0
2026-07-02 05:30:00,SA1,,1456.52,,0.0
2026-07-02 05:30:00,TAS1,,960.0,,0.0
2026-07-02 05:30:00,VIC1,,4769.38,,0.0
2026-07-02 06:00:00,NSW1,,7437.64,,0.0
2026-07-02 06:00:00,QLD1,,6134.77,,0.0
2026-07-02 06:00:00,SA1,,1489.11,,0.0
2026-07-02 06:00:00,TAS1,,990.0,,0.0
2026-07-02 06:00:00,VIC1,,4970.52,,0.0
2026-07-02 06:30:00,NSW1,,7909.31,,0.0
2026-07-02 06:30:00,QLD1,,6409.48,,0.0
2026-07-02 06:30:00,SA1,,1537.8,,0.0
2026-07-02 06:30:00,TAS1,,1045.0,,0.0
2026-07-02 06:30:00,VIC1,,5349.78,,0.0
2026-07-02 07:00:00,NSW1,,8341.97,,0.0
2026-07-02 07:00:00,QLD1,,6606.69,,56.821
2026-07-02 07:00:00,SA1,,1617.34,,0.0
2026-07-02 07:00:00,TAS1,,1099.0,,0.0
2026-07-02 07:00:00,VIC1,,5773.65,,0.0
2026-07-02 07:30:00,NSW1,,8690.35,190.104,19.06
2026-07-02 07:30:00,QLD1,,6696.46,437.133,234.772
2026-07-02 07:30:00,SA1,,1716.39,0.0,0.0
2026-07-02 07:30:00,TAS1,,1147.0,0.0,0.0
2026-07-02 07:30:00,VIC1,,6227.51,2.169,0.0
2026-07-02 08:00:00,NSW1,,8811.7,592.771,374.277
2026-07-02 08:00:00,QLD1,,6576.58,816.195,671.828
2026-07-02 08:00:00,SA1,,1856.65,11.71,0.0
2026-07-02 08:00:00,TAS1,,1196.0,3.003,0.0
2026-07-02 08:00:00,VIC1,,6621.3,42.566,0.0
2026-07-02 08:30:00,NSW1,,8896.56,,903.739
2026-07-02 08:30:00,QLD1,,6279.14,,1034.517
2026-07-02 08:30:00,SA1,,1990.04,,18.996
2026-07-02 08:30:00,TAS1,,1191.0,,8.475
2026-07-02 08:30:00,VIC1,,6809.0,,79.448
2026-07-02 08:45:00,NSW1,8242.66,,,
2026-07-02 08:45:00,QLD1,6079.38,,,
2026-07-02 08:45:00,SA1,2068.78,,,
2026-07-02 08:45:00,TAS1,1226.27,,,
2026-07-02 08:45:00,VIC1,7032.62,,,
2026-07-02 08:50:00,NSW1,8148.31,,,
2026-07-02 08:50:00,QLD1,6019.13,,,
2026-07-02 08:50:00,SA1,2082.77,,,
2026-07-02 08:50:00,TAS1,1219.36,,,
2026-07-02 08:50:00,VIC1,7011.77,,,
2026-07-02 09:00:00,NSW1,,8359.09,,1365.713
2026-07-02 09:00:00,QLD1,,6258.33,,1698.13
2026-07-02 09:00:00,SA1,,2011.98,,82.582
2026-07-02 09:00:00,TAS1,,1185.0,,16.914
2026-07-02 09:00:00,VIC1,,6838.99,,188.349
2026-07-02 09:30:00,NSW1,,8067.41,,1897.027
2026-07-02 09:30:00,QLD1,,5986.53,,2090.86
2026-07-02 09:30:00,SA1,,1932.75,,160.135
2026-07-02 09:30:00,TAS1,,1170.0,,24.594
2026-07-02 09:30:00,VIC1,,6788.33,,292.176
2026-07-02 10:00:00,NSW1,,7789.05,,2344.0
2026-07-02 10:00:00,QLD1,,5764.63,,2411.634
2026-07-02 10:00:00,SA1,,1889.67,,234.096
2026-07-02 10:00:00,TAS1,,1159.0,,33.889
2026-07-02 10:00:00,VIC1,,6751.71,,385.358
2026-07-02 10:30:00,NSW1,,7468.45,,2692.132
2026-07-02 10:30:00,QLD1,,5621.11,,2642.446
2026-07-02 10:30:00,SA1,,1878.15,,309.878
2026-07-02 10:30:00,TAS1,,1146.0,,43.52
2026-07-02 10:30:00,VIC1,,6705.43,,454.579
2026-07-02 11:00:00,NSW1,,7173.74,,2954.482
2026-07-02 11:00:00,QLD1,,5520.77,,2802.05
2026-07-02 11:00:00,SA1,,1862.91,,375.723
2026-07-02 11:00:00,TAS1,,1127.0,,50.748
2026-07-02 11:00:00,VIC1,,6636.25,,490.86
2026-07-02 11:30:00,NSW1,,6929.97,,3196.748
2026-07-02 11:30:00,QLD1,,5548.57,,2968.088
2026-07-02 11:30:00,SA1,,1820.09,,425.016
2026-07-02 11:30:00,TAS1,,1106.0,,54.175
2026-07-02 11:30:00,VIC1,,6651.77,,498.785
2026-07-02 12:00:00,NSW1,,6756.33,,3314.606
2026-07-02 12:00:00,QLD1,,5580.31,,2966.64
2026-07-02 12:00:00,SA1,,1779.43,,477.597
2026-07-02 12:00:00,TAS1,,1090.0,,56.651
2026-07-02 12:00:00,VIC1,,6656.91,,508.553
2026-07-02 12:30:00,NSW1,,6638.0,,3366.657
2026-07-02 12:30:00,QLD1,,5602.91,,2869.505
2026-07-02 12:30:00,SA1,,1747.91,,517.122
2026-07-02 12:30:00,TAS1,,1080.0,,57.962
2026-07-02 12:30:00,VIC1,,6664.82,,497.712
2026-07-02 13:00:00,NSW1,,6536.12,,3323.873
2026-07-02 13:00:00,QLD1,,5596.19,,2725.266
2026-07-02 13:00:00,SA1,,1714.21,,544.25
2026-07-02 13:00:00,TAS1,,1069.0,,58.082
2026-07-02 13:00:00,VIC1,,6670.35,,473.143
2026-07-02 13:30:00,NSW1,,6543.85,,3191.396
2026-07-02 13:30:00,QLD1,,5645.7,,2517.111
2026-07-02 13:30:00,SA1,,1693.09,,550.523
2026-07-02 13:30:00,TAS1,,1072.0,,57.74
2026-07-02 13:30:00,VIC1,,6717.77,,452.674
2026-07-02 14:00:00,NSW1,,6636.3,,2966.656
2026-07-02 14:00:00,QLD1,,5748.2,,2097.949
2026-07-02 14:00:00,SA1,,1672.36,,548.306
2026-07-02 14:00:00,TAS1,,1072.0,,54.698
2026-07-02 14:00:00,VIC1,,6749.02,,415.125
2026-07-02 14:30:00,NSW1,,6859.17,,2621.504
2026-07-02 14:30:00,QLD1,,5890.16,,1785.587
2026-07-02 14:30:00,SA1,,1678.75,,531.857
2026-07-02 14:30:00,TAS1,,1088.0,,47.835
2026-07-02 14:30:00,VIC1,,6765.45,,360.966
2026-07-02 15:00:00,NSW1,,7183.82,,2164.555
2026-07-02 15:00:00,QLD1,,6209.93,,1451.067
2026-07-02 15:00:00,SA1,,1692.19,,490.996
2026-07-02 15:00:00,TAS1,,1089.0,,37.414
2026-07-02 15:00:00,VIC1,,6791.78,,296.179
2026-07-02 15:30:00,NSW1,,7549.67,,1612.603
2026-07-02 15:30:00,QLD1,,6498.72,,1117.431
2026-07-02 15:30:00,SA1,,1727.92,,428.053
2026-07-02 15:30:00,TAS1,,1106.0,,26.283
2026-07-02 15:30:00,VIC1,,6805.97,,217.85
2026-07-02 16:00:00,NSW1,,7977.22,,1010.077
2026-07-02 16:00:00,QLD1,,6792.5,,750.991
2026-07-02 16:00:00,SA1,,1758.36,,345.385
2026-07-02 16:00:00,TAS1,,1128.0,,14.162
2026-07-02 16:00:00,VIC1,,6915.0,,120.66
2026-07-02 16:30:00,NSW1,,8384.47,,427.594
2026-07-02 16:30:00,QLD1,,7084.22,,410.135
2026-07-02 16:30:00,SA1,,1814.0,,247.908
2026-07-02 16:30:00,TAS1,,1155.0,,3.207
2026-07-02 16:30:00,VIC1,,7096.59,,36.891
2026-07-02 17:00:00,NSW1,,8908.96,,23.083
2026-07-02 17:00:00,QLD1,,7388.56,,168.537
2026-07-02 17:00:00,SA1,,1925.42,,134.384
2026-07-02 17:00:00,TAS1,,1201.0,,0.0
2026-07-02 17:00:00,VIC1,,7331.74,,0.0
2026-07-02 17:30:00,NSW1,,9362.73,,0.0
2026-07-02 17:30:00,QLD1,,7617.47,,23.026
2026-07-02 17:30:00,SA1,,2058.8,,30.928
2026-07-02 17:30:00,TAS1,,1252.0,,0.0
2026-07-02 17:30:00,VIC1,,7575.57,,0.0
2026-07-02 18:00:00,NSW1,,9745.64,,0.0
2026-07-02 18:00:00,QLD1,,7830.97,,0.0
2026-07-02 18:00:00,SA1,,2193.46,,0.0
2026-07-02 18:00:00,TAS1,,1290.0,,0.0
2026-07-02 18:00:00,VIC1,,7758.93,,0.0
2026-07-02 18:30:00,NSW1,,9814.69,,0.0
2026-07-02 18:30:00,QLD1,,7814.97,,0.0
2026-07-02 18:30:00,SA1,,2296.15,,0.0
2026-07-02 18:30:00,TAS1,,1292.0,,0.0
2026-07-02 18:30:00,VIC1,,7733.32,,0.0
2026-07-02 19:00:00,NSW1,,9781.55,0.0,0.0
2026-07-02 19:00:00,QLD1,,7712.81,0.0,0.0
2026-07-02 19:00:00,SA1,,2315.91,0.0,0.0
2026-07-02 19:00:00,TAS1,,1291.0,0.0,0.0
2026-07-02 19:00:00,VIC1,,7620.94,0.0,0.0
2026-07-02 19:30:00,NSW1,,9653.67,0.0,0.0
2026-07-02 19:30:00,QLD1,,7546.6,0.0,0.0
2026-07-02 19:30:00,SA1,,2292.83,0.0,0.0
2026-07-02 19:30:00,TAS1,,1275.0,0.0,0.0
2026-07-02 19:30:00,VIC1,,7440.36,0.0,0.0
2026-07-02 20:00:00,NSW1,,9404.06,,0.0
2026-07-02 20:00:00,QLD1,,7258.26,,0.0
2026-07-02 20:00:00,SA1,,2276.07,,0.0
2026-07-02 20:00:00,TAS1,,1289.0,,0.0
2026-07-02 20:00:00,VIC1,,7584.87,,0.0
2026-07-02 20:10:00,NSW1,9390.44,,,
2026-07-02 20:10:00,QLD1,7108.55,,,
2026-07-02 20:10:00,SA1,2285.44,,,
2026-07-02 20:10:00,TAS1,1231.0,,,
2026-07-02 20:10:00,VIC1,7613.81,,,
2026-07-02 20:15:00,NSW1,9417.98,,,
2026-07-02 20:15:00,QLD1,7110.28,,,
2026-07-02 20:15:00,SA1,2293.39,,,
2026-07-02 20:15:00,TAS1,1254.19,,,
2026-07-02 20:15:00,VIC1,7594.26,,,
2026-07-02 20:30:00,NSW1,,9312.98,,0.0
2026-07-02 20:30:00,QLD1,,7096.87,,0.0
2026-07-02 20:30:00,SA1,,2299.86,,0.0
2026-07-02 20:30:00,TAS1,,1264.0,,0.0
2026-07-02 20:30:00,VIC1,,7506.11,,0.0
2026-07-02 21:00:00,NSW1,,9147.71,,0.0
2026-07-02 21:00:00,QLD1,,7038.03,,0.0
2026-07-02 21:00:00,SA1,,2251.42,,0.0
2026-07-02 21:00:00,TAS1,,1236.0,,0.0
2026-07-02 21:00:00,VIC1,,7283.98,,0.0
2026-07-02 21:30:00,NSW1,,8931.52,,0.0
2026-07-02 21:30:00,QLD1,,6979.94,,0.0
2026-07-02 21:30:00,SA1,,2205.15,,0.0
2026-07-02 21:30:00,TAS1,,1203.0,,0.0
2026-07-02 21:30:00,VIC1,,7017.05,,0.0
2026-07-02 22:00:00,NSW1,,8663.48,,0.0
2026-07-02 22:00:00,QLD1,,6785.0,,0.0
2026-07-02 22:00:00,SA1,,2120.22,,0.0
2026-07-02 22:00:00,TAS1,,1159.0,,0.0
2026-07-02 22:00:00,VIC1,,6699.51,,0.0
2026-07-02 22:30:00,NSW1,,8498.39,,0.0
2026-07-02 22:30:00,QLD1,,6589.3,,0.0
2026-07-02 22:30:00,SA1,,2011.31,,0.0
2026-07-02 22:30:00,TAS1,,1114.0,,0.0
2026-07-02 22:30:00,VIC1,,6352.03,,0.0
2026-07-02 23:00:00,NSW1,,8304.1,,0.0
2026-07-02 23:00:00,QLD1,,6393.51,,0.0
2026-07-02 23:00:00,SA1,,1896.51,,0.0
2026-07-02 23:00:00,TAS1,,1072.0,,0.0
2026-07-02 23:00:00,VIC1,,6057.77,,0.0
2026-07-02 23:30:00,NSW1,,8120.88,,0.0
2026-07-02 23:30:00,QLD1,,6211.04,,0.0
2026-07-02 23:30:00,SA1,,1792.48,,0.0
2026-07-02 23:30:00,TAS1,,1032.0,,0.0
2026-07-02 23:30:00,VIC1,,5922.49,,0.0
2026-07-03 00:00:00,NSW1,,7952.67,,0.0
2026-07-03 00:00:00,QLD1,,6067.19,,0.0
2026-07-03 00:00:00,SA1,,1752.7,,0.0
2026-07-03 00:00:00,TAS1,,1001.0,,0.0
2026-07-03 00:00:00,VIC1,,5737.32,,0.0
2026-07-03 00:30:00,NSW1,,7831.47,,0.0
2026-07-03 00:30:00,QLD1,,5911.22,,0.0
2026-07-03 00:30:00,SA1,,1725.37,,0.0
2026-07-03 00:30:00,TAS1,,972.0,,0.0
2026-07-03 00:30:00,VIC1,,5525.72,,0.0
2026-07-03 01:00:00,NSW1,,7695.42,0.0,0.0
2026-07-03 01:00:00,QLD1,,5760.75,0.0,0.0
2026-07-03 01:00:00,SA1,,1712.71,0.0,0.0
2026-07-03 01:00:00,TAS1,,952.0,0.0,0.0
2026-07-03 01:00:00,VIC1,,5305.69,0.0,0.0
2026-07-03 01:30:00,NSW1,,7530.3,0.0,0.0
2026-07-03 01:30:00,QLD1,,5652.25,0.0,0.0
2026-07-03 01:30:00,SA1,,1669.99,0.0,0.0
2026-07-03 01:30:00,TAS1,,940.0,0.0,0.0
2026-07-03 01:30:00,VIC1,,5116.71,0.0,0.0
2026-07-03 02:00:00,NSW1,,7233.32,,0.0
2026-07-03 02:00:00,QLD1,,5613.62,,0.0
2026-07-03 02:00:00,SA1,,1615.65,,0.0
2026-07-03 02:00:00,TAS1,,969.0,,0.0
2026-07-03 02:00:00,VIC1,,5029.6,,0.0
2026-07-03 02:25:00,NSW1,7129.8,,,
2026-07-03 02:25:00,QLD1,5568.99,,,
2026-07-03 02:25:00,SA1,1575.85,,,
2026-07-03 02:25:00,TAS1,985.26,,,
2026-07-03 02:25:00,VIC1,4903.32,,,
2026-07-03 02:30:00,NSW1,7099.79,7046.17,,0.0
2026-07-03 02:30:00,QLD1,5549.92,5524.46,,0.0
2026-07-03 02:30:00,SA1,1580.41,1593.81,,0.0
2026-07-03 02:30:00,TAS1,997.02,976.0,,0.0
2026-07-03 02:30:00,VIC1,4954.81,4933.79,,0.0
2026-07-03 03:00:00,NSW1,,6921.9,,0.0
2026-07-03 03:00:00,QLD1,,5513.13,,0.0
2026-07-03 03:00:00,SA1,,1546.6,,0.0
2026-07-03 03:00:00,TAS1,,982.0,,0.0
2026-07-03 03:00:00,VIC1,,4841.5,,0.0
2026-07-03 03:30:00,NSW1,,6891.38,,0.0
2026-07-03 03:30:00,QLD1,,5532.3,,0.0
2026-07-03 03:30:00,SA1,,1506.48,,0.0
2026-07-03 03:30:00,TAS1,,987.0,,0.0
2026-07-03 03:30:00,VIC1,,4771.56,,0.0
2026-07-03 04:00:00,NSW1,,6867.96,,0.0
2026-07-03 04:00:00,QLD1,,5556.07,,0.0
2026-07-03 04:00:00,SA1,,1482.5,,0.0
2026-07-03 04:00:00,TAS1,,989.0,,0.0
2026-07-03 04:00:00,VIC1,,4766.07,,0.0
2026-07-03 04:30:00,NSW1,,6905.05,,0.0
2026-07-03 04:30:00,QLD1,,5627.74,,0.0
2026-07-03 04:30:00,SA1,,1472.25,,0.0
2026-07-03 04:30:00,TAS1,,997.0,,0.0
2026-07-03 04:30:00,VIC1,,4786.18,,0.0
2026-07-03 05:00:00,NSW1,,6990.52,,0.0
2026-07-03 05:00:00,QLD1,,5731.36,,0.0
2026-07-03 05:00:00,SA1,,1453.22,,0.0
2026-07-03 05:00:00,TAS1,,1010.0,,0.0
2026-07-03 05:00:00,VIC1,,4842.05,,0.0
2026-07-03 05:30:00,NSW1,,7229.59,0.0,0.0
2026-07-03 05:30:00,QLD1,,5899.03,0.0,0.0
2026-07-03 05:30:00,SA1,,1462.09,0.0,0.0
2026-07-03 05:30:00,TAS1,,1037.0,0.0,0.0
2026-07-03 05:30:00,VIC1,,5005.94,0.0,0.0
2026-07-03 06:00:00,NSW1,,7548.77,0.0,0.0
2026-07-03 06:00:00,QLD1,,6076.32,0.0,0.0
2026-07-03 06:00:00,SA1,,1495.08,0.0,0.0
2026-07-03 06:00:00,TAS1,,1075.0,0.0,0.0
2026-07-03 06:00:00,VIC1,,5242.62,0.0,0.0
2026-07-03 06:30:00,NSW1,,7954.19,,0.0
2026-07-03 06:30:00,QLD1,,6368.81,,0.0
2026-07-03 06:30:00,SA1,,1527.77,,0.0
2026-07-03 06:30:00,TAS1,,1136.0,,0.0
2026-07-03 06:30:00,VIC1,,5815.42,,0.0
2026-07-03 06:40:00,NSW1,8444.01,,,
2026-07-03 06:40:00,QLD1,6601.24,,,
2026-07-03 06:40:00,SA1,1637.08,,,
2026-07-03 06:40:00,TAS1,1148.37,,,
2026-07-03 06:40:00,VIC1,6219.9,,,
2026-07-03 06:45:00,NSW1,8528.55,,,
2026-07-03 06:45:00,QLD1,6615.41,,,
2026-07-03 06:45:00,SA1,1648.09,,,
2026-07-03 06:45:00,TAS1,1144.52,,,
2026-07-03 06:45:00,VIC1,6288.57,,,
2026-07-03 07:00:00,NSW1,,8406.27,,0.0
2026-07-03 07:00:00,QLD1,,6539.36,,73.683
2026-07-03 07:00:00,SA1,,1604.9,,0.0
2026-07-03 07:00:00,TAS1,,1173.0,,0.0
2026-07-03 07:00:00,VIC1,,6292.3,,0.0
2026-07-03 07:30:00,NSW1,,8774.99,,97.031
2026-07-03 07:30:00,QLD1,,6614.62,,275.761
2026-07-03 07:30:00,SA1,,1713.04,,0.0
2026-07-03 07:30:00,TAS1,,1226.0,,0.0
2026-07-03 07:30:00,VIC1,,6737.81,,0.0
2026-07-03 08:00:00,NSW1,,8935.64,,405.914
2026-07-03 08:00:00,QLD1,,6406.49,,763.014
2026-07-03 08:00:00,SA1,,1866.92,,0.0
2026-07-03 08:00:00,TAS1,,1272.0,,0.642
2026-07-03 08:00:00,VIC1,,7055.34,,13.079
2026-07-03 08:30:00,NSW1,,8804.95,,924.889
2026-07-03 08:30:00,QLD1,,6176.44,,1351.928
2026-07-03 08:30:00,SA1,,1956.67,,13.045
2026-07-03 08:30:00,TAS1,,1279.0,,11.524
2026-07-03 08:30:00,VIC1,,7241.55,,100.562
2026-07-03 09:00:00,NSW1,,8457.8,,1470.593
2026-07-03 09:00:00,QLD1,,5835.29,,1930.769
2026-07-03 09:00:00,SA1,,1942.17,,108.237
2026-07-03 09:00:00,TAS1,,1254.0,,32.526
2026-07-03 09:00:00,VIC1,,7221.5,,302.698
2026-07-03 09:30:00,NSW1,,8140.69,,1951.619
2026-07-03 09:30:00,QLD1,,5505.78,,2421.808
2026-07-03 09:30:00,SA1,,1848.24,,231.001
2026-07-03 09:30:00,TAS1,,1216.0,,54.482
2026-07-03 09:30:00,VIC1,,7092.15,,507.543
2026-07-03 10:00:00,NSW1,,7807.97,,2378.263
2026-07-03 10:00:00,QLD1,,5214.05,,2812.574
2026-07-03 10:00:00,SA1,,1754.49,,353.317
2026-07-03 10:00:00,TAS1,,1170.0,,78.22
2026-07-03 10:00:00,VIC1,,6859.03,,690.24
2026-07-03 10:30:00,NSW1,,7476.59,,2700.453
2026-07-03 10:30:00,QLD1,,4982.16,,3060.408
2026-07-03 10:30:00,SA1,,1677.36,,468.362
2026-07-03 10:30:00,TAS1,,1129.0,,98.793
2026-07-03 10:30:00,VIC1,,6640.78,,840.073
2026-07-03 11:00:00,NSW1,,7178.13,,2945.611
2026-07-03 11:00:00,QLD1,,4838.69,,3222.522
2026-07-03 11:00:00,SA1,,1621.36,,566.337
2026-07-03 11:00:00,TAS1,,1087.0,,114.019
2026-07-03 11:00:00,VIC1,,6415.3,,946.717
2026-07-03 11:30:00,NSW1,,6991.56,,3120.962
2026-07-03 11:30:00,QLD1,,4834.16,,3317.418
2026-07-03 11:30:00,SA1,,1544.74,,646.071
2026-07-03 11:30:00,TAS1,,1051.0,,123.902
2026-07-03 11:30:00,VIC1,,6277.75,,1029.669
2026-07-03 12:00:00,NSW1,,6860.41,,3222.148
2026-07-03 12:00:00,QLD1,,4845.49,,3361.09
2026-07-03 12:00:00,SA1,,1484.09,,699.379
2026-07-03 12:00:00,TAS1,,1022.0,,128.738
2026-07-03 12:00:00,VIC1,,6129.03,,1100.973
2026-07-03 12:30:00,NSW1,,6794.73,,3265.476
2026-07-03 12:30:00,QLD1,,4836.74,,3344.87
2026-07-03 12:30:00,SA1,,1426.23,,730.051
2026-07-03 12:30:00,TAS1,,1001.0,,131.375
2026-07-03 12:30:00,VIC1,,6007.58,,1150.631
2026-07-03 13:00:00,NSW1,,6691.38,,3214.189
2026-07-03 13:00:00,QLD1,,4792.25,,3277.736
2026-07-03 13:00:00,SA1,,1371.08,,738.261
2026-07-03 13:00:00,TAS1,,986.0,,130.391
2026-07-03 13:00:00,VIC1,,5946.45,,1174.381
2026-07-03 13:30:00,NSW1,,6665.09,,3066.535
2026-07-03 13:30:00,QLD1,,4821.89,,3135.329
2026-07-03 13:30:00,SA1,,1342.2,,721.911
2026-07-03 13:30:00,TAS1,,985.0,,124.169
2026-07-03 13:30:00,VIC1,,5953.44,,1147.83
2026-07-03 14:00:00,NSW1,,6745.73,,2825.561
2026-07-03 14:00:00,QLD1,,4944.69,,2903.423
2026-07-03 14:00:00,SA1,,1335.27,,700.961
2026-07-03 14:00:00,TAS1,,984.0,,113.837
2026-07-03 14:00:00,VIC1,,5986.92,,1084.317
2026-07-03 14:30:00,NSW1,,6979.51,,2476.721
2026-07-03 14:30:00,QLD1,,5163.52,,2571.32
2026-07-03 14:30:00,SA1,,1360.35,,652.239
2026-07-03 14:30:00,TAS1,,1001.0,,98.202
2026-07-03 14:30:00,VIC1,,6002.11,,969.2
2026-07-03 15:00:00,NSW1,,7294.89,,2022.515
2026-07-03 15:00:00,QLD1,,5558.66,,2165.35
2026-07-03 15:00:00,SA1,,1390.09,,584.271
2026-07-03 15:00:00,TAS1,,1020.0,,77.906
2026-07-03 15:00:00,VIC1,,6103.96,,811.035
2026-07-03 15:30:00,NSW1,,7647.11,,1492.796
2026-07-03 15:30:00,QLD1,,5947.83,,1691.964
2026-07-03 15:30:00,SA1,,1455.96,,499.421
2026-07-03 15:30:00,TAS1,,1044.0,,55.634
2026-07-03 15:30:00,VIC1,,6233.87,,619.368
2026-07-03 16:00:00,NSW1,,8078.07,,929.592
2026-07-03 16:00:00,QLD1,,6353.55,,1146.601
2026-07-03 16:00:00,SA1,,1523.28,,392.936
2026-07-03 16:00:00,TAS1,,1074.0,,32.314
2026-07-03 16:00:00,VIC1,,6398.42,,393.143
2026-07-03 16:30:00,NSW1,,8540.69,,377.715
2026-07-03 16:30:00,QLD1,,6734.23,,585.845
2026-07-03 16:30:00,SA1,,1616.96,,271.245
2026-07-03 16:30:00,TAS1,,1114.0,,9.565
2026-07-03 16:30:00,VIC1,,6658.03,,175.347
2026-07-03 17:00:00,NSW1,,9076.87,,4.159
2026-07-03 17:00:00,QLD1,,7103.82,,188.845
2026-07-03 17:00:00,SA1,,1749.07,,142.991
2026-07-03 17:00:00,TAS1,,1164.0,,0.0
2026-07-03 17:00:00,VIC1,,6971.05,,15.605
2026-07-03 17:30:00,NSW1,,9550.04,0.779,0.0
2026-07-03 17:30:00,QLD1,,7334.88,45.819,23.507
2026-07-03 17:30:00,SA1,,1895.5,62.257,33.205
2026-07-03 17:30:00,TAS1,,1218.0,0.0,0.0
2026-07-03 17:30:00,VIC1,,7296.5,3.981,0.0
2026-07-03 18:00:00,NSW1,,10176.22,0.0,0.0
2026-07-03 18:00:00,QLD1,,7390.59,3.624,0.0
2026-07-03 18:00:00,SA1,,1952.25,4.904,0.0
2026-07-03 18:00:00,TAS1,,1294.0,0.0,0.0
2026-07-03 18:00:00,VIC1,,7721.53,0.0,0.0
2026-07-03 18:30:00,NSW1,,10196.7,,0.0
2026-07-03 18:30:00,QLD1,,7388.7,,0.0
2026-07-03 18:30:00,SA1,,2024.14,,0.0
2026-07-03 18:30:00,TAS1,,1279.0,,0.0
2026-07-03 18:30:00,VIC1,,7716.25,,0.0
2026-07-03 18:35:00,NSW1,10130.77,,,
2026-07-03 18:35:00,QLD1,7372.98,,,
2026-07-03 18:35:00,SA1,2118.26,,,
2026-07-03 18:35:00,TAS1,1296.41,,,
2026-07-03 18:35:00,VIC1,7753.12,,,
2026-07-03 18:40:00,NSW1,10117.39,,,
2026-07-03 18:40:00,QLD1,7271.04,,,
2026-07-03 18:40:00,SA1,2127.36,,,
2026-07-03 18:40:00,TAS1,1287.23,,,
2026-07-03 18:40:00,VIC1,7606.0,,,
2026-07-03 19:00:00,NSW1,,10130.69,,0.0
2026-07-03 19:00:00,QLD1,,7274.06,,0.0
2026-07-03 19:00:00,SA1,,2072.74,,0.0
2026-07-03 19:00:00,TAS1,,1274.0,,0.0
2026-07-03 19:00:00,VIC1,,7618.23,,0.0
2026-07-03 19:30:00,NSW1,,10012.86,,0.0
2026-07-03 19:30:00,QLD1,,7095.72,,0.0
2026-07-03 19:30:00,SA1,,2119.14,,0.0
2026-07-03 19:30:00,TAS1,,1262.0,,0.0
2026-07-03 19:30:00,VIC1,,7478.03,,0.0
2026-07-03 20:00:00,NSW1,,9898.35,,0.0
2026-07-03 20:00:00,QLD1,,6966.0,,0.0
2026-07-03 20:00:00,SA1,,2111.21,,0.0
2026-07-03 20:00:00,TAS1,,1249.0,,0.0
2026-07-03 20:00:00,VIC1,,7347.89,,0.0
2026-07-03 20:30:00,NSW1,,9796.23,,0.0
2026-07-03 20:30:00,QLD1,,6860.34,,0.0
2026-07-03 20:30:00,SA1,,2085.3,,0.0
2026-07-03 20:30:00,TAS1,,1240.0,,0.0
2026-07-03 20:30:00,VIC1,,7203.24,,0.0
2026-07-03 21:00:00,NSW1,,9654.03,,0.0
2026-07-03 21:00:00,QLD1,,6856.82,,0.0
2026-07-03 21:00:00,SA1,,2054.24,,0.0
2026-07-03 21:00:00,TAS1,,1224.0,,0.0
2026-07-03 21:00:00,VIC1,,7044.13,,0.0
2026-07-03 21:30:00,NSW1,,9438.59,,0.0
2026-07-03 21:30:00,QLD1,,6795.78,,0.0
2026-07-03 21:30:00,SA1,,2011.28,,0.0
2026-07-03 21:30:00,TAS1,,1207.0,,0.0
2026-07-03 21:30:00,VIC1,,6867.15,,0.0
2026-07-03 22:00:00,NSW1,,9172.07,,0.0
2026-07-03 22:00:00,QLD1,,6641.14,,0.0
2026-07-03 22:00:00,SA1,,1946.6,,0.0
2026-07-03 22:00:00,TAS1,,1180.0,,0.0
2026-07-03 22:00:00,VIC1,,6646.99,,0.0
2026-07-03 22:30:00,NSW1,,8967.32,,0.0
2026-07-03 22:30:00,QLD1,,6497.02,,0.0
2026-07-03 22:30:00,SA1,,1866.71,,0.0
2026-07-03 22:30:00,TAS1,,1151.0,,0.0
2026-07-03 22:30:00,VIC1,,6385.52,,0.0
2026-07-03 23:00:00,NSW1,,8738.98,,0.0
2026-07-03 23:00:00,QLD1,,6343.42,,0.0
2026-07-03 23:00:00,SA1,,1775.26,,0.0
2026-07-03 23:00:00,TAS1,,1118.0,,0.0
2026-07-03 23:00:00,VIC1,,6138.29,,0.0
2026-07-03 23:30:00,NSW1,,8529.43,,0.0
2026-07-03 23:30:00,QLD1,,6184.43,,0.0
2026-07-03 23:30:00,SA1,,1693.85,,0.0
2026-07-03 23:30:00,TAS1,,1087.0,,0.0
2026-07-03 23:30:00,VIC1,,6049.9,,0.0
2026-07-04 00:00:00,NSW1,,8353.83,,0.0
2026-07-04 00:00:00,QLD1,,6054.27,,0.0
2026-07-04 00:00:00,SA1,,1667.91,,0.0
2026-07-04 00:00:00,TAS1,,1060.0,,0.0
2026-07-04 00:00:00,VIC1,,5903.65,,0.0
2026-07-04 00:30:00,NSW1,,8276.37,0.0,0.0
2026-07-04 00:30:00,QLD1,,5891.48,0.0,0.0
2026-07-04 00:30:00,SA1,,1648.63,0.0,0.0
2026-07-04 00:30:00,TAS1,,1036.0,0.0,0.0
2026-07-04 00:30:00,VIC1,,5713.2,0.0,0.0
2026-07-04 01:00:00,NSW1,,8131.86,0.0,0.0
2026-07-04 01:00:00,QLD1,,5732.3,0.0,0.0
2026-07-04 01:00:00,SA1,,1644.26,0.0,0.0
2026-07-04 01:00:00,TAS1,,1020.0,0.0,0.0
2026-07-04 01:00:00,VIC1,,5531.08,0.0,0.0
2026-07-04 01:30:00,NSW1,,7809.65,,0.0
2026-07-04 01:30:00,QLD1,,5631.74,,0.0
2026-07-04 01:30:00,SA1,,1572.37,,0.0
2026-07-04 01:30:00,TAS1,,1043.0,,0.0
2026-07-04 01:30:00,VIC1,,5441.99,,0.0
2026-07-04 01:40:00,NSW1,7691.51,,,
2026-07-04 01:40:00,QLD1,5545.54,,,
2026-07-04 01:40:00,SA1,1563.36,,,
2026-07-04 01:40:00,TAS1,1040.97,,,
2026-07-04 01:40:00,VIC1,5333.3,,,
2026-07-04 01:45:00,NSW1,7584.67,,,
2026-07-04 01:45:00,QLD1,5596.64,,,
2026-07-04 01:45:00,SA1,1542.42,,,
2026-07-04 01:45:00,TAS1,1051.58,,,
2026-07-04 01:45:00,VIC1,5283.96,,,
2026-07-04 02:00:00,NSW1,,7561.31,,0.0
2026-07-04 02:00:00,QLD1,,5574.63,,0.0
2026-07-04 02:00:00,SA1,,1529.77,,0.0
2026-07-04 02:00:00,TAS1,,1030.0,,0.0
2026-07-04 02:00:00,VIC1,,5272.43,,0.0
2026-07-04 02:30:00,NSW1,,7359.77,,0.0
2026-07-04 02:30:00,QLD1,,5529.47,,0.0
2026-07-04 02:30:00,SA1,,1488.31,,0.0
2026-07-04 02:30:00,TAS1,,1025.0,,0.0
2026-07-04 02:30:00,VIC1,,5125.2,,0.0
2026-07-04 03:00:00,NSW1,,7244.96,,0.0
2026-07-04 03:00:00,QLD1,,5493.32,,0.0
2026-07-04 03:00:00,SA1,,1452.31,,0.0
2026-07-04 03:00:00,TAS1,,1026.0,,0.0
2026-07-04 03:00:00,VIC1,,5024.17,,0.0
2026-07-04 03:30:00,NSW1,,7153.34,,0.0
2026-07-04 03:30:00,QLD1,,5484.61,,0.0
2026-07-04 03:30:00,SA1,,1425.53,,0.0
2026-07-04 03:30:00,TAS1,,1026.0,,0.0
2026-07-04 03:30:00,VIC1,,4960.09,,0.0
2026-07-04 04:00:00,NSW1,,7087.38,,0.0
2026-07-04 04:00:00,QLD1,,5492.85,,0.0
2026-07-04 04:00:00,SA1,,1405.62,,0.0
2026-07-04 04:00:00,TAS1,,1025.0,,0.0
2026-07-04 04:00:00,VIC1,,4914.27,,0.0
2026-07-04 04:30:00,NSW1,,7075.5,,0.0
2026-07-04 04:30:00,QLD1,,5536.47,,0.0
2026-07-04 04:30:00,SA1,,1395.8,,0.0
2026-07-04 04:30:00,TAS1,,1023.0,,0.0
2026-07-04 04:30:00,VIC1,,4894.41,,0.0
2026-07-04 05:00:00,NSW1,,7098.49,0.0,0.0
2026-07-04 05:00:00,QLD1,,5595.7,0.0,0.0
2026-07-04 05:00:00,SA1,,1391.8,0.0,0.0
2026-07-04 05:00:00,TAS1,,1026.0,0.0,0.0
2026-07-04 05:00:00,VIC1,,4916.04,0.0,0.0
2026-07-04 05:30:00,NSW1,,7239.53,0.0,0.0
2026-07-04 05:30:00,QLD1,,5698.81,0.0,0.0
2026-07-04 05:30:00,SA1,,1390.44,0.0,0.0
2026-07-04 05:30:00,TAS1,,1035.0,0.0,0.0
2026-07-04 05:30:00,VIC1,,5006.61,0.0,0.0
2026-07-04 06:00:00,NSW1,,7480.6,,0.0
2026-07-04 06:00:00,QLD1,,5837.17,,0.0
2026-07-04 06:00:00,SA1,,1454.11,,0.0
2026-07-04 06:00:00,TAS1,,1073.0,,0.0
2026-07-04 06:00:00,VIC1,,5044.25,,0.0
2026-07-04 06:15:00,NSW1,7753.8,,,
2026-07-04 06:15:00,QLD1,6078.81,,,
2026-07-04 06:15:00,SA1,1490.96,,,
2026-07-04 06:15:00,TAS1,1126.35,,,
2026-07-04 06:15:00,VIC1,5343.29,,,
2026-07-04 06:20:00,NSW1,7830.66,,,
2026-07-04 06:20:00,QLD1,6104.1,,,
2026-07-04 06:20:00,SA1,1473.23,,,
2026-07-04 06:20:00,TAS1,1129.26,,,
2026-07-04 06:20:00,VIC1,5386.97,,,
2026-07-04 06:30:00,NSW1,,7744.73,,0.0
2026-07-04 06:30:00,QLD1,,5964.54,,0.0
2026-07-04 06:30:00,SA1,,1477.93,,0.0
2026-07-04 06:30:00,TAS1,,1095.0,,0.0
2026-07-04 06:30:00,VIC1,,5383.34,,0.0
2026-07-04 07:00:00,NSW1,,8096.15,,0.0
2026-07-04 07:00:00,QLD1,,6071.0,,68.387
2026-07-04 07:00:00,SA1,,1514.42,,0.0
2026-07-04 07:00:00,TAS1,,1121.0,,0.0
2026-07-04 07:00:00,VIC1,,5582.69,,0.0
2026-07-04 07:30:00,NSW1,,8382.37,,97.756
2026-07-04 07:30:00,QLD1,,6020.6,,253.541
2026-07-04 07:30:00,SA1,,1555.14,,0.0
2026-07-04 07:30:00,TAS1,,1145.0,,0.0
2026-07-04 07:30:00,VIC1,,5697.47,,0.0
2026-07-04 08:00:00,NSW1,,8504.91,,462.411
2026-07-04 08:00:00,QLD1,,5809.93,,756.206
2026-07-04 08:00:00,SA1,,1622.82,,0.0
2026-07-04 08:00:00,TAS1,,1195.0,,0.058
2026-07-04 08:00:00,VIC1,,5905.07,,3.78
2026-07-04 08:30:00,NSW1,,8418.85,,1062.638
2026-07-04 08:30:00,QLD1,,5537.19,,1400.077
2026-07-04 08:30:00,SA1,,1690.34,,2.732
2026-07-04 08:30:00,TAS1,,1235.0,,10.792
2026-07-04 08:30:00,VIC1,,6188.48,,79.97
2026-07-04 09:00:00,NSW1,,8078.83,1711.28,1698.736
2026-07-04 09:00:00,QLD1,,5181.29,2131.379,2041.198
2026-07-04 09:00:00,SA1,,1718.99,235.723,53.144
2026-07-04 09:00:00,TAS1,,1254.0,35.545,30.134
2026-07-04 09:00:00,VIC1,,6295.83,551.667,249.667
2026-07-04 09:30:00,NSW1,,7711.75,2197.354,2303.088
2026-07-04 09:30:00,QLD1,,4817.89,2608.874,2608.249
2026-07-04 09:30:00,SA1,,1685.97,373.483,137.53
2026-07-04 09:30:00,TAS1,,1250.0,53.252,51.205
2026-07-04 09:30:00,VIC1,,6284.15,801.684,465.301
2026-07-04 10:00:00,NSW1,,7277.26,,2754.288
2026-07-04 10:00:00,QLD1,,4527.61,,3428.516
2026-07-04 10:00:00,SA1,,1504.18,,332.093
2026-07-04 10:00:00,TAS1,,1263.0,,75.369
2026-07-04 10:00:00,VIC1,,5939.01,,871.501
2026-07-04 10:10:00,NSW1,7011.81,,,
2026-07-04 10:10:00,QLD1,4220.18,,,
2026-07-04 10:10:00,SA1,1405.28,,,
2026-07-04 10:10:00,TAS1,1239.71,,,
2026-07-04 10:10:00,VIC1,5764.08,,,
2026-07-04 10:15:00,NSW1,6972.05,,,
2026-07-04 10:15:00,QLD1,4177.78,,,
2026-07-04 10:15:00,SA1,1384.21,,,
2026-07-04 10:15:00,TAS1,1228.35,,,
2026-07-04 10:15:00,VIC1,5720.03,,,
2026-07-04 10:30:00,NSW1,,6968.3,,3149.919
2026-07-04 10:30:00,QLD1,,4210.7,,3777.282
2026-07-04 10:30:00,SA1,,1438.49,,475.114
2026-07-04 10:30:00,TAS1,,1227.0,,88.3
2026-07-04 10:30:00,VIC1,,5633.7,,1096.573
2026-07-04 11:00:00,NSW1,,6590.26,,3403.671
2026-07-04 11:00:00,QLD1,,4110.71,,4016.036
2026-07-04 11:00:00,SA1,,1393.03,,556.615
2026-07-04 11:00:00,TAS1,,1188.0,,98.838
2026-07-04 11:00:00,VIC1,,5491.86,,1210.479
2026-07-04 11:30:00,NSW1,,6199.31,,3573.887
2026-07-04 11:30:00,QLD1,,3994.87,,4181.939
2026-07-04 11:30:00,SA1,,1359.29,,610.391
2026-07-04 11:30:00,TAS1,,1148.0,,105.515
2026-07-04 11:30:00,VIC1,,5494.89,,1290.137
2026-07-04 12:00:00,NSW1,,5933.11,,3666.4
2026-07-04 12:00:00,QLD1,,3906.43,,4267.354
2026-07-04 12:00:00,SA1,,1345.63,,644.052
2026-07-04 12:00:00,TAS1,,1121.0,,107.827
2026-07-04 12:00:00,VIC1,,5437.19,,1302.089
2026-07-04 12:30:00,NSW1,,5766.83,,3715.135
2026-07-04 12:30:00,QLD1,,3817.86,,4237.181
2026-07-04 12:30:00,SA1,,1318.92,,661.547
2026-07-04 12:30:00,TAS1,,1106.0,,106.781
2026-07-04 12:30:00,VIC1,,5393.6,,1243.751
2026-07-04 13:00:00,NSW1,,5648.9,,3712.813
2026-07-04 13:00:00,QLD1,,3761.01,,4146.411
2026-07-04 13:00:00,SA1,,1294.01,,597.305
2026-07-04 13:00:00,TAS1,,1089.0,,106.047
2026-07-04 13:00:00,VIC1,,5410.13,,1139.524
2026-07-04 13:30:00,NSW1,,5651.23,,3560.689
2026-07-04 13:30:00,QLD1,,3817.78,,3921.064
2026-07-04 13:30:00,SA1,,1268.01,,580.645
2026-07-04 13:30:00,TAS1,,1080.0,,99.929
2026-07-04 13:30:00,VIC1,,5469.9,,1043.268
2026-07-04 14:00:00,NSW1,,5791.83,,3308.181
2026-07-04 14:00:00,QLD1,,3961.52,,3602.69
2026-07-04 14:00:00,SA1,,1265.92,,552.652
2026-07-04 14:00:00,TAS1,,1076.0,,90.263
2026-07-04 14:00:00,VIC1,,5551.96,,926.432
2026-07-04 14:30:00,NSW1,,6013.53,,2932.63
2026-07-04 14:30:00,QLD1,,4203.9,,3190.008
2026-07-04 14:30:00,SA1,,1273.63,,510.389
2026-07-04 14:30:00,TAS1,,1093.0,,77.09
2026-07-04 14:30:00,VIC1,,5664.52,,783.449
2026-07-04 15:00:00,NSW1,,6412.4,,2432.274
2026-07-04 15:00:00,QLD1,,4658.19,,2690.37
2026-07-04 15:00:00,SA1,,1296.57,,453.486
2026-07-04 15:00:00,TAS1,,1113.0,,61.227
2026-07-04 15:00:00,VIC1,,5845.41,,641.111
2026-07-04 15:30:00,NSW1,,6923.49,,1785.673
2026-07-04 15:30:00,QLD1,,5142.06,,1766.34
2026-07-04 15:30:00,SA1,,1353.08,,376.082
2026-07-04 15:30:00,TAS1,,1140.0,,45.3
2026-07-04 15:30:00,VIC1,,6026.96,,466.977
2026-07-04 16:00:00,NSW1,,7509.16,,1123.963
2026-07-04 16:00:00,QLD1,,5649.04,,1168.767
2026-07-04 16:00:00,SA1,,1416.37,,293.682
2026-07-04 16:00:00,TAS1,,1174.0,,25.706
2026-07-04 16:00:00,VIC1,,6262.89,,290.099
2026-07-04 16:30:00,NSW1,,8147.07,,492.596
2026-07-04 16:30:00,QLD1,,6136.95,,596.768
2026-07-04 16:30:00,SA1,,1495.43,,201.234
2026-07-04 16:30:00,TAS1,,1218.0,,7.111
2026-07-04 16:30:00,VIC1,,6504.26,,118.142
2026-07-04 17:00:00,NSW1,,8839.14,,44.49
2026-07-04 17:00:00,QLD1,,6610.45,,196.526
2026-07-04 17:00:00,SA1,,1630.39,,103.809
2026-07-04 17:00:00,TAS1,,1270.0,,0.0
2026-07-04 17:00:00,VIC1,,6794.34,,0.0
2026-07-04 17:30:00,NSW1,,9398.04,,0.0
2026-07-04 17:30:00,QLD1,,6963.9,,24.314
2026-07-04 17:30:00,SA1,,1789.89,,22.005
2026-07-04 17:30:00,TAS1,,1329.0,,0.0
2026-07-04 17:30:00,VIC1,,7050.53,,0.0
2026-07-04 18:00:00,NSW1,,9832.17,0.0,0.0
2026-07-04 18:00:00,QLD1,,7256.09,3.399,0.0
2026-07-04 18:00:00,SA1,,1926.93,5.462,0.0
2026-07-04 18:00:00,TAS1,,1367.0,0.0,0.0
2026-07-04 18:00:00,VIC1,,7256.93,0.0,0.0
2026-07-04 18:30:00,NSW1,,9948.23,0.0,0.0
2026-07-04 18:30:00,QLD1,,7288.14,0.0,0.0
2026-07-04 18:30:00,SA1,,2010.13,0.0,0.0
2026-07-04 18:30:00,TAS1,,1371.0,0.0,0.0
2026-07-04 18:30:00,VIC1,,7277.56,0.0,0.0
2026-07-04 19:00:00,NSW1,,9770.41,,0.0
2026-07-04 19:00:00,QLD1,,6980.08,,0.0
2026-07-04 19:00:00,SA1,,2012.39,,0.0
2026-07-04 19:00:00,TAS1,,1331.0,,0.0
2026-07-04 19:00:00,VIC1,,7215.08,,0.0
2026-07-04 19:05:00,NSW1,9653.08,,,
2026-07-04 19:05:00,QLD1,6834.37,,,
2026-07-04 19:05:00,SA1,1971.61,,,
2026-07-04 19:05:00,TAS1,1373.46,,,
2026-07-04 19:05:00,VIC1,7195.94,,,
2026-07-04 19:10:00,NSW1,9707.25,,,
2026-07-04 19:10:00,QLD1,6868.81,,,
2026-07-04 19:10:00,SA1,1974.1,,,
2026-07-04 19:10:00,TAS1,1365.67,,,
2026-07-04 19:10:00,VIC1,7169.52,,,
2026-07-04 19:30:00,NSW1,,9724.46,,0.0
2026-07-04 19:30:00,QLD1,,6791.31,,0.0
2026-07-04 19:30:00,SA1,,1993.19,,0.0
2026-07-04 19:30:00,TAS1,,1320.0,,0.0
2026-07-04 19:30:00,VIC1,,7100.25,,0.0
2026-07-04 20:00:00,NSW1,,9638.6,,0.0
2026-07-04 20:00:00,QLD1,,6737.66,,0.0
2026-07-04 20:00:00,SA1,,1969.67,,0.0
2026-07-04 20:00:00,TAS1,,1306.0,,0.0
2026-07-04 20:00:00,VIC1,,6989.39,,0.0
2026-07-04 20:30:00,NSW1,,9617.81,,0.0
2026-07-04 20:30:00,QLD1,,6650.57,,0.0
2026-07-04 20:30:00,SA1,,1932.68,,0.0
2026-07-04 20:30:00,TAS1,,1302.0,,0.0
2026-07-04 20:30:00,VIC1,,6879.73,,0.0
2026-07-04 21:00:00,NSW1,,9524.59,,0.0
2026-07-04 21:00:00,QLD1,,6639.46,,0.0
2026-07-04 21:00:00,SA1,,1901.92,,0.0
2026-07-04 21:00:00,TAS1,,1292.0,,0.0
2026-07-04 21:00:00,VIC1,,6753.29,,0.0
2026-07-04 21:30:00,NSW1,,9374.26,0.0,0.0
2026-07-04 21:30:00,QLD1,,6600.52,0.0,0.0
2026-07-04 21:30:00,SA1,,1866.61,0.0,0.0
2026-07-04 21:30:00,TAS1,,1279.0,0.0,0.0
2026-07-04 21:30:00,VIC1,,6617.31,0.0,0.0
2026-07-04 22:00:00,NSW1,,9159.71,0.0,0.0
2026-07-04 22:00:00,QLD1,,6461.96,0.0,0.0
2026-07-04 22:00:00,SA1,,1819.02,0.0,0.0
2026-07-04 22:00:00,TAS1,,1260.0,0.0,0.0
2026-07-04 22:00:00,VIC1,,6426.86,0.0,0.0
2026-07-04 22:30:00,NSW1,,8999.06,,0.0
2026-07-04 22:30:00,QLD1,,6513.2,,0.0
2026-07-04 22:30:00,SA1,,1794.25,,0.0
2026-07-04 22:30:00,TAS1,,1242.0,,0.0
2026-07-04 22:30:00,VIC1,,6288.96,,0.0
2026-07-04 22:45:00,NSW1,8773.38,,,
2026-07-04 22:45:00,QLD1,6330.45,,,
2026-07-04 22:45:00,SA1,1680.46,,,
2026-07-04 22:45:00,TAS1,1225.19,,,
2026-07-04 22:45:00,VIC1,6142.95,,,
2026-07-04 22:50:00,NSW1,8845.69,,,
2026-07-04 22:50:00,QLD1,6313.85,,,
2026-07-04 22:50:00,SA1,1663.42,,,
2026-07-04 22:50:00,TAS1,1224.0,,,
2026-07-04 22:50:00,VIC1,6098.42,,,
2026-07-04 23:00:00,NSW1,,8822.22,,0.0
2026-07-04 23:00:00,QLD1,,6347.16,,0.0
2026-07-04 23:00:00,SA1,,1705.27,,0.0
2026-07-04 23:00:00,TAS1,,1199.0,,0.0
2026-07-04 23:00:00,VIC1,,6155.29,,0.0
2026-07-04 23:30:00,NSW1,,8609.42,,0.0
2026-07-04 23:30:00,QLD1,,6199.59,,0.0
2026-07-04 23:30:00,SA1,,1634.09,,0.0
2026-07-04 23:30:00,TAS1,,1173.0,,0.0
2026-07-04 23:30:00,VIC1,,6095.89,,0.0
2026-07-05 00:00:00,NSW1,,8356.47,,0.0
2026-07-05 00:00:00,QLD1,,6056.21,,0.0
2026-07-05 00:00:00,SA1,,1620.13,,0.0
2026-07-05 00:00:00,TAS1,,1153.0,,0.0
2026-07-05 00:00:00,VIC1,,5977.39,,0.0
2026-07-05 00:30:00,NSW1,,8131.95,,0.0
2026-07-05 00:30:00,QLD1,,5895.44,,0.0
2026-07-05 00:30:00,SA1,,1611.46,,0.0
2026-07-05 00:30:00,TAS1,,1136.0,,0.0
2026-07-05 00:30:00,VIC1,,5792.87,,0.0
2026-07-05 01:00:00,NSW1,,7949.93,,0.0
2026-07-05 01:00:00,QLD1,,5737.73,,0.0
2026-07-05 01:00:00,SA1,,1607.64,,0.0
2026-07-05 01:00:00,TAS1,,1122.0,,0.0
2026-07-05 01:00:00,VIC1,,5589.31,,0.0
2026-07-05 01:30:00,NSW1,,7736.47,0.0,0.0
2026-07-05 01:30:00,QLD1,,5610.8,0.0,0.0
2026-07-05 01:30:00,SA1,,1572.43,0.0,0.0
2026-07-05 01:30:00,TAS1,,1117.0,0.0,0.0
2026-07-05 01:30:00,VIC1,,5408.53,0.0,0.0
2026-07-05 02:00:00,NSW1,,7527.6,0.0,0.0
2026-07-05 02:00:00,QLD1,,5537.79,0.0,0.0
2026-07-05 02:00:00,SA1,,1543.93,0.0,0.0
2026-07-05 02:00:00,TAS1,,1109.0,0.0,0.0
2026-07-05 02:00:00,VIC1,,5211.73,0.0,0.0
2026-07-05 02:30:00,NSW1,7338.9,7366.04,,0.0
2026-07-05 02:30:00,QLD1,5533.84,5525.17,,0.0
2026-07-05 02:30:00,SA1,1460.85,1484.08,,0.0
2026-07-05 02:30:00,TAS1,1087.71,1087.0,,0.0
2026-07-05 02:30:00,VIC1,5087.76,5096.27,,0.0
2026-07-05 02:35:00,NSW1,7298.35,,,
2026-07-05 02:35:00,QLD1,5501.96,,,
2026-07-05 02:35:00,SA1,1439.87,,,
2026-07-05 02:35:00,TAS1,1087.8,,,
2026-07-05 02:35:00,VIC1,5077.56,,,
2026-07-05 03:00:00,NSW1,,7224.76,,0.0
2026-07-05 03:00:00,QLD1,,5475.9,,0.0
2026-07-05 03:00:00,SA1,,1446.12,,0.0
2026-07-05 03:00:00,TAS1,,1087.0,,0.0
2026-07-05 03:00:00,VIC1,,5023.86,,0.0
2026-07-05 03:30:00,NSW1,,7143.92,,0.0
2026-07-05 03:30:00,QLD1,,5471.93,,0.0
2026-07-05 03:30:00,SA1,,1420.55,,0.0
2026-07-05 03:30:00,TAS1,,1092.0,,0.0
2026-07-05 03:30:00,VIC1,,4948.83,,0.0
2026-07-05 04:00:00,NSW1,,7118.94,,0.0
2026-07-05 04:00:00,QLD1,,5480.19,,0.0
2026-07-05 04:00:00,SA1,,1402.57,,0.0
2026-07-05 04:00:00,TAS1,,1096.0,,0.0
2026-07-05 04:00:00,VIC1,,4900.78,,0.0
2026-07-05 04:30:00,NSW1,,7113.89,,0.0
2026-07-05 04:30:00,QLD1,,5514.35,,0.0
2026-07-05 04:30:00,SA1,,1390.55,,0.0
2026-07-05 04:30:00,TAS1,,1101.0,,0.0
2026-07-05 04:30:00,VIC1,,4873.55,,0.0
2026-07-05 05:00:00,NSW1,,7125.83,0.0,0.0
2026-07-05 05:00:00,QLD1,,5553.98,0.0,0.0
2026-07-05 05:00:00,SA1,,1381.72,0.0,0.0
2026-07-05 05:00:00,TAS1,,1108.0,0.0,0.0
2026-07-05 05:00:00,VIC1,,4896.57,0.0,0.0
2026-07-05 05:30:00,NSW1,,7190.5,0.0,0.0
2026-07-05 05:30:00,QLD1,,5614.64,0.0,0.0
2026-07-05 05:30:00,SA1,,1374.41,0.0,0.0
2026-07-05 05:30:00,TAS1,,1118.0,0.0,0.0
2026-07-05 05:30:00,VIC1,,4954.38,0.0,0.0
2026-07-05 06:00:00,NSW1,,7323.25,,0.0
2026-07-05 06:00:00,QLD1,,5694.21,,0.0
2026-07-05 06:00:00,SA1,,1358.65,,0.0
2026-07-05 06:00:00,TAS1,,1121.0,,0.0
2026-07-05 06:00:00,VIC1,,4875.77,,0.0
2026-07-05 06:10:00,NSW1,7484.86,,,
2026-07-05 06:10:00,QLD1,5754.08,,,
2026-07-05 06:10:00,SA1,1365.63,,,
2026-07-05 06:10:00,TAS1,1142.37,,,
2026-07-05 06:10:00,VIC1,5080.89,,,
2026-07-05 06:15:00,NSW1,7556.38,,,
2026-07-05 06:15:00,QLD1,5805.33,,,
2026-07-05 06:15:00,SA1,1365.76,,,
2026-07-05 06:15:00,TAS1,1148.21,,,
2026-07-05 06:15:00,VIC1,5058.72,,,
2026-07-05 06:30:00,NSW1,,7572.1,,0.0
2026-07-05 06:30:00,QLD1,,5801.89,,0.0
2026-07-05 06:30:00,SA1,,1368.45,,0.0
2026-07-05 06:30:00,TAS1,,1144.0,,0.0
2026-07-05 06:30:00,VIC1,,5054.85,,0.0
2026-07-05 07:00:00,NSW1,,7875.01,,0.0
2026-07-05 07:00:00,QLD1,,5903.83,,68.178
2026-07-05 07:00:00,SA1,,1379.79,,0.0
2026-07-05 07:00:00,TAS1,,1167.0,,0.0
2026-07-05 07:00:00,VIC1,,5240.24,,0.0
2026-07-05 07:30:00,NSW1,,8143.88,,88.28
2026-07-05 07:30:00,QLD1,,5888.96,,234.02
2026-07-05 07:30:00,SA1,,1432.18,,0.0
2026-07-05 07:30:00,TAS1,,1195.0,,0.0
2026-07-05 07:30:00,VIC1,,5358.53,,0.0
2026-07-05 08:00:00,NSW1,,8408.84,,413.88
2026-07-05 08:00:00,QLD1,,5730.81,,678.218
2026-07-05 08:00:00,SA1,,1512.52,,0.0
2026-07-05 08:00:00,TAS1,,1247.0,,0.252
2026-07-05 08:00:00,VIC1,,5581.58,,13.416
2026-07-05 08:30:00,NSW1,,8507.36,1024.481,957.019
2026-07-05 08:30:00,QLD1,,5568.24,1516.101,1253.015
2026-07-05 08:30:00,SA1,,1577.81,88.997,21.855
2026-07-05 08:30:00,TAS1,,1292.0,18.366,10.262
2026-07-05 08:30:00,VIC1,,5818.83,292.603,147.566
2026-07-05 09:00:00,NSW1,,8398.84,1455.509,1517.42
2026-07-05 09:00:00,QLD1,,5301.63,2014.924,1830.443
2026-07-05 09:00:00,SA1,,1578.74,236.794,135.382
2026-07-05 09:00:00,TAS1,,1317.0,37.442,27.991
2026-07-05 09:00:00,VIC1,,5882.43,511.849,411.377
2026-07-05 09:30:00,NSW1,,8063.57,,1673.529
2026-07-05 09:30:00,QLD1,,4883.91,,2512.412
2026-07-05 09:30:00,SA1,,1568.9,,326.329
2026-07-05 09:30:00,TAS1,,1286.0,,48.867
2026-07-05 09:30:00,VIC1,,6037.94,,705.585
2026-07-05 09:40:00,NSW1,8196.31,,,
2026-07-05 09:40:00,QLD1,4647.77,,,
2026-07-05 09:40:00,SA1,1468.84,,,
2026-07-05 09:40:00,TAS1,1269.69,,,
2026-07-05 09:40:00,VIC1,5910.18,,,
2026-07-05 09:45:00,NSW1,8182.75,,,
2026-07-05 09:45:00,QLD1,4531.94,,,
2026-07-05 09:45:00,SA1,1492.0,,,
2026-07-05 09:45:00,TAS1,1271.38,,,
2026-07-05 09:45:00,VIC1,5928.96,,,
2026-07-05 10:00:00,NSW1,,7988.09,,2185.734
2026-07-05 10:00:00,QLD1,,4590.83,,2954.588
2026-07-05 10:00:00,SA1,,1511.03,,425.31
2026-07-05 10:00:00,TAS1,,1253.0,,74.221
2026-07-05 10:00:00,VIC1,,5863.02,,826.845
2026-07-05 10:30:00,NSW1,,7748.49,,2412.237
2026-07-05 10:30:00,QLD1,,4440.16,,3220.445
2026-07-05 10:30:00,SA1,,1410.82,,605.824
2026-07-05 10:30:00,TAS1,,1232.0,,92.793
2026-07-05 10:30:00,VIC1,,5686.71,,1095.227
2026-07-05 11:00:00,NSW1,,7572.95,,2527.318
2026-07-05 11:00:00,QLD1,,4327.88,,3389.27
2026-07-05 11:00:00,SA1,,1252.22,,774.427
2026-07-05 11:00:00,TAS1,,1213.0,,106.125
2026-07-05 11:00:00,VIC1,,5441.17,,1334.116
2026-07-05 11:30:00,NSW1,,7415.79,,2561.583
2026-07-05 11:30:00,QLD1,,4316.89,,3475.345
2026-07-05 11:30:00,SA1,,1122.85,,913.091
2026-07-05 11:30:00,TAS1,,1194.0,,114.708
2026-07-05 11:30:00,VIC1,,5254.67,,1516.878
2026-07-05 12:00:00,NSW1,,7290.87,,2564.285
2026-07-05 12:00:00,QLD1,,4332.69,,3476.141
2026-07-05 12:00:00,SA1,,1038.7,,1002.547
2026-07-05 12:00:00,TAS1,,1175.0,,120.112
2026-07-05 12:00:00,VIC1,,5066.83,,1616.352
2026-07-05 12:30:00,NSW1,,7273.03,,2425.042
2026-07-05 12:30:00,QLD1,,4328.43,,3313.649
2026-07-05 12:30:00,SA1,,960.09,,1075.911
2026-07-05 12:30:00,TAS1,,1165.0,,118.902
2026-07-05 12:30:00,VIC1,,4931.6,,1793.238
2026-07-05 13:00:00,NSW1,,7297.23,,2341.498
2026-07-05 13:00:00,QLD1,,4314.44,,3145.95
2026-07-05 13:00:00,SA1,,912.18,,1062.724
2026-07-05 13:00:00,TAS1,,1154.0,,118.787
2026-07-05 13:00:00,VIC1,,4872.03,,1775.645
2026-07-05 13:30:00,NSW1,,7385.36,,2204.893
2026-07-05 13:30:00,QLD1,,4410.37,,2920.281
2026-07-05 13:30:00,SA1,,884.97,,1012.47
2026-07-05 13:30:00,TAS1,,1150.0,,114.212
2026-07-05 13:30:00,VIC1,,4915.95,,1687.012
2026-07-05 14:00:00,NSW1,,7533.51,,2003.331
2026-07-05 14:00:00,QLD1,,4558.77,,2623.82
2026-07-05 14:00:00,SA1,,887.65,,943.096
2026-07-05 14:00:00,TAS1,,1148.0,,105.429
2026-07-05 14:00:00,VIC1,,4983.89,,1550.553
2026-07-05 14:30:00,NSW1,,7675.61,,1727.598
2026-07-05 14:30:00,QLD1,,4791.94,,2269.756
2026-07-05 14:30:00,SA1,,937.02,,842.651
2026-07-05 14:30:00,TAS1,,1172.0,,90.936
2026-07-05 14:30:00,VIC1,,5071.93,,1358.76
2026-07-05 15:00:00,NSW1,,7980.52,,1391.043
2026-07-05 15:00:00,QLD1,,5225.46,,1742.238
2026-07-05 15:00:00,SA1,,1010.79,,732.344
2026-07-05 15:00:00,TAS1,,1199.0,,69.813
2026-07-05 15:00:00,VIC1,,5290.95,,1121.277
2026-07-05 15:30:00,NSW1,,8389.46,,1019.273
2026-07-05 15:30:00,QLD1,,5667.81,,1329.424
2026-07-05 15:30:00,SA1,,1145.48,,623.462
2026-07-05 15:30:00,TAS1,,1226.0,,48.761
2026-07-05 15:30:00,VIC1,,5529.79,,861.965
2026-07-05 16:00:00,NSW1,,8854.93,,633.276
2026-07-05 16:00:00,QLD1,,6097.09,,879.359
2026-07-05 16:00:00,SA1,,1262.51,,495.151
2026-07-05 16:00:00,TAS1,,1262.0,,27.398
2026-07-05 16:00:00,VIC1,,5851.64,,558.171
2026-07-05 16:30:00,NSW1,,9454.8,,251.899
2026-07-05 16:30:00,QLD1,,6562.87,,452.813
2026-07-05 16:30:00,SA1,,1399.18,,341.213
2026-07-05 16:30:00,TAS1,,1309.0,,8.541
2026-07-05 16:30:00,VIC1,,6206.39,,259.379
2026-07-05 17:00:00,NSW1,,10037.43,,0.0
2026-07-05 17:00:00,QLD1,,6966.05,,156.432
2026-07-05 17:00:00,SA1,,1596.34,,181.838
2026-07-05 17:00:00,TAS1,,1365.0,,0.0
2026-07-05 17:00:00,VIC1,,6623.76,,39.654
2026-07-05 17:30:00,NSW1,,10486.03,,0.0
2026-07-05 17:30:00,QLD1,,7324.07,,17.048
2026-07-05 17:30:00,SA1,,1807.77,,46.012
2026-07-05 17:30:00,TAS1,,1419.0,,0.0
2026-07-05 17:30:00,VIC1,,7032.3,,0.0
2026-07-05 18:00:00,NSW1,,10861.32,,0.0
2026-07-05 18:00:00,QLD1,,7624.05,,0.0
2026-07-05 18:00:00,SA1,,1984.87,,0.0
2026-07-05 18:00:00,TAS1,,1450.0,,0.0
2026-07-05 18:00:00,VIC1,,7324.59,,0.0
2026-07-05 18:30:00,NSW1,,10920.12,0.0,0.0
2026-07-05 18:30:00,QLD1,,7617.99,0.0,0.0
2026-07-05 18:30:00,SA1,,2109.25,0.0,0.0
2026-07-05 18:30:00,TAS1,,1448.0,0.0,0.0
2026-07-05 18:30:00,VIC1,,7392.99,0.0,0.0
2026-07-05 19:00:00,NSW1,,10834.59,0.0,0.0
2026-07-05 19:00:00,QLD1,,7498.99,0.0,0.0
2026-07-05 19:00:00,SA1,,2142.39,0.0,0.0
2026-07-05 19:00:00,TAS1,,1435.0,0.0,0.0
2026-07-05 19:00:00,VIC1,,7349.51,0.0,0.0
2026-07-05 19:30:00,NSW1,,10589.14,,0.0
2026-07-05 19:30:00,QLD1,,7192.41,,0.0
2026-07-05 19:30:00,SA1,,2170.39,,0.0
2026-07-05 19:30:00,TAS1,,1384.0,,0.0
2026-07-05 19:30:00,VIC1,,7355.89,,0.0
2026-07-05 19:40:00,NSW1,10430.24,,,
2026-07-05 19:40:00,QLD1,7002.67,,,
2026-07-05 19:40:00,SA1,2129.26,,,
2026-07-05 19:40:00,TAS1,1376.04,,,
2026-07-05 19:40:00,VIC1,7416.52,,,
2026-07-05 19:45:00,NSW1,10415.97,,,
2026-07-05 19:45:00,QLD1,6994.51,,,
2026-07-05 19:45:00,SA1,2122.26,,,
2026-07-05 19:45:00,TAS1,1372.9,,,
2026-07-05 19:45:00,VIC1,7427.35,,,
2026-07-05 20:00:00,NSW1,,10413.71,,0.0
2026-07-05 20:00:00,QLD1,,7067.76,,0.0
2026-07-05 20:00:00,SA1,,2142.71,,0.0
2026-07-05 20:00:00,TAS1,,1360.0,,0.0
2026-07-05 20:00:00,VIC1,,7306.1,,0.0
2026-07-05 20:30:00,NSW1,,10272.52,,0.0
2026-07-05 20:30:00,QLD1,,6949.02,,0.0
2026-07-05 20:30:00,SA1,,2116.38,,0.0
2026-07-05 20:30:00,TAS1,,1353.0,,0.0
2026-07-05 20:30:00,VIC1,,7163.19,,0.0
2026-07-05 21:00:00,NSW1,,10062.69,,0.0
2026-07-05 21:00:00,QLD1,,6839.7,,0.0
2026-07-05 21:00:00,SA1,,2066.65,,0.0
2026-07-05 21:00:00,TAS1,,1334.0,,0.0
2026-07-05 21:00:00,VIC1,,7008.02,,0.0
2026-07-05 21:30:00,NSW1,,9778.49,,0.0
2026-07-05 21:30:00,QLD1,,6732.43,,0.0
2026-07-05 21:30:00,SA1,,2013.17,,0.0
2026-07-05 21:30:00,TAS1,,1309.0,,0.0
2026-07-05 21:30:00,VIC1,,6828.05,,0.0
2026-07-05 22:00:00,NSW1,,9430.67,,0.0
2026-07-05 22:00:00,QLD1,,6531.3,,0.0
2026-07-05 22:00:00,SA1,,1946.82,,0.0
2026-07-05 22:00:00,TAS1,,1276.0,,0.0
2026-07-05 22:00:00,VIC1,,6576.96,,0.0
2026-07-05 22:30:00,NSW1,,9115.39,,0.0
2026-07-05 22:30:00,QLD1,,6334.32,,0.0
2026-07-05 22:30:00,SA1,,1864.98,,0.0
2026-07-05 22:30:00,TAS1,,1238.0,,0.0
2026-07-05 22:30:00,VIC1,,6306.11,,0.0
2026-07-05 23:00:00,NSW1,,8825.37,,0.0
2026-07-05 23:00:00,QLD1,,6153.61,,0.0
2026-07-05 23:00:00,SA1,,1772.53,,0.0
2026-07-05 23:00:00,TAS1,,1202.0,,0.0
2026-07-05 23:00:00,VIC1,,6089.97,,0.0
2026-07-05 23:30:00,NSW1,,8550.26,0.0,0.0
2026-07-05 23:30:00,QLD1,,5986.39,0.0,0.0
2026-07-05 23:30:00,SA1,,1693.43,0.0,0.0
2026-07-05 23:30:00,TAS1,,1173.0,0.0,0.0
2026-07-05 23:30:00,VIC1,,6023.32,0.0,0.0
2026-07-06 00:00:00,NSW1,,8293.96,0.0,0.0
2026-07-06 00:00:00,QLD1,,5874.4,0.0,0.0
2026-07-06 00:00:00,SA1,,1677.82,0.0,0.0
2026-07-06 00:00:00,TAS1,,1148.0,0.0,0.0
2026-07-06 00:00:00,VIC1,,5919.09,0.0,0.0
2026-07-06 00:30:00,NSW1,,7867.46,,0.0
2026-07-06 00:30:00,QLD1,,5752.38,,0.0
2026-07-06 00:30:00,SA1,,1603.15,,0.0
2026-07-06 00:30:00,TAS1,,1104.0,,0.0
2026-07-06 00:30:00,VIC1,,5796.81,,0.0
2026-07-06 00:55:00,NSW1,7836.75,,,
2026-07-06 00:55:00,QLD1,5626.33,,,
2026-07-06 00:55:00,SA1,1612.08,,,
2026-07-06 00:55:00,TAS1,1083.06,,,
2026-07-06 00:55:00,VIC1,5708.79,,,
2026-07-06 01:00:00,NSW1,7764.25,7951.37,,0.0
2026-07-06 01:00:00,QLD1,5582.09,5654.14,,0.0
2026-07-06 01:00:00,SA1,1586.34,1628.16,,0.0
2026-07-06 01:00:00,TAS1,1079.19,1093.0,,0.0
2026-07-06 01:00:00,VIC1,5679.67,5670.6,,0.0
2026-07-06 01:30:00,NSW1,,7738.33,,0.0
2026-07-06 01:30:00,QLD1,,5561.37,,0.0
2026-07-06 01:30:00,SA1,,1605.83,,0.0
2026-07-06 01:30:00,TAS1,,1090.0,,0.0
2026-07-06 01:30:00,VIC1,,5522.06,,0.0
2026-07-06 02:00:00,NSW1,,7536.98,,0.0
2026-07-06 02:00:00,QLD1,,5477.46,,0.0
2026-07-06 02:00:00,SA1,,1581.59,,0.0
2026-07-06 02:00:00,TAS1,,1083.0,,0.0
2026-07-06 02:00:00,VIC1,,5387.21,,0.0
2026-07-06 02:30:00,NSW1,,7391.37,,0.0
2026-07-06 02:30:00,QLD1,,5444.02,,0.0
2026-07-06 02:30:00,SA1,,1549.75,,0.0
2026-07-06 02:30:00,TAS1,,1082.0,,0.0
2026-07-06 02:30:00,VIC1,,5269.56,,0.0
2026-07-06 03:00:00,NSW1,,7265.42,,0.0
2026-07-06 03:00:00,QLD1,,5427.25,,0.0
2026-07-06 03:00:00,SA1,,1520.75,,0.0
2026-07-06 03:00:00,TAS1,,1087.0,,0.0
2026-07-06 03:00:00,VIC1,,5189.0,,0.0
2026-07-06 03:30:00,NSW1,,7191.06,0.0,0.0
2026-07-06 03:30:00,QLD1,,5438.27,0.0,0.0
2026-07-06 03:30:00,SA1,,1496.47,0.0,0.0
2026-07-06 03:30:00,TAS1,,1094.0,0.0,0.0
2026-07-06 03:30:00,VIC1,,5147.94,0.0,0.0
2026-07-06 04:00:00,NSW1,,7152.36,0.0,0.0
2026-07-06 04:00:00,QLD1,,5469.97,0.0,0.0
2026-07-06 04:00:00,SA1,,1478.93,0.0,0.0
2026-07-06 04:00:00,TAS1,,1101.0,0.0,0.0
2026-07-06 04:00:00,VIC1,,5132.83,0.0,0.0
2026-07-06 04:30:00,NSW1,,7028.52,,0.0
2026-07-06 04:30:00,QLD1,,5547.18,,0.0
2026-07-06 04:30:00,SA1,,1424.72,,0.0
2026-07-06 04:30:00,TAS1,,1139.0,,0.0
2026-07-06 04:30:00,VIC1,,5207.17,,0.0
2026-07-06 04:40:00,NSW1,7051.58,,,
2026-07-06 04:40:00,QLD1,5642.11,,,
2026-07-06 04:40:00,SA1,1396.08,,,
2026-07-06 04:40:00,TAS1,1155.72,,,
2026-07-06 04:40:00,VIC1,5332.76,,,
2026-07-06 04:45:00,NSW1,7162.01,,,
2026-07-06 04:45:00,QLD1,5676.51,,,
2026-07-06 04:45:00,SA1,1403.72,,,
2026-07-06 04:45:00,TAS1,1164.67,,,
2026-07-06 04:45:00,VIC1,5385.82,,,
2026-07-06 05:00:00,NSW1,,7164.71,,0.0
2026-07-06 05:00:00,QLD1,,5690.17,,0.0
2026-07-06 05:00:00,SA1,,1402.79,,0.0
2026-07-06 05:00:00,TAS1,,1162.0,,0.0
2026-07-06 05:00:00,VIC1,,5307.85,,0.0
2026-07-06 05:30:00,NSW1,,7449.31,,0.0
2026-07-06 05:30:00,QLD1,,5915.65,,0.0
2026-07-06 05:30:00,SA1,,1415.22,,0.0
2026-07-06 05:30:00,TAS1,,1198.0,,0.0
2026-07-06 05:30:00,VIC1,,5545.62,,0.0
2026-07-06 06:00:00,NSW1,,7741.29,,0.0
2026-07-06 06:00:00,QLD1,,6123.31,,0.0
2026-07-06 06:00:00,SA1,,1457.03,,0.0
2026-07-06 06:00:00,TAS1,,1246.0,,0.0
2026-07-06 06:00:00,VIC1,,5853.04,,0.0
2026-07-06 06:30:00,NSW1,,8318.08,,0.0
2026-07-06 06:30:00,QLD1,,6448.56,,0.0
2026-07-06 06:30:00,SA1,,1519.19,,0.0
2026-07-06 06:30:00,TAS1,,1321.0,,0.0
2026-07-06 06:30:00,VIC1,,6362.52,,0.0
2026-07-06 07:00:00,NSW1,,8979.34,14.916,0.0
2026-07-06 07:00:00,QLD1,,6716.94,65.239,56.124
2026-07-06 07:00:00,SA1,,1630.66,0.0,0.0
2026-07-06 07:00:00,TAS1,,1397.0,0.0,0.0
2026-07-06 07:00:00,VIC1,,6923.98,0.0,0.0
2026-07-06 07:30:00,NSW1,,9616.78,187.637,0.0
2026-07-06 07:30:00,QLD1,,6881.94,373.68,195.929
2026-07-06 07:30:00,SA1,,1774.61,0.0,0.0
2026-07-06 07:30:00,TAS1,,1461.0,0.0,0.0
2026-07-06 07:30:00,VIC1,,7461.22,2.928,0.0
2026-07-06 08:00:00,NSW1,,9718.87,,293.04
2026-07-06 08:00:00,QLD1,,6606.56,,589.243
2026-07-06 08:00:00,SA1,,1771.4,,0.0
2026-07-06 08:00:00,TAS1,,1480.0,,1.98
2026-07-06 08:00:00,VIC1,,8201.67,,43.312
2026-07-06 08:10:00,NSW1,9757.93,,,
2026-07-06 08:10:00,QLD1,6422.29,,,
2026-07-06 08:10:00,SA1,1934.73,,,
2026-07-06 08:10:00,TAS1,1529.69,,,
2026-07-06 08:10:00,VIC1,8440.72,,,
2026-07-06 08:15:00,NSW1,9785.05,,,
2026-07-06 08:15:00,QLD1,6459.69,,,
2026-07-06 08:15:00,SA1,1956.37,,,
2026-07-06 08:15:00,TAS1,1527.05,,,
2026-07-06 08:15:00,VIC1,8407.1,,,
2026-07-06 08:30:00,NSW1,,9749.4,,652.478
2026-07-06 08:30:00,QLD1,,6308.96,,976.82
2026-07-06 08:30:00,SA1,,1890.42,,31.319
2026-07-06 08:30:00,TAS1,,1502.0,,12.595
2026-07-06 08:30:00,VIC1,,8378.5,,185.412
2026-07-06 09:00:00,NSW1,,9568.19,,1005.124
2026-07-06 09:00:00,QLD1,,6100.76,,1386.062
2026-07-06 09:00:00,SA1,,1892.32,,148.706
2026-07-06 09:00:00,TAS1,,1472.0,,33.218
2026-07-06 09:00:00,VIC1,,8172.56,,535.516
2026-07-06 09:30:00,NSW1,,9579.55,,1311.565
2026-07-06 09:30:00,QLD1,,6062.51,,1774.378
2026-07-06 09:30:00,SA1,,1848.71,,331.087
2026-07-06 09:30:00,TAS1,,1431.0,,56.939
2026-07-06 09:30:00,VIC1,,7786.05,,956.249
2026-07-06 10:00:00,NSW1,,9487.21,,1563.314
2026-07-06 10:00:00,QLD1,,5953.36,,2076.881
2026-07-06 10:00:00,SA1,,1700.97,,537.379
2026-07-06 10:00:00,TAS1,,1382.0,,81.855
2026-07-06 10:00:00,VIC1,,7299.79,,1378.385
2026-07-06 10:30:00,NSW1,,9323.43,,1750.742
2026-07-06 10:30:00,QLD1,,5865.71,,2270.3
2026-07-06 10:30:00,SA1,,1523.71,,733.638
2026-07-06 10:30:00,TAS1,,1339.0,,102.471
2026-07-06 10:30:00,VIC1,,6839.31,,1730.32
2026-07-06 11:00:00,NSW1,,9152.39,,1849.168
2026-07-06 11:00:00,QLD1,,5796.32,,2397.723
2026-07-06 11:00:00,SA1,,1380.92,,890.332
2026-07-06 11:00:00,TAS1,,1295.0,,116.628
2026-07-06 11:00:00,VIC1,,6370.04,,1968.09
2026-07-06 11:30:00,NSW1,,9083.07,,1960.599
2026-07-06 11:30:00,QLD1,,5827.4,,2481.877
2026-07-06 11:30:00,SA1,,1242.13,,1021.412
2026-07-06 11:30:00,TAS1,,1254.0,,127.502
2026-07-06 11:30:00,VIC1,,6061.33,,2168.248
2026-07-06 12:00:00,NSW1,,9068.75,,2031.073
2026-07-06 12:00:00,QLD1,,5840.14,,2540.013
2026-07-06 12:00:00,SA1,,1139.9,,1126.722
2026-07-06 12:00:00,TAS1,,1220.0,,134.989
2026-07-06 12:00:00,VIC1,,5800.08,,2305.599
2026-07-06 12:30:00,NSW1,,9089.32,,2066.76
2026-07-06 12:30:00,QLD1,,5832.34,,2533.815
2026-07-06 12:30:00,SA1,,1042.4,,1201.73
2026-07-06 12:30:00,TAS1,,1197.0,,139.376
2026-07-06 12:30:00,VIC1,,5603.73,,2386.579
2026-07-06 13:00:00,NSW1,,9110.84,,2032.276
2026-07-06 13:00:00,QLD1,,5857.0,,2485.215
2026-07-06 13:00:00,SA1,,972.13,,1231.773
2026-07-06 13:00:00,TAS1,,1180.0,,139.332
2026-07-06 13:00:00,VIC1,,5533.46,,2402.952
2026-07-06 13:30:00,NSW1,,9152.73,,1938.397
2026-07-06 13:30:00,QLD1,,5941.54,,2358.965
2026-07-06 13:30:00,SA1,,921.38,,1219.486
2026-07-06 13:30:00,TAS1,,1175.0,,133.7
2026-07-06 13:30:00,VIC1,,5503.23,,2330.134
2026-07-06 14:00:00,NSW1,,9209.24,,1788.143
2026-07-06 14:00:00,QLD1,,6044.63,,2172.506
2026-07-06 14:00:00,SA1,,902.87,,1182.865
2026-07-06 14:00:00,TAS1,,1172.0,,122.814
2026-07-06 14:00:00,VIC1,,5557.71,,2188.429
2026-07-06 14:30:00,NSW1,,9225.24,,1567.352
2026-07-06 14:30:00,QLD1,,6152.76,,1906.347
2026-07-06 14:30:00,SA1,,900.28,,1102.713
2026-07-06 14:30:00,TAS1,,1188.0,,105.246
2026-07-06 14:30:00,VIC1,,5576.91,,1955.449
2026-07-06 15:00:00,NSW1,,9346.84,,1274.484
2026-07-06 15:00:00,QLD1,,6278.17,,1581.684
2026-07-06 15:00:00,SA1,,957.02,,984.008
2026-07-06 15:00:00,TAS1,,1208.0,,81.512
2026-07-06 15:00:00,VIC1,,5727.93,,1643.277
2026-07-06 15:30:00,NSW1,,9541.92,,935.412
2026-07-06 15:30:00,QLD1,,6528.11,,1208.969
2026-07-06 15:30:00,SA1,,1043.91,,835.729
2026-07-06 15:30:00,TAS1,,1235.0,,55.999
2026-07-06 15:30:00,VIC1,,5984.09,,1272.392
2026-07-06 16:00:00,NSW1,,9870.12,,579.682
2026-07-06 16:00:00,QLD1,,6792.31,,798.565
2026-07-06 16:00:00,SA1,,1196.3,,653.27
2026-07-06 16:00:00,TAS1,,1273.0,,30.733
2026-07-06 16:00:00,VIC1,,6340.63,,839.907
2026-07-06 16:30:00,NSW1,,10289.32,,222.156
2026-07-06 16:30:00,QLD1,,7123.65,,409.22
2026-07-06 16:30:00,SA1,,1361.36,,441.603
2026-07-06 16:30:00,TAS1,,1318.0,,9.011
2026-07-06 16:30:00,VIC1,,6801.94,,419.321
2026-07-06 17:00:00,NSW1,,10815.32,,0.0
2026-07-06 17:00:00,QLD1,,7495.51,,142.921
2026-07-06 17:00:00,SA1,,1593.8,,239.915
2026-07-06 17:00:00,TAS1,,1372.0,,0.0
2026-07-06 17:00:00,VIC1,,7288.32,,94.376
2026-07-06 17:30:00,NSW1,,11301.64,,0.0
2026-07-06 17:30:00,QLD1,,7816.59,,14.84
2026-07-06 17:30:00,SA1,,1851.61,,69.796
2026-07-06 17:30:00,TAS1,,1430.0,,0.0
2026-07-06 17:30:00,VIC1,,7777.43,,0.0
2026-07-06 18:00:00,NSW1,,11677.6,,0.0
2026-07-06 18:00:00,QLD1,,8126.6,,0.0
2026-07-06 18:00:00,SA1,,2073.96,,0.0
2026-07-06 18:00:00,TAS1,,1468.0,,0.0
2026-07-06 18:00:00,VIC1,,8156.73,,0.0
2026-07-06 18:30:00,NSW1,,11678.98,,0.0
2026-07-06 18:30:00,QLD1,,8129.94,,0.0
2026-07-06 18:30:00,SA1,,2234.21,,0.0
2026-07-06 18:30:00,TAS1,,1473.0,,0.0
2026-07-06 18:30:00,VIC1,,8259.73,,0.0
2026-07-06 19:00:00,NSW1,,11538.78,,0.0
2026-07-06 19:00:00,QLD1,,8026.28,,0.0
2026-07-06 19:00:00,SA1,,2281.15,,0.0
2026-07-06 19:00:00,TAS1,,1467.0,,0.0
2026-07-06 19:00:00,VIC1,,8229.82,,0.0
2026-07-06 19:30:00,NSW1,,11274.84,,0.0
2026-07-06 19:30:00,QLD1,,7840.36,,0.0
2026-07-06 19:30:00,SA1,,2274.34,,0.0
2026-07-06 19:30:00,TAS1,,1454.0,,0.0
2026-07-06 19:30:00,VIC1,,8122.51,,0.0
2026-07-06 20:00:00,NSW1,,11048.21,,0.0
2026-07-06 20:00:00,QLD1,,7684.24,,0.0
2026-07-06 20:00:00,SA1,,2249.54,,0.0
2026-07-06 20:00:00,TAS1,,1441.0,,0.0
2026-07-06 20:00:00,VIC1,,8038.67,,0.0
2026-07-06 20:30:00,NSW1,,10819.21,,0.0
2026-07-06 20:30:00,QLD1,,7530.15,,0.0
2026-07-06 20:30:00,SA1,,2227.49,,0.0
2026-07-06 20:30:00,TAS1,,1433.0,,0.0
2026-07-06 20:30:00,VIC1,,7886.56,,0.0
2026-07-06 21:00:00,NSW1,,10554.11,0.0,0.0
2026-07-06 21:00:00,QLD1,,7484.99,0.0,0.0
2026-07-06 21:00:00,SA1,,2187.58,0.0,0.0
2026-07-06 21:00:00,TAS1,,1411.0,0.0,0.0
2026-07-06 21:00:00,VIC1,,7697.39,0.0,0.0
2026-07-06 21:30:00,NSW1,,10199.11,0.0,0.0
2026-07-06 21:30:00,QLD1,,7352.6,0.0,0.0
2026-07-06 21:30:00,SA1,,2119.12,0.0,0.0
2026-07-06 21:30:00,TAS1,,1387.0,0.0,0.0
2026-07-06 21:30:00,VIC1,,7471.49,0.0,0.0
2026-07-06 22:00:00,NSW1,,9621.38,,0.0
2026-07-06 22:00:00,QLD1,,6938.41,,0.0
2026-07-06 22:00:00,SA1,,1954.57,,0.0
2026-07-06 22:00:00,TAS1,,1338.0,,0.0
2026-07-06 22:00:00,VIC1,,7301.19,,0.0
2026-07-06 22:30:00,NSW1,9173.4,9359.14,,0.0
2026-07-06 22:30:00,QLD1,6589.78,6782.58,,0.0
2026-07-06 22:30:00,SA1,1808.7,1871.39,,0.0
2026-07-06 22:30:00,TAS1,1283.0,1289.0,,0.0
2026-07-06 22:30:00,VIC1,6890.72,6984.65,,0.0
2026-07-06 22:35:00,NSW1,9131.55,,,
2026-07-06 22:35:00,QLD1,6581.58,,,
2026-07-06 22:35:00,SA1,1806.26,,,
2026-07-06 22:35:00,TAS1,1262.96,,,
2026-07-06 22:35:00,VIC1,6777.25,,,
2026-07-06 23:00:00,NSW1,,9069.52,,0.0
2026-07-06 23:00:00,QLD1,,6524.07,,0.0
2026-07-06 23:00:00,SA1,,1759.66,,0.0
2026-07-06 23:00:00,TAS1,,1249.0,,0.0
2026-07-06 23:00:00,VIC1,,6643.78,,0.0
2026-07-06 23:30:00,NSW1,,8820.96,,0.0
2026-07-06 23:30:00,QLD1,,6273.36,,0.0
2026-07-06 23:30:00,SA1,,1677.17,,0.0
2026-07-06 23:30:00,TAS1,,1217.0,,0.0
2026-07-06 23:30:00,VIC1,,6590.24,,0.0
2026-07-07 00:00:00,NSW1,,8604.57,,0.0
2026-07-07 00:00:00,QLD1,,6120.1,,0.0
2026-07-07 00:00:00,SA1,,1652.18,,0.0
2026-07-07 00:00:00,TAS1,,1190.0,,0.0
2026-07-07 00:00:00,VIC1,,6441.77,,0.0
2026-07-07 00:30:00,NSW1,,8421.36,,0.0
2026-07-07 00:30:00,QLD1,,5966.57,,0.0
2026-07-07 00:30:00,SA1,,1648.28,,0.0
2026-07-07 00:30:00,TAS1,,1170.0,,0.0
2026-07-07 00:30:00,VIC1,,6250.25,,0.0
2026-07-07 01:00:00,NSW1,,8250.16,,0.0
2026-07-07 01:00:00,QLD1,,5803.4,,0.0
2026-07-07 01:00:00,SA1,,1663.41,,0.0
2026-07-07 01:00:00,TAS1,,1154.0,,0.0
2026-07-07 01:00:00,VIC1,,6052.63,,0.0
2026-07-07 01:30:00,NSW1,,8045.4,,0.0
2026-07-07 01:30:00,QLD1,,5691.77,,0.0
2026-07-07 01:30:00,SA1,,1641.46,,0.0
2026-07-07 01:30:00,TAS1,,1147.0,,0.0
2026-07-07 01:30:00,VIC1,,5874.09,,0.0
2026-07-07 02:00:00,NSW1,,7819.12,,0.0
2026-07-07 02:00:00,QLD1,,5624.39,,0.0
2026-07-07 02:00:00,SA1,,1618.65,,0.0
2026-07-07 02:00:00,TAS1,,1140.0,,0.0
2026-07-07 02:00:00,VIC1,,5690.52,,0.0
2026-07-07 02:30:00,NSW1,,7624.26,,0.0
2026-07-07 02:30:00,QLD1,,5580.49,,0.0
2026-07-07 02:30:00,SA1,,1581.28,,0.0
2026-07-07 02:30:00,TAS1,,1138.0,,0.0
2026-07-07 02:30:00,VIC1,,5536.4,,0.0
2026-07-07 03:00:00,NSW1,,7466.09,,0.0
2026-07-07 03:00:00,QLD1,,5560.42,,0.0
2026-07-07 03:00:00,SA1,,1546.8,,0.0
2026-07-07 03:00:00,TAS1,,1142.0,,0.0
2026-07-07 03:00:00,VIC1,,5422.95,,0.0
2026-07-07 03:30:00,NSW1,,7377.4,,0.0
2026-07-07 03:30:00,QLD1,,5565.79,,0.0
2026-07-07 03:30:00,SA1,,1519.24,,0.0
2026-07-07 03:30:00,TAS1,,1148.0,,0.0
2026-07-07 03:30:00,VIC1,,5348.95,,0.0
2026-07-07 04:00:00,NSW1,,7338.08,0.0,0.0
2026-07-07 04:00:00,QLD1,,5594.43,0.0,0.0
2026-07-07 04:00:00,SA1,,1498.1,0.0,0.0
2026-07-07 04:00:00,TAS1,,1153.0,0.0,0.0
2026-07-07 04:00:00,VIC1,,5321.06,0.0,0.0
2026-07-07 04:30:00,NSW1,,7405.66,0.0,0.0
2026-07-07 04:30:00,QLD1,,5683.56,0.0,0.0
2026-07-07 04:30:00,SA1,,1489.09,0.0,0.0
2026-07-07 04:30:00,TAS1,,1166.0,0.0,0.0
2026-07-07 04:30:00,VIC1,,5350.1,0.0,0.0
2026-07-07 05:00:00,NSW1,,7504.85,,0.0
2026-07-07 05:00:00,QLD1,,5817.47,,0.0
2026-07-07 05:00:00,SA1,,1419.82,,0.0
2026-07-07 05:00:00,TAS1,,1140.0,,0.0
2026-07-07 05:00:00,VIC1,,5698.95,,0.0
2026-07-07 05:15:00,NSW1,7827.49,,,
2026-07-07 05:15:00,QLD1,6107.51,,,
2026-07-07 05:15:00,SA1,1408.98,,,
2026-07-07 05:15:00,TAS1,1191.71,,,
2026-07-07 05:15:00,VIC1,5902.55,,,
2026-07-07 05:20:00,NSW1,7885.03,,,
2026-07-07 05:20:00,QLD1,6129.38,,,
2026-07-07 05:20:00,SA1,1412.61,,,
2026-07-07 05:20:00,TAS1,1192.62,,,
2026-07-07 05:20:00,VIC1,5957.03,,,
2026-07-07 05:30:00,NSW1,,7903.95,,0.0
2026-07-07 05:30:00,QLD1,,6051.73,,0.0
2026-07-07 05:30:00,SA1,,1423.21,,0.0
2026-07-07 05:30:00,TAS1,,1176.0,,0.0
2026-07-07 05:30:00,VIC1,,5943.42,,0.0
2026-07-07 06:00:00,NSW1,,8241.02,,0.0
2026-07-07 06:00:00,QLD1,,6298.8,,0.0
2026-07-07 06:00:00,SA1,,1461.58,,0.0
2026-07-07 06:00:00,TAS1,,1221.0,,0.0
2026-07-07 06:00:00,VIC1,,6246.72,,0.0
2026-07-07 06:30:00,NSW1,,8775.85,,0.0
2026-07-07 06:30:00,QLD1,,6601.96,,0.0
2026-07-07 06:30:00,SA1,,1515.57,,0.0
2026-07-07 06:30:00,TAS1,,1299.0,,0.0
2026-07-07 06:30:00,VIC1,,6721.12,,0.0
2026-07-07 07:00:00,NSW1,,9356.4,,0.0
2026-07-07 07:00:00,QLD1,,6819.14,,57.709
2026-07-07 07:00:00,SA1,,1607.17,,0.0
2026-07-07 07:00:00,TAS1,,1379.0,,0.0
2026-07-07 07:00:00,VIC1,,7266.53,,0.0
2026-07-07 07:30:00,NSW1,,9862.06,,48.573
2026-07-07 07:30:00,QLD1,,6907.94,,216.004
2026-07-07 07:30:00,SA1,,1722.66,,0.0
2026-07-07 07:30:00,TAS1,,1448.0,,0.0
2026-07-07 07:30:00,VIC1,,7764.22,,0.0
2026-07-07 08:00:00,NSW1,,10081.14,,294.684
2026-07-07 08:00:00,QLD1,,6721.13,,639.77
2026-07-07 08:00:00,SA1,,1877.39,,0.0
2026-07-07 08:00:00,TAS1,,1509.0,,0.0
2026-07-07 08:00:00,VIC1,,8189.39,,0.0
2026-07-07 08:30:00,NSW1,,9984.65,988.17,747.076
2026-07-07 08:30:00,QLD1,,6478.27,1463.01,1198.656
2026-07-07 08:30:00,SA1,,1965.94,115.078,28.359
2026-07-07 08:30:00,TAS1,,1522.0,19.786,10.572
2026-07-07 08:30:00,VIC1,,8372.58,289.967,124.169
2026-07-07 09:00:00,NSW1,,9514.56,1390.664,1300.97
2026-07-07 09:00:00,QLD1,,6024.07,1936.025,1959.366
2026-07-07 09:00:00,SA1,,1909.8,280.048,155.403
2026-07-07 09:00:00,TAS1,,1559.0,39.233,34.637
2026-07-07 09:00:00,VIC1,,8496.89,470.084,418.037
2026-07-07 09:30:00,NSW1,9236.85,9231.91,,1646.807
2026-07-07 09:30:00,QLD1,5352.08,5641.64,,2477.837
2026-07-07 09:30:00,SA1,1618.66,1815.21,,333.36
2026-07-07 09:30:00,TAS1,1490.09,1511.0,,56.46
2026-07-07 09:30:00,VIC1,8501.85,8541.01,,712.081
2026-07-07 09:35:00,NSW1,9207.17,,,
2026-07-07 09:35:00,QLD1,5296.64,,,
2026-07-07 09:35:00,SA1,1585.86,,,
2026-07-07 09:35:00,TAS1,1476.73,,,
2026-07-07 09:35:00,VIC1,8392.56,,,
2026-07-07 10:00:00,NSW1,,8897.24,,2026.655
2026-07-07 10:00:00,QLD1,,5300.5,,2887.604
2026-07-07 10:00:00,SA1,,1641.32,,527.213
2026-07-07 10:00:00,TAS1,,1459.0,,81.125
2026-07-07 10:00:00,VIC1,,8148.97,,1028.677
2026-07-07 10:30:00,NSW1,,8661.81,,2296.322
2026-07-07 10:30:00,QLD1,,5047.83,,3168.406
2026-07-07 10:30:00,SA1,,1443.63,,719.173
2026-07-07 10:30:00,TAS1,,1400.0,,100.079
2026-07-07 10:30:00,VIC1,,7580.08,,1298.87
2026-07-07 11:00:00,NSW1,,8404.6,,2485.503
2026-07-07 11:00:00,QLD1,,4845.28,,3356.762
2026-07-07 11:00:00,SA1,,1303.79,,882.94
2026-07-07 11:00:00,TAS1,,1343.0,,115.568
2026-07-07 11:00:00,VIC1,,7052.19,,1526.485
2026-07-07 11:30:00,NSW1,,8182.79,,2597.396
2026-07-07 11:30:00,QLD1,,4780.75,,3480.644
2026-07-07 11:30:00,SA1,,1184.23,,1009.927
2026-07-07 11:30:00,TAS1,,1297.0,,124.106
2026-07-07 11:30:00,VIC1,,6685.11,,1707.523
2026-07-07 12:00:00,NSW1,,8035.19,,2556.432
2026-07-07 12:00:00,QLD1,,4744.77,,3457.696
2026-07-07 12:00:00,SA1,,1081.32,,1095.521
2026-07-07 12:00:00,TAS1,,1258.0,,129.88
2026-07-07 12:00:00,VIC1,,6374.95,,1847.635
2026-07-07 12:30:00,NSW1,,7959.69,,2603.455
2026-07-07 12:30:00,QLD1,,4718.01,,3398.3
2026-07-07 12:30:00,SA1,,974.87,,1158.856
2026-07-07 12:30:00,TAS1,,1229.0,,135.461
2026-07-07 12:30:00,VIC1,,6147.72,,1961.863
2026-07-07 13:00:00,NSW1,,7926.25,,2571.982
2026-07-07 13:00:00,QLD1,,4695.08,,3274.365
2026-07-07 13:00:00,SA1,,900.4,,1181.183
2026-07-07 13:00:00,TAS1,,1206.0,,137.399
2026-07-07 13:00:00,VIC1,,6019.25,,2026.971
2026-07-07 13:30:00,NSW1,,7942.99,,2468.282
2026-07-07 13:30:00,QLD1,,4764.63,,3059.047
2026-07-07 13:30:00,SA1,,844.8,,1173.937
2026-07-07 13:30:00,TAS1,,1194.0,,133.768
2026-07-07 13:30:00,VIC1,,5958.53,,2015.24
2026-07-07 14:00:00,NSW1,,8016.38,,2285.555
2026-07-07 14:00:00,QLD1,,4904.62,,2770.819
2026-07-07 14:00:00,SA1,,823.09,,1141.125
2026-07-07 14:00:00,TAS1,,1188.0,,124.94
2026-07-07 14:00:00,VIC1,,5969.43,,1926.086
2026-07-07 14:30:00,NSW1,,8138.82,,2039.818
2026-07-07 14:30:00,QLD1,,5141.04,,2295.187
2026-07-07 14:30:00,SA1,,837.53,,1063.523
2026-07-07 14:30:00,TAS1,,1202.0,,108.703
2026-07-07 14:30:00,VIC1,,5982.84,,1739.816
2026-07-07 15:00:00,NSW1,,8354.82,,1671.691
2026-07-07 15:00:00,QLD1,,5575.93,,1886.983
2026-07-07 15:00:00,SA1,,904.24,,956.971
2026-07-07 15:00:00,TAS1,,1218.0,,85.585
2026-07-07 15:00:00,VIC1,,6109.97,,1471.525
2026-07-07 15:30:00,NSW1,,8679.2,,1244.082
2026-07-07 15:30:00,QLD1,,5987.86,,1445.471
2026-07-07 15:30:00,SA1,,1001.27,,823.098
2026-07-07 15:30:00,TAS1,,1241.0,,59.808
2026-07-07 15:30:00,VIC1,,6336.23,,1132.371
2026-07-07 16:00:00,NSW1,,9090.04,,791.201
2026-07-07 16:00:00,QLD1,,6368.49,,959.705
2026-07-07 16:00:00,SA1,,1129.71,,654.717
2026-07-07 16:00:00,TAS1,,1274.0,,33.93
2026-07-07 16:00:00,VIC1,,6659.27,,745.665
2026-07-07 16:30:00,NSW1,,9592.71,,333.087
2026-07-07 16:30:00,QLD1,,6811.19,,490.626
2026-07-07 16:30:00,SA1,,1293.19,,454.019
2026-07-07 16:30:00,TAS1,,1315.0,,11.193
2026-07-07 16:30:00,VIC1,,7079.68,,372.287
2026-07-07 17:00:00,NSW1,,10135.54,,3.72
2026-07-07 17:00:00,QLD1,,7228.88,,163.684
2026-07-07 17:00:00,SA1,,1492.9,,254.326
2026-07-07 17:00:00,TAS1,,1373.0,,0.0
2026-07-07 17:00:00,VIC1,,7522.15,,78.866
2026-07-07 17:30:00,NSW1,,10635.89,,0.0
2026-07-07 17:30:00,QLD1,,7542.51,,19.973
2026-07-07 17:30:00,SA1,,1713.27,,76.861
2026-07-07 17:30:00,TAS1,,1433.0,,0.0
2026-07-07 17:30:00,VIC1,,7978.51,,0.0
2026-07-07 18:00:00,NSW1,,11054.63,,0.0
2026-07-07 18:00:00,QLD1,,7845.41,,0.0
2026-07-07 18:00:00,SA1,,1898.28,,0.0
2026-07-07 18:00:00,TAS1,,1468.0,,0.0
2026-07-07 18:00:00,VIC1,,8343.45,,0.0
2026-07-07 18:30:00,NSW1,,11109.47,,0.0
2026-07-07 18:30:00,QLD1,,7878.77,,0.0
2026-07-07 18:30:00,SA1,,2045.58,,0.0
2026-07-07 18:30:00,TAS1,,1473.0,,0.0
2026-07-07 18:30:00,VIC1,,8435.19,,0.0
2026-07-07 19:00:00,NSW1,,11042.61,,0.0
2026-07-07 19:00:00,QLD1,,7794.63,,0.0
2026-07-07 19:00:00,SA1,,2098.55,,0.0
2026-07-07 19:00:00,TAS1,,1468.0,,0.0
2026-07-07 19:00:00,VIC1,,8397.89,,0.0
2026-07-07 19:30:00,NSW1,,10846.31,0.0,0.0
2026-07-07 19:30:00,QLD1,,7628.04,0.0,0.0
2026-07-07 19:30:00,SA1,,2111.83,0.0,0.0
2026-07-07 19:30:00,TAS1,,1455.0,0.0,0.0
2026-07-07 19:30:00,VIC1,,8293.83,0.0,0.0
2026-07-07 20:00:00,NSW1,,10668.21,0.0,0.0
2026-07-07 20:00:00,QLD1,,7493.71,0.0,0.0
2026-07-07 20:00:00,SA1,,2098.55,0.0,0.0
2026-07-07 20:00:00,TAS1,,1442.0,0.0,0.0
2026-07-07 20:00:00,VIC1,,8182.39,0.0,0.0
2026-07-07 20:30:00,NSW1,,10433.02,,0.0
2026-07-07 20:30:00,QLD1,,7252.77,,0.0
2026-07-07 20:30:00,SA1,,2053.67,,0.0
2026-07-07 20:30:00,TAS1,,1481.0,,0.0
2026-07-07 20:30:00,VIC1,,8291.88,,0.0
2026-07-07 20:35:00,NSW1,10348.18,,,
2026-07-07 20:35:00,QLD1,7041.64,,,
2026-07-07 20:35:00,SA1,2004.54,,,
2026-07-07 20:35:00,TAS1,1496.25,,,
2026-07-07 20:35:00,VIC1,8224.98,,,
2026-07-07 20:40:00,NSW1,10215.05,,,
2026-07-07 20:40:00,QLD1,7241.12,,,
2026-07-07 20:40:00,SA1,1984.73,,,
2026-07-07 20:40:00,TAS1,1483.18,,,
2026-07-07 20:40:00,VIC1,8188.04,,,
2026-07-07 21:00:00,NSW1,,10189.51,,0.0
2026-07-07 21:00:00,QLD1,,7053.68,,0.0
2026-07-07 21:00:00,SA1,,2010.35,,0.0
2026-07-07 21:00:00,TAS1,,1463.0,,0.0
2026-07-07 21:00:00,VIC1,,8135.38,,0.0
2026-07-07 21:30:00,NSW1,,9913.31,,0.0
2026-07-07 21:30:00,QLD1,,7010.74,,0.0
2026-07-07 21:30:00,SA1,,1954.2,,0.0
2026-07-07 21:30:00,TAS1,,1431.0,,0.0
2026-07-07 21:30:00,VIC1,,7835.48,,0.0
2026-07-07 22:00:00,NSW1,,9573.33,,0.0
2026-07-07 22:00:00,QLD1,,6868.74,,0.0
2026-07-07 22:00:00,SA1,,1886.76,,0.0
2026-07-07 22:00:00,TAS1,,1385.0,,0.0
2026-07-07 22:00:00,VIC1,,7501.71,,0.0
2026-07-07 22:30:00,NSW1,,9295.45,,0.0
2026-07-07 22:30:00,QLD1,,6636.7,,0.0
2026-07-07 22:30:00,SA1,,1805.88,,0.0
2026-07-07 22:30:00,TAS1,,1337.0,,0.0
2026-07-07 22:30:00,VIC1,,7123.09,,0.0
2026-07-07 23:00:00,NSW1,,9020.73,,0.0
2026-07-07 23:00:00,QLD1,,6423.53,,0.0
2026-07-07 23:00:00,SA1,,1714.49,,0.0
2026-07-07 23:00:00,TAS1,,1288.0,,0.0
2026-07-07 23:00:00,VIC1,,6777.81,,0.0
2026-07-07 23:30:00,NSW1,,8769.66,,0.0
2026-07-07 23:30:00,QLD1,,6222.47,,0.0
2026-07-07 23:30:00,SA1,,1631.72,,0.0
2026-07-07 23:30:00,TAS1,,1244.0,,0.0
2026-07-07 23:30:00,VIC1,,6629.48,,0.0
2026-07-08 00:00:00,NSW1,,8548.14,,0.0
2026-07-08 00:00:00,QLD1,,6071.74,,0.0
2026-07-08 00:00:00,SA1,,1607.58,,0.0
2026-07-08 00:00:00,TAS1,,1211.0,,0.0
2026-07-08 00:00:00,VIC1,,6433.68,,0.0
2026-07-08 00:30:00,NSW1,,8365.58,,0.0
2026-07-08 00:30:00,QLD1,,5912.74,,0.0
2026-07-08 00:30:00,SA1,,1605.7,,0.0
2026-07-08 00:30:00,TAS1,,1184.0,,0.0
2026-07-08 00:30:00,VIC1,,6211.16,,0.0
2026-07-08 01:00:00,NSW1,,8182.21,,0.0
2026-07-08 01:00:00,QLD1,,5760.31,,0.0
2026-07-08 01:00:00,SA1,,1611.59,,0.0
2026-07-08 01:00:00,TAS1,,1164.0,,0.0
2026-07-08 01:00:00,VIC1,,6010.6,,0.0
2026-07-08 01:30:00,NSW1,,7967.43,,0.0
2026-07-08 01:30:00,QLD1,,5657.11,,0.0
2026-07-08 01:30:00,SA1,,1588.58,,0.0
2026-07-08 01:30:00,TAS1,,1153.0,,0.0
2026-07-08 01:30:00,VIC1,,5811.3,,0.0
2026-07-08 02:00:00,NSW1,,7736.98,,0.0
2026-07-08 02:00:00,QLD1,,5589.19,,0.0
2026-07-08 02:00:00,SA1,,1562.49,,0.0
2026-07-08 02:00:00,TAS1,,1142.0,,0.0
2026-07-08 02:00:00,VIC1,,5626.25,,0.0
2026-07-08 02:30:00,NSW1,,7545.78,,0.0
2026-07-08 02:30:00,QLD1,,5545.89,,0.0
2026-07-08 02:30:00,SA1,,1525.84,,0.0
2026-07-08 02:30:00,TAS1,,1136.0,,0.0
2026-07-08 02:30:00,VIC1,,5473.8,,0.0
2026-07-08 03:00:00,NSW1,,7386.21,0.0,0.0
2026-07-08 03:00:00,QLD1,,5529.11,0.0,0.0
2026-07-08 03:00:00,SA1,,1491.15,0.0,0.0
2026-07-08 03:00:00,TAS1,,1138.0,0.0,0.0
2026-07-08 03:00:00,VIC1,,5370.48,0.0,0.0
2026-07-08 03:30:00,NSW1,,7290.8,0.0,0.0
2026-07-08 03:30:00,QLD1,,5526.65,0.0,0.0
2026-07-08 03:30:00,SA1,,1464.17,0.0,0.0
2026-07-08 03:30:00,TAS1,,1141.0,0.0,0.0
2026-07-08 03:30:00,VIC1,,5308.22,0.0,0.0
2026-07-08 04:00:00,NSW1,,7418.27,,0.0
2026-07-08 04:00:00,QLD1,,5561.99,,0.0
2026-07-08 04:00:00,SA1,,1435.13,,0.0
2026-07-08 04:00:00,TAS1,,1161.0,,0.0
2026-07-08 04:00:00,VIC1,,5473.31,,0.0
2026-07-08 04:20:00,NSW1,7431.76,,,
2026-07-08 04:20:00,QLD1,5641.9,,,
2026-07-08 04:20:00,SA1,1390.12,,,
2026-07-08 04:20:00,TAS1,1202.77,,,
2026-07-08 04:20:00,VIC1,5518.65,,,
2026-07-08 04:25:00,NSW1,7488.01,,,
2026-07-08 04:25:00,QLD1,5684.71,,,
2026-07-08 04:25:00,SA1,1390.32,,,
2026-07-08 04:25:00,TAS1,1205.18,,,
2026-07-08 04:25:00,VIC1,5464.94,,,
2026-07-08 04:30:00,NSW1,,7457.15,,0.0
2026-07-08 04:30:00,QLD1,,5632.95,,0.0
2026-07-08 04:30:00,SA1,,1416.07,,0.0
2026-07-08 04:30:00,TAS1,,1177.0,,0.0
2026-07-08 04:30:00,VIC1,,5495.92,,0.0
2026-07-08 05:00:00,NSW1,,7561.46,,0.0
2026-07-08 05:00:00,QLD1,,5780.84,,0.0
2026-07-08 05:00:00,SA1,,1418.18,,0.0
2026-07-08 05:00:00,TAS1,,1193.0,,0.0
2026-07-08 05:00:00,VIC1,,5581.12,,0.0
2026-07-08 05:30:00,NSW1,,7805.03,,0.0
2026-07-08 05:30:00,QLD1,,5986.19,,0.0
2026-07-08 05:30:00,SA1,,1428.81,,0.0
2026-07-08 05:30:00,TAS1,,1229.0,,0.0
2026-07-08 05:30:00,VIC1,,5785.21,,0.0
2026-07-08 06:00:00,NSW1,,8122.14,,0.0
2026-07-08 06:00:00,QLD1,,6213.29,,0.0
2026-07-08 06:00:00,SA1,,1462.05,,0.0
2026-07-08 06:00:00,TAS1,,1275.0,,0.0
2026-07-08 06:00:00,VIC1,,6077.35,,0.0
2026-07-08 06:30:00,NSW1,,8690.44,,0.0
2026-07-08 06:30:00,QLD1,,6530.55,,0.0
2026-07-08 06:30:00,SA1,,1513.28,,0.0
2026-07-08 06:30:00,TAS1,,1346.0,,0.0
2026-07-08 06:30:00,VIC1,,6572.8,,0.0
2026-07-08 07:00:00,NSW1,,9281.11,,0.0
2026-07-08 07:00:00,QLD1,,6768.09,,49.329
2026-07-08 07:00:00,SA1,,1601.36,,0.0
2026-07-08 07:00:00,TAS1,,1420.0,,0.0
2026-07-08 07:00:00,VIC1,,7107.21,,0.0
2026-07-08 07:30:00,NSW1,,9790.4,211.104,15.553
2026-07-08 07:30:00,QLD1,,6888.23,477.733,217.353
2026-07-08 07:30:00,SA1,,1699.59,0.0,0.0
2026-07-08 07:30:00,TAS1,,1478.0,0.0,0.0
2026-07-08 07:30:00,VIC1,,7613.47,2.338,0.0
2026-07-08 08:00:00,NSW1,,9986.04,586.749,301.271
2026-07-08 08:00:00,QLD1,,6715.06,977.96,663.23
2026-07-08 08:00:00,SA1,,1842.39,8.534,0.0
2026-07-08 08:00:00,TAS1,,1529.0,5.668,0.0
2026-07-08 08:00:00,VIC1,,8041.91,56.948,0.0
2026-07-08 08:30:00,NSW1,9734.4,9808.06,,778.88
2026-07-08 08:30:00,QLD1,6140.34,6334.33,,1196.103
2026-07-08 08:30:00,SA1,1875.69,1829.28,,30.969
2026-07-08 08:30:00,TAS1,1589.47,1554.0,,13.25
2026-07-08 08:30:00,VIC1,8299.08,8180.1,,146.808
2026-07-08 08:35:00,NSW1,9647.85,,,
2026-07-08 08:35:00,QLD1,6036.21,,,
2026-07-08 08:35:00,SA1,1869.06,,,
2026-07-08 08:35:00,TAS1,1579.16,,,
2026-07-08 08:35:00,VIC1,8318.83,,,
2026-07-08 09:00:00,NSW1,,9454.82,,1257.275
2026-07-08 09:00:00,QLD1,,5965.58,,1910.739
2026-07-08 09:00:00,SA1,,1832.66,,139.465
2026-07-08 09:00:00,TAS1,,1560.0,,34.512
2026-07-08 09:00:00,VIC1,,8312.62,,406.576
2026-07-08 09:30:00,NSW1,,9105.85,,1711.368
2026-07-08 09:30:00,QLD1,,5602.96,,2381.827
2026-07-08 09:30:00,SA1,,1721.14,,301.031
2026-07-08 09:30:00,TAS1,,1515.0,,59.007
2026-07-08 09:30:00,VIC1,,8133.22,,717.213
2026-07-08 10:00:00,NSW1,,8789.66,,2102.127
2026-07-08 10:00:00,QLD1,,5306.9,,2745.583
2026-07-08 10:00:00,SA1,,1584.25,,481.37
2026-07-08 10:00:00,TAS1,,1447.0,,84.769
2026-07-08 10:00:00,VIC1,,7707.92,,1035.416
2026-07-08 10:30:00,NSW1,,8454.48,,2396.334
2026-07-08 10:30:00,QLD1,,5112.8,,2981.393
2026-07-08 10:30:00,SA1,,1450.53,,661.458
2026-07-08 10:30:00,TAS1,,1393.0,,107.649
2026-07-08 10:30:00,VIC1,,7291.07,,1322.841
2026-07-08 11:00:00,NSW1,,8133.11,,2629.367
2026-07-08 11:00:00,QLD1,,4976.22,,3155.136
2026-07-08 11:00:00,SA1,,1334.06,,810.389
2026-07-08 11:00:00,TAS1,,1346.0,,125.518
2026-07-08 11:00:00,VIC1,,6887.27,,1558.244
2026-07-08 11:30:00,NSW1,,7876.35,,2781.15
2026-07-08 11:30:00,QLD1,,4967.81,,3248.304
2026-07-08 11:30:00,SA1,,1216.56,,919.508
2026-07-08 11:30:00,TAS1,,1306.0,,137.054
2026-07-08 11:30:00,VIC1,,6602.32,,1722.331
2026-07-08 12:00:00,NSW1,,7698.29,,2894.363
2026-07-08 12:00:00,QLD1,,4966.42,,3287.664
2026-07-08 12:00:00,SA1,,1132.77,,1004.168
2026-07-08 12:00:00,TAS1,,1273.0,,145.077
2026-07-08 12:00:00,VIC1,,6373.02,,1889.392
2026-07-08 12:30:00,NSW1,,7612.44,,2945.194
2026-07-08 12:30:00,QLD1,,4955.63,,3242.719
2026-07-08 12:30:00,SA1,,1043.06,,1057.26
2026-07-08 12:30:00,TAS1,,1253.0,,149.266
2026-07-08 12:30:00,VIC1,,6189.93,,2030.227
2026-07-08 13:00:00,NSW1,,7577.52,,2916.118
2026-07-08 13:00:00,QLD1,,4939.33,,3131.268
2026-07-08 13:00:00,SA1,,975.34,,1070.257
2026-07-08 13:00:00,TAS1,,1235.0,,148.706
2026-07-08 13:00:00,VIC1,,6110.13,,2119.634
2026-07-08 13:30:00,NSW1,,7609.66,,2795.188
2026-07-08 13:30:00,QLD1,,5005.48,,2952.904
2026-07-08 13:30:00,SA1,,929.71,,1047.828
2026-07-08 13:30:00,TAS1,,1226.0,,142.071
2026-07-08 13:30:00,VIC1,,6085.69,,2142.984
2026-07-08 14:00:00,NSW1,,7714.34,,2575.305
2026-07-08 14:00:00,QLD1,,5142.48,,2662.175
2026-07-08 14:00:00,SA1,,911.89,,998.883
2026-07-08 14:00:00,TAS1,,1222.0,,129.284
2026-07-08 14:00:00,VIC1,,6094.63,,2065.517
2026-07-08 14:30:00,NSW1,,7814.56,,2261.785
2026-07-08 14:30:00,QLD1,,5327.55,,2338.926
2026-07-08 14:30:00,SA1,,941.34,,922.134
2026-07-08 14:30:00,TAS1,,1233.0,,110.577
2026-07-08 14:30:00,VIC1,,5943.26,,1899.713
2026-07-08 15:00:00,NSW1,,8009.51,,1848.416
2026-07-08 15:00:00,QLD1,,5638.58,,1956.189
2026-07-08 15:00:00,SA1,,1010.08,,819.956
2026-07-08 15:00:00,TAS1,,1246.0,,86.034
2026-07-08 15:00:00,VIC1,,6030.53,,1625.454
2026-07-08 15:30:00,NSW1,,8329.91,,1372.24
2026-07-08 15:30:00,QLD1,,6003.72,,1523.919
2026-07-08 15:30:00,SA1,,1102.84,,696.78
2026-07-08 15:30:00,TAS1,,1269.0,,59.977
2026-07-08 15:30:00,VIC1,,6234.31,,1264.872
2026-07-08 16:00:00,NSW1,,8794.19,,871.596
2026-07-08 16:00:00,QLD1,,6385.3,,1032.203
2026-07-08 16:00:00,SA1,,1205.99,,548.589
2026-07-08 16:00:00,TAS1,,1299.0,,33.983
2026-07-08 16:00:00,VIC1,,6519.95,,843.9
2026-07-08 16:30:00,NSW1,,9328.74,431.008,373.628
2026-07-08 16:30:00,QLD1,,6783.85,654.591,535.771
2026-07-08 16:30:00,SA1,,1344.93,310.811,378.986
2026-07-08 16:30:00,TAS1,,1336.0,11.275,10.893
2026-07-08 16:30:00,VIC1,,6998.64,410.8,429.303
2026-07-08 17:00:00,NSW1,,9927.25,101.705,14.855
2026-07-08 17:00:00,QLD1,,7188.58,244.284,182.978
2026-07-08 17:00:00,SA1,,1522.79,184.486,210.332
2026-07-08 17:00:00,TAS1,,1393.0,1.763,0.0
2026-07-08 17:00:00,VIC1,,7506.75,135.09,97.768
2026-07-08 17:30:00,NSW1,,10428.39,,0.0
2026-07-08 17:30:00,QLD1,,7489.51,,36.822
2026-07-08 17:30:00,SA1,,1572.14,,30.427
2026-07-08 17:30:00,TAS1,,1478.0,,0.0
2026-07-08 17:30:00,VIC1,,7741.89,,0.0
2026-07-08 17:40:00,NSW1,10793.71,,,
2026-07-08 17:40:00,QLD1,7744.79,,,
2026-07-08 17:40:00,SA1,1842.37,,,
2026-07-08 17:40:00,TAS1,1537.97,,,
2026-07-08 17:40:00,VIC1,7930.96,,,
2026-07-08 17:45:00,NSW1,10911.51,,,
2026-07-08 17:45:00,QLD1,7769.57,,,
2026-07-08 17:45:00,SA1,1891.25,,,
2026-07-08 17:45:00,TAS1,1547.65,,,
2026-07-08 17:45:00,VIC1,8084.08,,,
2026-07-08 18:00:00,NSW1,,10892.06,,0.0
2026-07-08 18:00:00,QLD1,,7729.83,,0.0
2026-07-08 18:00:00,SA1,,1775.08,,3.798
2026-07-08 18:00:00,TAS1,,1530.0,,0.0
2026-07-08 18:00:00,VIC1,,8242.13,,0.0
2026-07-08 18:30:00,NSW1,,10984.25,,0.0
2026-07-08 18:30:00,QLD1,,7788.53,,0.0
2026-07-08 18:30:00,SA1,,1927.16,,0.0
2026-07-08 18:30:00,TAS1,,1528.0,,0.0
2026-07-08 18:30:00,VIC1,,8323.54,,0.0
2026-07-08 19:00:00,NSW1,,10944.5,,0.0
2026-07-08 19:00:00,QLD1,,7720.39,,0.0
2026-07-08 19:00:00,SA1,,1986.51,,0.0
2026-07-08 19:00:00,TAS1,,1514.0,,0.0
2026-07-08 19:00:00,VIC1,,8286.94,,0.0
2026-07-08 19:30:00,NSW1,,10796.88,,0.0
2026-07-08 19:30:00,QLD1,,7572.33,,0.0
2026-07-08 19:30:00,SA1,,1989.53,,0.0
2026-07-08 19:30:00,TAS1,,1493.0,,0.0
2026-07-08 19:30:00,VIC1,,8199.98,,0.0
2026-07-08 20:00:00,NSW1,,10639.25,,0.0
2026-07-08 20:00:00,QLD1,,7434.69,,0.0
2026-07-08 20:00:00,SA1,,1975.06,,0.0
2026-07-08 20:00:00,TAS1,,1476.0,,0.0
2026-07-08 20:00:00,VIC1,,8115.55,,0.0
2026-07-08 20:30:00,NSW1,,10475.45,,0.0
2026-07-08 20:30:00,QLD1,,7310.15,,0.0
2026-07-08 20:30:00,SA1,,1953.14,,0.0
2026-07-08 20:30:00,TAS1,,1465.0,,0.0
2026-07-08 20:30:00,VIC1,,7961.2,,0.0
2026-07-08 21:00:00,NSW1,,10284.79,,0.0
2026-07-08 21:00:00,QLD1,,7285.81,,0.0
2026-07-08 21:00:00,SA1,,1923.94,,0.0
2026-07-08 21:00:00,TAS1,,1441.0,,0.0
2026-07-08 21:00:00,VIC1,,7818.01,,0.0
2026-07-08 21:30:00,NSW1,,10010.57,,0.0
2026-07-08 21:30:00,QLD1,,7188.95,,0.0
2026-07-08 21:30:00,SA1,,1877.85,,0.0
2026-07-08 21:30:00,TAS1,,1414.0,,0.0
2026-07-08 21:30:00,VIC1,,7619.51,,0.0
2026-07-08 22:00:00,NSW1,,9668.81,0.0,0.0
2026-07-08 22:00:00,QLD1,,6986.21,0.0,0.0
2026-07-08 22:00:00,SA1,,1815.2,0.0,0.0
2026-07-08 22:00:00,TAS1,,1374.0,0.0,0.0
2026-07-08 22:00:00,VIC1,,7335.39,0.0,0.0
2026-07-08 22:30:00,NSW1,,9393.81,0.0,0.0
2026-07-08 22:30:00,QLD1,,6738.02,0.0,0.0
2026-07-08 22:30:00,SA1,,1731.57,0.0,0.0
2026-07-08 22:30:00,TAS1,,1330.0,0.0,0.0
2026-07-08 22:30:00,VIC1,,7031.37,0.0,0.0
2026-07-08 23:00:00,NSW1,,9295.26,,0.0
2026-07-08 23:00:00,QLD1,,6580.31,,0.0
2026-07-08 23:00:00,SA1,,1654.99,,0.0
2026-07-08 23:00:00,TAS1,,1298.0,,0.0
2026-07-08 23:00:00,VIC1,,6927.07,,0.0
2026-07-08 23:10:00,NSW1,9109.57,,,
2026-07-08 23:10:00,QLD1,6430.53,,,
2026-07-08 23:10:00,SA1,1573.68,,,
2026-07-08 23:10:00,TAS1,1288.86,,,
2026-07-08 23:10:00,VIC1,6815.64,,,
2026-07-08 23:15:00,NSW1,8971.22,,,
2026-07-08 23:15:00,QLD1,6449.03,,,
2026-07-08 23:15:00,SA1,1546.72,,,
2026-07-08 23:15:00,TAS1,1283.29,,,
2026-07-08 23:15:00,VIC1,6847.5,,,
2026-07-08 23:30:00,NSW1,,9056.74,,0.0
2026-07-08 23:30:00,QLD1,,6418.21,,0.0
2026-07-08 23:30:00,SA1,,1571.4,,0.0
2026-07-08 23:30:00,TAS1,,1255.0,,0.0
2026-07-08 23:30:00,VIC1,,6756.47,,0.0
2026-07-09 00:00:00,NSW1,,8845.57,,0.0
2026-07-09 00:00:00,QLD1,,6253.23,,0.0
2026-07-09 00:00:00,SA1,,1572.59,,0.0
2026-07-09 00:00:00,TAS1,,1226.0,,0.0
2026-07-09 00:00:00,VIC1,,6581.47,,0.0
2026-07-09 00:30:00,NSW1,,8634.99,,0.0
2026-07-09 00:30:00,QLD1,,6094.61,,0.0
2026-07-09 00:30:00,SA1,,1557.67,,0.0
2026-07-09 00:30:00,TAS1,,1207.0,,0.0
2026-07-09 00:30:00,VIC1,,6347.42,,0.0
2026-07-09 01:00:00,NSW1,,8454.56,,0.0
2026-07-09 01:00:00,QLD1,,5931.27,,0.0
2026-07-09 01:00:00,SA1,,1573.86,,0.0
2026-07-09 01:00:00,TAS1,,1191.0,,0.0
2026-07-09 01:00:00,VIC1,,6155.55,,0.0
2026-07-09 01:30:00,NSW1,,8238.55,,0.0
2026-07-09 01:30:00,QLD1,,5804.77,,0.0
2026-07-09 01:30:00,SA1,,1550.04,,0.0
2026-07-09 01:30:00,TAS1,,1180.0,,0.0
2026-07-09 01:30:00,VIC1,,5970.12,,0.0
2026-07-09 02:00:00,NSW1,,8014.18,,0.0
2026-07-09 02:00:00,QLD1,,5730.4,,0.0
2026-07-09 02:00:00,SA1,,1526.5,,0.0
2026-07-09 02:00:00,TAS1,,1170.0,,0.0
2026-07-09 02:00:00,VIC1,,5807.29,,0.0
2026-07-09 02:30:00,NSW1,,7801.04,,0.0
2026-07-09 02:30:00,QLD1,,5680.67,,0.0
2026-07-09 02:30:00,SA1,,1490.25,,0.0
2026-07-09 02:30:00,TAS1,,1164.0,,0.0
2026-07-09 02:30:00,VIC1,,5661.63,,0.0
2026-07-09 03:00:00,NSW1,,7603.66,0.0,0.0
2026-07-09 03:00:00,QLD1,,5646.66,0.0,0.0
2026-07-09 03:00:00,SA1,,1455.26,0.0,0.0
2026-07-09 03:00:00,TAS1,,1165.0,0.0,0.0
2026-07-09 03:00:00,VIC1,,5542.52,0.0,0.0
2026-07-09 03:30:00,NSW1,,7478.2,0.0,0.0
2026-07-09 03:30:00,QLD1,,5633.58,0.0,0.0
2026-07-09 03:30:00,SA1,,1424.75,0.0,0.0
2026-07-09 03:30:00,TAS1,,1166.0,0.0,0.0
2026-07-09 03:30:00,VIC1,,5462.15,0.0,0.0
2026-07-09 04:00:00,NSW1,,7480.08,,0.0
2026-07-09 04:00:00,QLD1,,5632.55,,0.0
2026-07-09 04:00:00,SA1,,1392.21,,0.0
2026-07-09 04:00:00,TAS1,,1162.0,,0.0
2026-07-09 04:00:00,VIC1,,5631.34,,0.0
2026-07-09 04:05:00,NSW1,7366.92,,,
2026-07-09 04:05:00,QLD1,5657.79,,,
2026-07-09 04:05:00,SA1,1402.26,,,
2026-07-09 04:05:00,TAS1,1190.19,,,
2026-07-09 04:05:00,VIC1,5651.33,,,
2026-07-09 04:10:00,NSW1,7504.64,,,
2026-07-09 04:10:00,QLD1,5704.53,,,
2026-07-09 04:10:00,SA1,1387.97,,,
2026-07-09 04:10:00,TAS1,1183.11,,,
2026-07-09 04:10:00,VIC1,5628.67,,,
2026-07-09 04:30:00,NSW1,,7544.54,,0.0
2026-07-09 04:30:00,QLD1,,5727.07,,0.0
2026-07-09 04:30:00,SA1,,1419.02,,0.0
2026-07-09 04:30:00,TAS1,,1177.0,,0.0
2026-07-09 04:30:00,VIC1,,5667.75,,0.0
2026-07-09 05:00:00,NSW1,,7627.63,,0.0
2026-07-09 05:00:00,QLD1,,5864.9,,0.0
2026-07-09 05:00:00,SA1,,1408.11,,0.0
2026-07-09 05:00:00,TAS1,,1191.0,,0.0
2026-07-09 05:00:00,VIC1,,5752.35,,0.0
2026-07-09 05:30:00,NSW1,,7863.06,,0.0
2026-07-09 05:30:00,QLD1,,6080.56,,0.0
2026-07-09 05:30:00,SA1,,1409.69,,0.0
2026-07-09 05:30:00,TAS1,,1226.0,,0.0
2026-07-09 05:30:00,VIC1,,5991.22,,0.0
2026-07-09 06:00:00,NSW1,,8191.37,,0.0
2026-07-09 06:00:00,QLD1,,6334.68,,0.0
2026-07-09 06:00:00,SA1,,1440.4,,0.0
2026-07-09 06:00:00,TAS1,,1270.0,,0.0
2026-07-09 06:00:00,VIC1,,6303.89,,0.0
2026-07-09 06:30:00,NSW1,,8774.32,0.0,0.0
2026-07-09 06:30:00,QLD1,,6673.63,0.0,0.0
2026-07-09 06:30:00,SA1,,1491.62,0.0,0.0
2026-07-09 06:30:00,TAS1,,1340.0,0.0,0.0
2026-07-09 06:30:00,VIC1,,6798.69,0.0,0.0
2026-07-09 07:00:00,NSW1,,9378.34,22.497,0.0
2026-07-09 07:00:00,QLD1,,6911.99,102.682,48.621
2026-07-09 07:00:00,SA1,,1576.97,0.0,0.0
2026-07-09 07:00:00,TAS1,,1413.0,0.0,0.0
2026-07-09 07:00:00,VIC1,,7341.83,0.0,0.0
2026-07-09 07:30:00,NSW1,,9745.33,,103.98
2026-07-09 07:30:00,QLD1,,6998.95,,238.383
2026-07-09 07:30:00,SA1,,1608.7,,0.0
2026-07-09 07:30:00,TAS1,,1491.0,,0.0
2026-07-09 07:30:00,VIC1,,7879.17,,0.0
2026-07-09 07:50:00,NSW1,9916.43,,,
2026-07-09 07:50:00,QLD1,6790.9,,,
2026-07-09 07:50:00,SA1,1846.68,,,
2026-07-09 07:50:00,TAS1,1574.56,,,
2026-07-09 07:50:00,VIC1,8437.34,,,
2026-07-09 07:55:00,NSW1,9948.01,,,
2026-07-09 07:55:00,QLD1,6676.97,,,
2026-07-09 07:55:00,SA1,1810.58,,,
2026-07-09 07:55:00,TAS1,1574.73,,,
2026-07-09 07:55:00,VIC1,8417.85,,,
2026-07-09 08:00:00,NSW1,,9969.08,,344.746
2026-07-09 08:00:00,QLD1,,6864.27,,698.794
2026-07-09 08:00:00,SA1,,1771.43,,0.0
2026-07-09 08:00:00,TAS1,,1550.0,,1.975
2026-07-09 08:00:00,VIC1,,8386.2,,44.246
2026-07-09 08:30:00,NSW1,,9867.24,,764.608
2026-07-09 08:30:00,QLD1,,6526.77,,1265.888
2026-07-09 08:30:00,SA1,,1860.88,,26.796
2026-07-09 08:30:00,TAS1,,1549.0,,10.284
2026-07-09 08:30:00,VIC1,,8521.82,,156.507
2026-07-09 09:00:00,NSW1,,9582.79,,1205.74
2026-07-09 09:00:00,QLD1,,6081.9,,1849.191
2026-07-09 09:00:00,SA1,,1877.41,,136.283
2026-07-09 09:00:00,TAS1,,1518.0,,25.218
2026-07-09 09:00:00,VIC1,,8352.73,,427.718
2026-07-09 09:30:00,NSW1,,9315.37,,1612.191
2026-07-09 09:30:00,QLD1,,5649.55,,2374.178
2026-07-09 09:30:00,SA1,,1790.5,,295.453
2026-07-09 09:30:00,TAS1,,1482.0,,42.203
2026-07-09 09:30:00,VIC1,,8090.51,,735.279
2026-07-09 10:00:00,NSW1,,9017.82,,1966.507
2026-07-09 10:00:00,QLD1,,5246.18,,2798.89
2026-07-09 10:00:00,SA1,,1652.59,,461.743
2026-07-09 10:00:00,TAS1,,1439.0,,60.336
2026-07-09 10:00:00,VIC1,,7674.7,,1045.531
2026-07-09 10:30:00,NSW1,,8731.06,,2213.275
2026-07-09 10:30:00,QLD1,,4954.6,,3118.59
2026-07-09 10:30:00,SA1,,1529.14,,611.08
2026-07-09 10:30:00,TAS1,,1402.0,,73.916
2026-07-09 10:30:00,VIC1,,7262.89,,1290.524
2026-07-09 11:00:00,NSW1,,8459.99,,2428.698
2026-07-09 11:00:00,QLD1,,4719.96,,3332.81
2026-07-09 11:00:00,SA1,,1419.1,,742.877
2026-07-09 11:00:00,TAS1,,1365.0,,84.705
2026-07-09 11:00:00,VIC1,,6852.86,,1515.314
2026-07-09 11:30:00,NSW1,,8252.56,,2572.357
2026-07-09 11:30:00,QLD1,,4635.51,,3472.635
2026-07-09 11:30:00,SA1,,1289.38,,850.292
2026-07-09 11:30:00,TAS1,,1331.0,,91.778
2026-07-09 11:30:00,VIC1,,6568.64,,1697.349
2026-07-09 12:00:00,NSW1,,8122.17,,2667.463
2026-07-09 12:00:00,QLD1,,4572.01,,3552.588
2026-07-09 12:00:00,SA1,,1189.28,,938.91
2026-07-09 12:00:00,TAS1,,1306.0,,95.988
2026-07-09 12:00:00,VIC1,,6346.85,,1855.574
2026-07-09 12:30:00,NSW1,,8088.86,,2714.042
2026-07-09 12:30:00,QLD1,,4538.58,,3547.059
2026-07-09 12:30:00,SA1,,1089.85,,1009.227
2026-07-09 12:30:00,TAS1,,1290.0,,97.665
2026-07-09 12:30:00,VIC1,,6149.52,,1993.898
2026-07-09 13:00:00,NSW1,,8064.9,,2672.683
2026-07-09 13:00:00,QLD1,,4497.23,,3449.339
2026-07-09 13:00:00,SA1,,1007.08,,1039.799
2026-07-09 13:00:00,TAS1,,1273.0,,96.155
2026-07-09 13:00:00,VIC1,,6022.43,,2073.625
2026-07-09 13:30:00,NSW1,,8062.97,,2552.188
2026-07-09 13:30:00,QLD1,,4567.63,,3235.293
2026-07-09 13:30:00,SA1,,957.61,,1046.77
2026-07-09 13:30:00,TAS1,,1265.0,,91.171
2026-07-09 13:30:00,VIC1,,5945.29,,2093.02
2026-07-09 14:00:00,NSW1,,8149.73,,2352.287
2026-07-09 14:00:00,QLD1,,4729.92,,2941.803
2026-07-09 14:00:00,SA1,,940.5,,1031.311
2026-07-09 14:00:00,TAS1,,1261.0,,82.291
2026-07-09 14:00:00,VIC1,,5963.0,,2028.139
2026-07-09 14:30:00,NSW1,,8242.71,,2063.311
2026-07-09 14:30:00,QLD1,,4969.22,,2551.661
2026-07-09 14:30:00,SA1,,945.63,,978.08
2026-07-09 14:30:00,TAS1,,1271.0,,69.026
2026-07-09 14:30:00,VIC1,,5863.75,,1867.73
2026-07-09 15:00:00,NSW1,,8417.52,,1680.948
2026-07-09 15:00:00,QLD1,,5391.67,,2096.929
2026-07-09 15:00:00,SA1,,1010.54,,887.524
2026-07-09 15:00:00,TAS1,,1282.0,,52.283
2026-07-09 15:00:00,VIC1,,5977.89,,1602.333
2026-07-09 15:30:00,NSW1,,8703.46,,1242.379
2026-07-09 15:30:00,QLD1,,5818.42,,1589.914
2026-07-09 15:30:00,SA1,,1094.13,,763.885
2026-07-09 15:30:00,TAS1,,1299.0,,35.068
2026-07-09 15:30:00,VIC1,,6199.29,,1249.152
2026-07-09 16:00:00,NSW1,,9126.62,,785.128
2026-07-09 16:00:00,QLD1,,6246.8,,1039.688
2026-07-09 16:00:00,SA1,,1202.97,,608.015
2026-07-09 16:00:00,TAS1,,1323.0,,18.666
2026-07-09 16:00:00,VIC1,,6499.26,,836.551
2026-07-09 16:30:00,NSW1,,9604.1,,331.561
2026-07-09 16:30:00,QLD1,,6741.47,,519.143
2026-07-09 16:30:00,SA1,,1329.17,,420.152
2026-07-09 16:30:00,TAS1,,1350.0,,5.131
2026-07-09 16:30:00,VIC1,,6929.31,,430.242
2026-07-09 17:00:00,NSW1,,10175.17,,4.527
2026-07-09 17:00:00,QLD1,,7168.79,,160.842
2026-07-09 17:00:00,SA1,,1513.13,,233.13
2026-07-09 17:00:00,TAS1,,1402.0,,0.0
2026-07-09 17:00:00,VIC1,,7412.57,,100.007
2026-07-09 17:30:00,NSW1,,10681.99,,0.0
2026-07-09 17:30:00,QLD1,,7502.56,,18.828
2026-07-09 17:30:00,SA1,,1704.74,,69.411
2026-07-09 17:30:00,TAS1,,1458.0,,0.0
2026-07-09 17:30:00,VIC1,,7883.17,,0.0
2026-07-09 18:00:00,NSW1,,11118.88,,0.0
2026-07-09 18:00:00,QLD1,,7826.7,,0.0
2026-07-09 18:00:00,SA1,,1880.25,,0.0
2026-07-09 18:00:00,TAS1,,1495.0,,0.0
2026-07-09 18:00:00,VIC1,,8292.32,,0.0
2026-07-09 18:30:00,NSW1,,11204.6,,0.0
2026-07-09 18:30:00,QLD1,,7887.75,,0.0
2026-07-09 18:30:00,SA1,,2005.28,,0.0
2026-07-09 18:30:00,TAS1,,1499.0,,0.0
2026-07-09 18:30:00,VIC1,,8410.9,,0.0
2026-07-09 19:00:00,NSW1,,11148.02,,0.0
2026-07-09 19:00:00,QLD1,,7814.97,,0.0
2026-07-09 19:00:00,SA1,,2057.2,,0.0
2026-07-09 19:00:00,TAS1,,1497.0,,0.0
2026-07-09 19:00:00,VIC1,,8411.3,,0.0
2026-07-09 19:30:00,NSW1,,11003.59,0.0,0.0
2026-07-09 19:30:00,QLD1,,7673.0,0.0,0.0
2026-07-09 19:30:00,SA1,,2069.54,0.0,0.0
2026-07-09 19:30:00,TAS1,,1482.0,0.0,0.0
2026-07-09 19:30:00,VIC1,,8329.46,0.0,0.0
2026-07-09 20:00:00,NSW1,,10849.75,0.0,0.0
2026-07-09 20:00:00,QLD1,,7546.14,0.0,0.0
2026-07-09 20:00:00,SA1,,2060.54,0.0,0.0
2026-07-09 20:00:00,TAS1,,1466.0,0.0,0.0
2026-07-09 20:00:00,VIC1,,8232.29,0.0,0.0
2026-07-09 20:30:00,NSW1,,10497.97,,0.0
2026-07-09 20:30:00,QLD1,,7189.79,,0.0
2026-07-09 20:30:00,SA1,,2005.07,,0.0
2026-07-09 20:30:00,TAS1,,1417.0,,0.0
2026-07-09 20:30:00,VIC1,,8436.83,,0.0
2026-07-09 20:40:00,NSW1,10441.87,,,
2026-07-09 20:40:00,QLD1,7259.63,,,
2026-07-09 20:40:00,SA1,1997.32,,,
2026-07-09 20:40:00,TAS1,1433.13,,,
2026-07-09 20:40:00,VIC1,8417.7,,,
2026-07-09 20:45:00,NSW1,10350.65,,,
2026-07-09 20:45:00,QLD1,7329.56,,,
2026-07-09 20:45:00,SA1,1994.16,,,
2026-07-09 20:45:00,TAS1,1424.12,,,
2026-07-09 20:45:00,VIC1,8360.42,,,
2026-07-09 21:00:00,NSW1,,10338.05,,0.0
2026-07-09 21:00:00,QLD1,,7045.66,,0.0
2026-07-09 21:00:00,SA1,,2001.06,,0.0
2026-07-09 21:00:00,TAS1,,1406.0,,0.0
2026-07-09 21:00:00,VIC1,,8275.1,,0.0
2026-07-09 21:30:00,NSW1,,10056.16,,0.0
2026-07-09 21:30:00,QLD1,,6990.6,,0.0
2026-07-09 21:30:00,SA1,,1954.51,,0.0
2026-07-09 21:30:00,TAS1,,1381.0,,0.0
2026-07-09 21:30:00,VIC1,,7984.14,,0.0
2026-07-09 22:00:00,NSW1,,9731.54,,0.0
2026-07-09 22:00:00,QLD1,,6861.16,,0.0
2026-07-09 22:00:00,SA1,,1892.38,,0.0
2026-07-09 22:00:00,TAS1,,1346.0,,0.0
2026-07-09 22:00:00,VIC1,,7673.32,,0.0
2026-07-09 22:30:00,NSW1,,9468.53,,0.0
2026-07-09 22:30:00,QLD1,,6655.14,,0.0
2026-07-09 22:30:00,SA1,,1813.78,,0.0
2026-07-09 22:30:00,TAS1,,1307.0,,0.0
2026-07-09 22:30:00,VIC1,,7292.01,,0.0
2026-07-09 23:00:00,NSW1,,9175.79,,0.0
2026-07-09 23:00:00,QLD1,,6437.45,,0.0
2026-07-09 23:00:00,SA1,,1729.26,,0.0
2026-07-09 23:00:00,TAS1,,1266.0,,0.0
2026-07-09 23:00:00,VIC1,,6943.47,,0.0
2026-07-09 23:30:00,NSW1,,8916.28,,0.0
2026-07-09 23:30:00,QLD1,,6246.24,,0.0
2026-07-09 23:30:00,SA1,,1651.29,,0.0
2026-07-09 23:30:00,TAS1,,1230.0,,0.0
2026-07-09 23:30:00,VIC1,,6771.96,,0.0
2026-07-10 00:00:00,NSW1,,8706.91,,0.0
2026-07-10 00:00:00,QLD1,,6113.21,,0.0
2026-07-10 00:00:00,SA1,,1629.94,,0.0
2026-07-10 00:00:00,TAS1,,1204.0,,0.0
2026-07-10 00:00:00,VIC1,,6561.78,,0.0
2026-07-10 00:30:00,NSW1,,8529.11,,0.0
2026-07-10 00:30:00,QLD1,,5960.31,,0.0
2026-07-10 00:30:00,SA1,,1634.72,,0.0
2026-07-10 00:30:00,TAS1,,1182.0,,0.0
2026-07-10 00:30:00,VIC1,,6328.52,,0.0
2026-07-10 01:00:00,NSW1,,8354.65,,0.0
2026-07-10 01:00:00,QLD1,,5814.86,,0.0
2026-07-10 01:00:00,SA1,,1638.52,,0.0
2026-07-10 01:00:00,TAS1,,1166.0,,0.0
2026-07-10 01:00:00,VIC1,,6092.55,,0.0
2026-07-10 01:30:00,NSW1,,8150.24,,0.0
2026-07-10 01:30:00,QLD1,,5713.93,,0.0
2026-07-10 01:30:00,SA1,,1623.37,,0.0
2026-07-10 01:30:00,TAS1,,1156.0,,0.0
2026-07-10 01:30:00,VIC1,,5889.5,,0.0
2026-07-10 02:00:00,NSW1,,7940.79,0.0,0.0
2026-07-10 02:00:00,QLD1,,5658.23,0.0,0.0
2026-07-10 02:00:00,SA1,,1602.88,0.0,0.0
2026-07-10 02:00:00,TAS1,,1146.0,0.0,0.0
2026-07-10 02:00:00,VIC1,,5699.31,0.0,0.0
2026-07-10 02:30:00,NSW1,,7758.73,0.0,0.0
2026-07-10 02:30:00,QLD1,,5624.24,0.0,0.0
2026-07-10 02:30:00,SA1,,1568.64,0.0,0.0
2026-07-10 02:30:00,TAS1,,1141.0,0.0,0.0
2026-07-10 02:30:00,VIC1,,5546.5,0.0,0.0
2026-07-10 03:00:00,NSW1,,7649.28,,0.0
2026-07-10 03:00:00,QLD1,,5629.27,,0.0
2026-07-10 03:00:00,SA1,,1472.3,,0.0
2026-07-10 03:00:00,TAS1,,1172.0,,0.0
2026-07-10 03:00:00,VIC1,,5743.14,,0.0
2026-07-10 03:30:00,NSW1,7585.34,7550.3,,0.0
2026-07-10 03:30:00,QLD1,5665.31,5601.88,,0.0
2026-07-10 03:30:00,SA1,1459.94,1446.24,,0.0
2026-07-10 03:30:00,TAS1,1191.46,1170.0,,0.0
2026-07-10 03:30:00,VIC1,5581.3,5662.13,,0.0
2026-07-10 03:35:00,NSW1,7506.98,,,
2026-07-10 03:35:00,QLD1,5615.87,,,
2026-07-10 03:35:00,SA1,1453.0,,,
2026-07-10 03:35:00,TAS1,1183.73,,,
2026-07-10 03:35:00,VIC1,5581.78,,,
2026-07-10 04:00:00,NSW1,,7542.01,,0.0
2026-07-10 04:00:00,QLD1,,5657.65,,0.0
2026-07-10 04:00:00,SA1,,1435.71,,0.0
2026-07-10 04:00:00,TAS1,,1174.0,,0.0
2026-07-10 04:00:00,VIC1,,5639.91,,0.0
2026-07-10 04:30:00,NSW1,,7598.1,,0.0
2026-07-10 04:30:00,QLD1,,5747.18,,0.0
2026-07-10 04:30:00,SA1,,1424.4,,0.0
2026-07-10 04:30:00,TAS1,,1184.0,,0.0
2026-07-10 04:30:00,VIC1,,5675.92,,0.0
2026-07-10 05:00:00,NSW1,,7682.27,,0.0
2026-07-10 05:00:00,QLD1,,5880.63,,0.0
2026-07-10 05:00:00,SA1,,1418.82,,0.0
2026-07-10 05:00:00,TAS1,,1198.0,,0.0
2026-07-10 05:00:00,VIC1,,5752.18,,0.0
2026-07-10 05:30:00,NSW1,,7936.52,,0.0
2026-07-10 05:30:00,QLD1,,6090.23,,0.0
2026-07-10 05:30:00,SA1,,1428.34,,0.0
2026-07-10 05:30:00,TAS1,,1228.0,,0.0
2026-07-10 05:30:00,VIC1,,5955.6,,0.0
2026-07-10 06:00:00,NSW1,,8275.14,,0.0
2026-07-10 06:00:00,QLD1,,6335.86,,0.0
2026-07-10 06:00:00,SA1,,1470.47,,0.0
2026-07-10 06:00:00,TAS1,,1268.0,,0.0
2026-07-10 06:00:00,VIC1,,6257.5,,0.0
2026-07-10 06:30:00,NSW1,,8846.27,,0.0
2026-07-10 06:30:00,QLD1,,6681.4,,0.0
2026-07-10 06:30:00,SA1,,1525.07,,0.0
2026-07-10 06:30:00,TAS1,,1331.0,,0.0
2026-07-10 06:30:00,VIC1,,6739.65,,0.0
2026-07-10 07:00:00,NSW1,,9455.57,,0.0
2026-07-10 07:00:00,QLD1,,6945.22,,52.248
2026-07-10 07:00:00,SA1,,1619.08,,0.0
2026-07-10 07:00:00,TAS1,,1398.0,,0.0
2026-07-10 07:00:00,VIC1,,7264.53,,0.0
2026-07-10 07:30:00,NSW1,,9976.37,174.291,25.446
2026-07-10 07:30:00,QLD1,,7050.88,346.588,222.516
2026-07-10 07:30:00,SA1,,1718.26,0.0,0.0
2026-07-10 07:30:00,TAS1,,1455.0,0.0,0.0
2026-07-10 07:30:00,VIC1,,7773.04,4.493,0.0
2026-07-10 08:00:00,NSW1,,10256.13,580.581,332.803
2026-07-10 08:00:00,QLD1,,6898.44,707.167,671.132
2026-07-10 08:00:00,SA1,,1860.43,16.167,0.0
2026-07-10 08:00:00,TAS1,,1510.0,4.543,0.0
2026-07-10 08:00:00,VIC1,,8205.91,107.57,5.457
2026-07-10 08:30:00,NSW1,,9962.13,,771.072
2026-07-10 08:30:00,QLD1,,6867.7,,1103.841
2026-07-10 08:30:00,SA1,,1799.75,,29.783
2026-07-10 08:30:00,TAS1,,1511.0,,11.926
2026-07-10 08:30:00,VIC1,,8595.36,,188.752
2026-07-10 08:45:00,NSW1,9806.62,,,
2026-07-10 08:45:00,QLD1,6762.74,,,
2026-07-10 08:45:00,SA1,1806.52,,,
2026-07-10 08:45:00,TAS1,1518.03,,,
2026-07-10 08:45:00,VIC1,8505.41,,,
2026-07-10 08:50:00,NSW1,9684.41,,,
2026-07-10 08:50:00,QLD1,6725.17,,,
2026-07-10 08:50:00,SA1,1799.07,,,
2026-07-10 08:50:00,TAS1,1512.35,,,
2026-07-10 08:50:00,VIC1,8486.27,,,
2026-07-10 09:00:00,NSW1,,9777.36,,1190.11
2026-07-10 09:00:00,QLD1,,6755.35,,1690.712
2026-07-10 09:00:00,SA1,,1803.69,,136.975
2026-07-10 09:00:00,TAS1,,1497.0,,29.385
2026-07-10 09:00:00,VIC1,,8551.75,,509.056
2026-07-10 09:30:00,NSW1,,9424.29,,1595.185
2026-07-10 09:30:00,QLD1,,6324.47,,2163.322
2026-07-10 09:30:00,SA1,,1721.82,,298.512
2026-07-10 09:30:00,TAS1,,1466.0,,49.247
2026-07-10 09:30:00,VIC1,,8292.25,,882.068
2026-07-10 10:00:00,NSW1,,9191.25,,1925.85
2026-07-10 10:00:00,QLD1,,5882.68,,2551.9
2026-07-10 10:00:00,SA1,,1642.16,,473.426
2026-07-10 10:00:00,TAS1,,1418.0,,70.06
2026-07-10 10:00:00,VIC1,,7672.23,,1254.68
2026-07-10 10:30:00,NSW1,,8956.18,,2158.475
2026-07-10 10:30:00,QLD1,,5565.4,,2836.599
2026-07-10 10:30:00,SA1,,1542.45,,641.892
2026-07-10 10:30:00,TAS1,,1373.0,,89.708
2026-07-10 10:30:00,VIC1,,7143.14,,1585.405
2026-07-10 11:00:00,NSW1,,8694.79,,2346.046
2026-07-10 11:00:00,QLD1,,5282.76,,3045.252
2026-07-10 11:00:00,SA1,,1450.45,,784.513
2026-07-10 11:00:00,TAS1,,1329.0,,105.024
2026-07-10 11:00:00,VIC1,,6663.2,,1844.768
2026-07-10 11:30:00,NSW1,,8517.84,,2466.842
2026-07-10 11:30:00,QLD1,,5143.74,,3303.774
2026-07-10 11:30:00,SA1,,1334.38,,889.08
2026-07-10 11:30:00,TAS1,,1288.0,,115.081
2026-07-10 11:30:00,VIC1,,6323.76,,2007.908
2026-07-10 12:00:00,NSW1,,8398.32,,2514.471
2026-07-10 12:00:00,QLD1,,5054.4,,3383.672
2026-07-10 12:00:00,SA1,,1241.31,,975.4
2026-07-10 12:00:00,TAS1,,1252.0,,123.48
2026-07-10 12:00:00,VIC1,,6027.06,,2139.89
2026-07-10 12:30:00,NSW1,,8394.8,,2493.312
2026-07-10 12:30:00,QLD1,,4956.25,,3380.437
2026-07-10 12:30:00,SA1,,1141.87,,1031.619
2026-07-10 12:30:00,TAS1,,1224.0,,130.312
2026-07-10 12:30:00,VIC1,,5791.59,,2211.628
2026-07-10 13:00:00,NSW1,,8421.81,,2403.296
2026-07-10 13:00:00,QLD1,,4882.5,,3303.37
2026-07-10 13:00:00,SA1,,1063.35,,1048.522
2026-07-10 13:00:00,TAS1,,1198.0,,133.905
2026-07-10 13:00:00,VIC1,,5669.04,,2223.583
2026-07-10 13:30:00,NSW1,,8439.99,,2231.238
2026-07-10 13:30:00,QLD1,,4917.03,,3132.646
2026-07-10 13:30:00,SA1,,1013.52,,1041.227
2026-07-10 13:30:00,TAS1,,1184.0,,131.164
2026-07-10 13:30:00,VIC1,,5629.81,,2171.714
2026-07-10 14:00:00,NSW1,,8489.59,,1987.11
2026-07-10 14:00:00,QLD1,,5030.08,,2708.835
2026-07-10 14:00:00,SA1,,1004.35,,1002.808
2026-07-10 14:00:00,TAS1,,1178.0,,122.515
2026-07-10 14:00:00,VIC1,,5651.12,,2026.921
2026-07-10 14:30:00,NSW1,,8543.47,,1696.622
2026-07-10 14:30:00,QLD1,,5223.16,,2397.195
2026-07-10 14:30:00,SA1,,1004.55,,944.418
2026-07-10 14:30:00,TAS1,,1189.0,,107.78
2026-07-10 14:30:00,VIC1,,5620.08,,1820.62
2026-07-10 15:00:00,NSW1,,8691.93,,1363.43
2026-07-10 15:00:00,QLD1,,5518.46,,2013.914
2026-07-10 15:00:00,SA1,,1053.41,,854.394
2026-07-10 15:00:00,TAS1,,1206.0,,85.83
2026-07-10 15:00:00,VIC1,,5760.57,,1542.657
2026-07-10 15:30:00,NSW1,,8922.77,,1012.64
2026-07-10 15:30:00,QLD1,,5894.06,,1565.791
2026-07-10 15:30:00,SA1,,1122.61,,735.251
2026-07-10 15:30:00,TAS1,,1230.0,,60.963
2026-07-10 15:30:00,VIC1,,6022.12,,1206.873
2026-07-10 16:00:00,NSW1,,9291.31,,640.374
2026-07-10 16:00:00,QLD1,,6293.62,,1057.317
2026-07-10 16:00:00,SA1,,1227.94,,585.735
2026-07-10 16:00:00,TAS1,,1263.0,,35.59
2026-07-10 16:00:00,VIC1,,6313.43,,818.623
2026-07-10 16:30:00,NSW1,,9749.09,,262.244
2026-07-10 16:30:00,QLD1,,6711.13,,548.891
2026-07-10 16:30:00,SA1,,1360.16,,407.023
2026-07-10 16:30:00,TAS1,,1298.0,,11.856
2026-07-10 16:30:00,VIC1,,6674.19,,428.099
2026-07-10 17:00:00,NSW1,,10249.54,,0.0
2026-07-10 17:00:00,QLD1,,7122.33,,183.122
2026-07-10 17:00:00,SA1,,1527.06,,229.624
2026-07-10 17:00:00,TAS1,,1350.0,,0.0
2026-07-10 17:00:00,VIC1,,7097.07,,100.427
2026-07-10 17:30:00,NSW1,,10742.29,,0.0
2026-07-10 17:30:00,QLD1,,7462.84,,25.551
2026-07-10 17:30:00,SA1,,1711.68,,70.279
2026-07-10 17:30:00,TAS1,,1407.0,,0.0
2026-07-10 17:30:00,VIC1,,7539.52,,0.0
2026-07-10 18:00:00,NSW1,,11059.5,,0.0
2026-07-10 18:00:00,QLD1,,7715.77,,0.0
2026-07-10 18:00:00,SA1,,1874.52,,0.0
2026-07-10 18:00:00,TAS1,,1444.0,,0.0
2026-07-10 18:00:00,VIC1,,7918.6,,0.0
2026-07-10 18:30:00,NSW1,,11052.49,,0.0
2026-07-10 18:30:00,QLD1,,7717.51,,0.0
2026-07-10 18:30:00,SA1,,1987.18,,0.0
2026-07-10 18:30:00,TAS1,,1452.0,,0.0
2026-07-10 18:30:00,VIC1,,7992.53,,0.0
2026-07-10 19:00:00,NSW1,,11002.49,,0.0
2026-07-10 19:00:00,QLD1,,7634.02,,0.0
2026-07-10 19:00:00,SA1,,2022.97,,0.0
2026-07-10 19:00:00,TAS1,,1448.0,,0.0
2026-07-10 19:00:00,VIC1,,7981.53,,0.0
2026-07-10 19:30:00,NSW1,,10877.62,0.0,0.0
2026-07-10 19:30:00,QLD1,,7507.58,0.0,0.0
2026-07-10 19:30:00,SA1,,2019.66,0.0,0.0
2026-07-10 19:30:00,TAS1,,1437.0,0.0,0.0
2026-07-10 19:30:00,VIC1,,7899.63,0.0,0.0
2026-07-10 20:00:00,NSW1,,10574.0,0.0,0.0
2026-07-10 20:00:00,QLD1,,7475.2,0.0,0.0
2026-07-10 20:00:00,SA1,,1876.03,0.0,0.0
2026-07-10 20:00:00,TAS1,,1347.0,0.0,0.0
2026-07-10 20:00:00,VIC1,,7704.88,0.0,0.0
2026-07-10 20:30:00,NSW1,10384.48,10435.53,,0.0
2026-07-10 20:30:00,QLD1,7256.5,7314.45,,0.0
2026-07-10 20:30:00,SA1,1841.91,1840.45,,0.0
2026-07-10 20:30:00,TAS1,1351.99,1320.0,,0.0
2026-07-10 20:30:00,VIC1,7514.74,7602.66,,0.0
2026-07-10 20:35:00,NSW1,10392.41,,,
2026-07-10 20:35:00,QLD1,7199.7,,,
2026-07-10 20:35:00,SA1,1801.92,,,
2026-07-10 20:35:00,TAS1,1347.35,,,
2026-07-10 20:35:00,VIC1,7483.6,,,
2026-07-10 21:00:00,NSW1,,10277.79,,0.0
2026-07-10 21:00:00,QLD1,,7242.13,,0.0
2026-07-10 21:00:00,SA1,,1820.1,,0.0
2026-07-10 21:00:00,TAS1,,1307.0,,0.0
2026-07-10 21:00:00,VIC1,,7413.06,,0.0
2026-07-10 21:30:00,NSW1,,10074.18,,0.0
2026-07-10 21:30:00,QLD1,,7213.05,,0.0
2026-07-10 21:30:00,SA1,,1787.78,,0.0
2026-07-10 21:30:00,TAS1,,1293.0,,0.0
2026-07-10 21:30:00,VIC1,,7245.1,,0.0
2026-07-10 22:00:00,NSW1,,9793.08,,0.0
2026-07-10 22:00:00,QLD1,,7049.03,,0.0
2026-07-10 22:00:00,SA1,,1743.14,,0.0
2026-07-10 22:00:00,TAS1,,1267.0,,0.0
2026-07-10 22:00:00,VIC1,,7015.88,,0.0
2026-07-10 22:30:00,NSW1,,9558.24,,0.0
2026-07-10 22:30:00,QLD1,,6828.89,,0.0
2026-07-10 22:30:00,SA1,,1693.4,,0.0
2026-07-10 22:30:00,TAS1,,1236.0,,0.0
2026-07-10 22:30:00,VIC1,,6683.61,,0.0
2026-07-10 23:00:00,NSW1,,9276.53,,0.0
2026-07-10 23:00:00,QLD1,,6617.92,,0.0
2026-07-10 23:00:00,SA1,,1631.71,,0.0
2026-07-10 23:00:00,TAS1,,1201.0,,0.0
2026-07-10 23:00:00,VIC1,,6375.32,,0.0
2026-07-10 23:30:00,NSW1,,9029.2,,0.0
2026-07-10 23:30:00,QLD1,,6421.88,,0.0
2026-07-10 23:30:00,SA1,,1573.61,,0.0
2026-07-10 23:30:00,TAS1,,1168.0,,0.0
2026-07-10 23:30:00,VIC1,,6251.27,,0.0
2026-07-11 00:00:00,NSW1,,8827.11,,0.0
2026-07-11 00:00:00,QLD1,,6261.95,,0.0
2026-07-11 00:00:00,SA1,,1566.67,,0.0
2026-07-11 00:00:00,TAS1,,1144.0,,0.0
2026-07-11 00:00:00,VIC1,,6100.1,,0.0
2026-07-11 00:30:00,NSW1,,8663.54,,0.0
2026-07-11 00:30:00,QLD1,,6090.6,,0.0
2026-07-11 00:30:00,SA1,,1565.6,,0.0
2026-07-11 00:30:00,TAS1,,1124.0,,0.0
2026-07-11 00:30:00,VIC1,,5877.18,,0.0
2026-07-11 01:00:00,NSW1,,8501.43,,0.0
2026-07-11 01:00:00,QLD1,,5924.4,,0.0
2026-07-11 01:00:00,SA1,,1565.67,,0.0
2026-07-11 01:00:00,TAS1,,1109.0,,0.0
2026-07-11 01:00:00,VIC1,,5662.33,,0.0
2026-07-11 01:30:00,NSW1,,8285.42,,0.0
2026-07-11 01:30:00,QLD1,,5795.45,,0.0
2026-07-11 01:30:00,SA1,,1552.21,,0.0
2026-07-11 01:30:00,TAS1,,1089.0,,0.0
2026-07-11 01:30:00,VIC1,,5478.18,,0.0
2026-07-11 02:00:00,NSW1,,8039.42,0.0,0.0
2026-07-11 02:00:00,QLD1,,5717.9,0.0,0.0
2026-07-11 02:00:00,SA1,,1532.81,0.0,0.0
2026-07-11 02:00:00,TAS1,,1084.0,0.0,0.0
2026-07-11 02:00:00,VIC1,,5277.48,0.0,0.0
2026-07-11 02:30:00,NSW1,,7843.44,0.0,0.0
2026-07-11 02:30:00,QLD1,,5667.53,0.0,0.0
2026-07-11 02:30:00,SA1,,1507.5,0.0,0.0
2026-07-11 02:30:00,TAS1,,1079.0,0.0,0.0
2026-07-11 02:30:00,VIC1,,5116.28,0.0,0.0
2026-07-11 03:00:00,NSW1,,7651.12,,0.0
2026-07-11 03:00:00,QLD1,,5680.51,,0.0
2026-07-11 03:00:00,SA1,,1444.51,,0.0
2026-07-11 03:00:00,TAS1,,1080.0,,0.0
2026-07-11 03:00:00,VIC1,,5204.67,,0.0
2026-07-11 03:20:00,NSW1,7632.98,,,
2026-07-11 03:20:00,QLD1,5574.12,,,
2026-07-11 03:20:00,SA1,1434.38,,,
2026-07-11 03:20:00,TAS1,1068.89,,,
2026-07-11 03:20:00,VIC1,5054.48,,,
2026-07-11 03:25:00,NSW1,7669.43,,,
2026-07-11 03:25:00,QLD1,5552.9,,,
2026-07-11 03:25:00,SA1,1435.88,,,
2026-07-11 03:25:00,TAS1,1071.5,,,
2026-07-11 03:25:00,VIC1,5026.73,,,
2026-07-11 03:30:00,NSW1,,7705.96,,0.0
2026-07-11 03:30:00,QLD1,,5587.4,,0.0
2026-07-11 03:30:00,SA1,,1440.53,,0.0
2026-07-11 03:30:00,TAS1,,1075.0,,0.0
2026-07-11 03:30:00,VIC1,,5122.07,,0.0
2026-07-11 04:00:00,NSW1,,7618.82,,0.0
2026-07-11 04:00:00,QLD1,,5590.46,,0.0
2026-07-11 04:00:00,SA1,,1416.78,,0.0
2026-07-11 04:00:00,TAS1,,1077.0,,0.0
2026-07-11 04:00:00,VIC1,,5069.71,,0.0
2026-07-11 04:30:00,NSW1,,7620.53,,0.0
2026-07-11 04:30:00,QLD1,,5635.48,,0.0
2026-07-11 04:30:00,SA1,,1389.55,,0.0
2026-07-11 04:30:00,TAS1,,1079.0,,0.0
2026-07-11 04:30:00,VIC1,,5077.9,,0.0
2026-07-11 05:00:00,NSW1,,7632.19,,0.0
2026-07-11 05:00:00,QLD1,,5687.77,,0.0
2026-07-11 05:00:00,SA1,,1377.05,,0.0
2026-07-11 05:00:00,TAS1,,1084.0,,0.0
2026-07-11 05:00:00,VIC1,,5105.55,,0.0
2026-07-11 05:30:00,NSW1,,7749.18,,0.0
2026-07-11 05:30:00,QLD1,,5782.03,,0.0
2026-07-11 05:30:00,SA1,,1371.13,,0.0
2026-07-11 05:30:00,TAS1,,1095.0,,0.0
2026-07-11 05:30:00,VIC1,,5203.66,,0.0
2026-07-11 06:00:00,NSW1,,7910.56,0.0,0.0
2026-07-11 06:00:00,QLD1,,5895.24,0.0,0.0
2026-07-11 06:00:00,SA1,,1374.41,0.0,0.0
2026-07-11 06:00:00,TAS1,,1108.0,0.0,0.0
2026-07-11 06:00:00,VIC1,,5324.42,0.0,0.0
2026-07-11 06:30:00,NSW1,,8216.39,0.0,0.0
2026-07-11 06:30:00,QLD1,,6067.99,0.0,0.0
2026-07-11 06:30:00,SA1,,1386.21,0.0,0.0
2026-07-11 06:30:00,TAS1,,1128.0,0.0,0.0
2026-07-11 06:30:00,VIC1,,5498.76,0.0,0.0
2026-07-11 07:00:00,NSW1,,8477.11,,0.0
2026-07-11 07:00:00,QLD1,,6317.5,,71.609
2026-07-11 07:00:00,SA1,,1401.16,,0.0
2026-07-11 07:00:00,TAS1,,1170.0,,0.0
2026-07-11 07:00:00,VIC1,,5585.3,,0.0
2026-07-11 07:25:00,NSW1,9066.56,,,
2026-07-11 07:25:00,QLD1,6273.61,,,
2026-07-11 07:25:00,SA1,1492.06,,,
2026-07-11 07:25:00,TAS1,1220.88,,,
2026-07-11 07:25:00,VIC1,6029.77,,,
2026-07-11 07:30:00,NSW1,9007.41,8856.52,,113.19
2026-07-11 07:30:00,QLD1,6292.75,6415.44,,259.388
2026-07-11 07:30:00,SA1,1500.49,1434.69,,0.0
2026-07-11 07:30:00,TAS1,1227.73,1198.0,,0.0
2026-07-11 07:30:00,VIC1,6008.6,5870.56,,0.0
2026-07-11 08:00:00,NSW1,,9126.84,,402.332
2026-07-11 08:00:00,QLD1,,6253.03,,757.553
2026-07-11 08:00:00,SA1,,1483.87,,0.0
2026-07-11 08:00:00,TAS1,,1242.0,,1.594
2026-07-11 08:00:00,VIC1,,6141.36,,28.214
2026-07-11 08:30:00,NSW1,,9169.06,,908.246
2026-07-11 08:30:00,QLD1,,5987.22,,1374.615
2026-07-11 08:30:00,SA1,,1541.35,,8.314
2026-07-11 08:30:00,TAS1,,1272.0,,11.964
2026-07-11 08:30:00,VIC1,,6285.44,,125.195
2026-07-11 09:00:00,NSW1,,8943.98,,1463.553
2026-07-11 09:00:00,QLD1,,5637.89,,1987.755
2026-07-11 09:00:00,SA1,,1588.15,,73.76
2026-07-11 09:00:00,TAS1,,1283.0,,31.036
2026-07-11 09:00:00,VIC1,,6288.07,,355.008
2026-07-11 09:30:00,NSW1,,8654.68,,1992.268
2026-07-11 09:30:00,QLD1,,5262.87,,2532.507
2026-07-11 09:30:00,SA1,,1582.02,,166.521
2026-07-11 09:30:00,TAS1,,1273.0,,51.083
2026-07-11 09:30:00,VIC1,,6190.47,,595.427
2026-07-11 10:00:00,NSW1,,8228.43,,2438.306
2026-07-11 10:00:00,QLD1,,4870.16,,2964.021
2026-07-11 10:00:00,SA1,,1552.54,,246.27
2026-07-11 10:00:00,TAS1,,1246.0,,69.473
2026-07-11 10:00:00,VIC1,,5977.73,,809.453
2026-07-11 10:30:00,NSW1,,7786.01,,2808.039
2026-07-11 10:30:00,QLD1,,4580.43,,3260.381
2026-07-11 10:30:00,SA1,,1556.49,,312.706
2026-07-11 10:30:00,TAS1,,1213.0,,85.123
2026-07-11 10:30:00,VIC1,,5805.63,,962.493
2026-07-11 11:00:00,NSW1,,7347.77,,3094.169
2026-07-11 11:00:00,QLD1,,4352.65,,3463.8
2026-07-11 11:00:00,SA1,,1576.56,,359.414
2026-07-11 11:00:00,TAS1,,1175.0,,95.952
2026-07-11 11:00:00,VIC1,,5649.49,,1068.289
2026-07-11 11:30:00,NSW1,,7019.56,,3295.667
2026-07-11 11:30:00,QLD1,,4238.58,,3590.07
2026-07-11 11:30:00,SA1,,1579.79,,392.512
2026-07-11 11:30:00,TAS1,,1139.0,,102.718
2026-07-11 11:30:00,VIC1,,5573.27,,1144.54
2026-07-11 12:00:00,NSW1,,6746.18,,3420.865
2026-07-11 12:00:00,QLD1,,4170.91,,3668.884
2026-07-11 12:00:00,SA1,,1576.08,,409.298
2026-07-11 12:00:00,TAS1,,1111.0,,105.563
2026-07-11 12:00:00,VIC1,,5451.34,,1198.762
2026-07-11 12:30:00,NSW1,,6533.71,,3450.511
2026-07-11 12:30:00,QLD1,,4108.33,,3648.309
2026-07-11 12:30:00,SA1,,1578.88,,401.037
2026-07-11 12:30:00,TAS1,,1089.0,,104.317
2026-07-11 12:30:00,VIC1,,5375.9,,1230.601
2026-07-11 13:00:00,NSW1,,6405.93,,3403.883
2026-07-11 13:00:00,QLD1,,4066.6,,3571.454
2026-07-11 13:00:00,SA1,,1578.22,,377.504
2026-07-11 13:00:00,TAS1,,1064.0,,101.004
2026-07-11 13:00:00,VIC1,,5327.02,,1234.39
2026-07-11 13:30:00,NSW1,,6394.71,,3226.925
2026-07-11 13:30:00,QLD1,,4139.95,,3373.722
2026-07-11 13:30:00,SA1,,1562.85,,378.124
2026-07-11 13:30:00,TAS1,,1052.0,,94.862
2026-07-11 13:30:00,VIC1,,5313.54,,1222.109
2026-07-11 14:00:00,NSW1,,6485.67,,2957.081
2026-07-11 14:00:00,QLD1,,4277.94,,3099.705
2026-07-11 14:00:00,SA1,,1551.18,,377.725
2026-07-11 14:00:00,TAS1,,1045.0,,85.362
2026-07-11 14:00:00,VIC1,,5293.9,,1169.879
2026-07-11 14:30:00,NSW1,,6577.79,2308.898,2585.616
2026-07-11 14:30:00,QLD1,,4480.55,2431.77,2715.434
2026-07-11 14:30:00,SA1,,1535.06,339.811,371.233
2026-07-11 14:30:00,TAS1,,1055.0,47.855,72.188
2026-07-11 14:30:00,VIC1,,5203.91,738.837,1069.482
2026-07-11 15:00:00,NSW1,,6887.02,1867.729,2119.432
2026-07-11 15:00:00,QLD1,,4838.09,2064.984,2258.692
2026-07-11 15:00:00,SA1,,1531.21,373.603,357.064
2026-07-11 15:00:00,TAS1,,1069.0,36.749,56.278
2026-07-11 15:00:00,VIC1,,5319.96,669.239,918.354
2026-07-11 15:30:00,NSW1,,7368.9,,1583.812
2026-07-11 15:30:00,QLD1,,5351.89,,1928.186
2026-07-11 15:30:00,SA1,,1722.96,,354.47
2026-07-11 15:30:00,TAS1,,1101.0,,38.991
2026-07-11 15:30:00,VIC1,,6041.84,,638.217
2026-07-11 16:00:00,NSW1,8344.17,8056.42,,1010.188
2026-07-11 16:00:00,QLD1,6134.48,5847.25,,1350.699
2026-07-11 16:00:00,SA1,1752.09,1546.16,,289.687
2026-07-11 16:00:00,TAS1,1177.77,1149.0,,13.121
2026-07-11 16:00:00,VIC1,6475.86,6206.37,,404.002
2026-07-11 16:05:00,NSW1,8286.84,,,
2026-07-11 16:05:00,QLD1,6149.37,,,
2026-07-11 16:05:00,SA1,1791.74,,,
2026-07-11 16:05:00,TAS1,1189.01,,,
2026-07-11 16:05:00,VIC1,6502.75,,,
2026-07-11 16:30:00,NSW1,,8682.51,,142.704
2026-07-11 16:30:00,QLD1,,6308.77,,684.348
2026-07-11 16:30:00,SA1,,1618.21,,213.325
2026-07-11 16:30:00,TAS1,,1174.0,,1.738
2026-07-11 16:30:00,VIC1,,6353.45,,84.791
2026-07-11 17:00:00,NSW1,,9338.34,,30.551
2026-07-11 17:00:00,QLD1,,6786.99,,258.718
2026-07-11 17:00:00,SA1,,1726.36,,107.452
2026-07-11 17:00:00,TAS1,,1218.0,,0.0
2026-07-11 17:00:00,VIC1,,6615.71,,4.763
2026-07-11 17:30:00,NSW1,,9851.89,,0.0
2026-07-11 17:30:00,QLD1,,7197.79,,41.127
2026-07-11 17:30:00,SA1,,1852.27,,0.0
2026-07-11 17:30:00,TAS1,,1273.0,,0.0
2026-07-11 17:30:00,VIC1,,6894.23,,0.0
2026-07-11 18:00:00,NSW1,,10242.95,,0.0
2026-07-11 18:00:00,QLD1,,7512.53,,0.0
2026-07-11 18:00:00,SA1,,1981.35,,0.0
2026-07-11 18:00:00,TAS1,,1300.0,,0.0
2026-07-11 18:00:00,VIC1,,7124.64,,0.0
2026-07-11 18:30:00,NSW1,,10311.87,,0.0
2026-07-11 18:30:00,QLD1,,7556.39,,0.0
2026-07-11 18:30:00,SA1,,2066.67,,0.0
2026-07-11 18:30:00,TAS1,,1299.0,,0.0
2026-07-11 18:30:00,VIC1,,7149.12,,0.0
2026-07-11 19:00:00,NSW1,,10249.38,,0.0
2026-07-11 19:00:00,QLD1,,7461.43,,0.0
2026-07-11 19:00:00,SA1,,2075.58,,0.0
2026-07-11 19:00:00,TAS1,,1293.0,,0.0
2026-07-11 19:00:00,VIC1,,7062.76,,0.0
2026-07-11 19:30:00,NSW1,,10118.45,0.0,0.0
2026-07-11 19:30:00,QLD1,,7318.15,0.0,0.0
2026-07-11 19:30:00,SA1,,2048.49,0.0,0.0
2026-07-11 19:30:00,TAS1,,1276.0,0.0,0.0
2026-07-11 19:30:00,VIC1,,6940.4,0.0,0.0
2026-07-11 20:00:00,NSW1,,9886.84,0.0,0.0
2026-07-11 20:00:00,QLD1,,7079.85,0.0,0.0
2026-07-11 20:00:00,SA1,,2086.75,0.0,0.0
2026-07-11 20:00:00,TAS1,,1305.0,0.0,0.0
2026-07-11 20:00:00,VIC1,,6994.5,0.0,0.0
2026-07-11 20:30:00,NSW1,9737.35,9881.58,,0.0
2026-07-11 20:30:00,QLD1,6857.41,6942.82,,0.0
2026-07-11 20:30:00,SA1,2089.18,2095.43,,0.0
2026-07-11 20:30:00,TAS1,1302.69,1275.0,,0.0
2026-07-11 20:30:00,VIC1,7183.06,7077.31,,0.0
2026-07-11 20:35:00,NSW1,9756.36,,,
2026-07-11 20:35:00,QLD1,6872.66,,,
2026-07-11 20:35:00,SA1,2073.93,,,
2026-07-11 20:35:00,TAS1,1288.08,,,
2026-07-11 20:35:00,VIC1,7227.48,,,
2026-07-11 21:00:00,NSW1,,9757.99,,0.0
2026-07-11 21:00:00,QLD1,,6892.48,,0.0
2026-07-11 21:00:00,SA1,,2048.52,,0.0
2026-07-11 21:00:00,TAS1,,1260.0,,0.0
2026-07-11 21:00:00,VIC1,,6913.84,,0.0
2026-07-11 21:30:00,NSW1,,9574.84,,0.0
2026-07-11 21:30:00,QLD1,,6884.88,,0.0
2026-07-11 21:30:00,SA1,,1994.64,,0.0
2026-07-11 21:30:00,TAS1,,1245.0,,0.0
2026-07-11 21:30:00,VIC1,,6756.46,,0.0
2026-07-11 22:00:00,NSW1,,9330.63,,0.0
2026-07-11 22:00:00,QLD1,,6763.53,,0.0
2026-07-11 22:00:00,SA1,,1932.73,,0.0
2026-07-11 22:00:00,TAS1,,1221.0,,0.0
2026-07-11 22:00:00,VIC1,,6545.46,,0.0
2026-07-11 22:30:00,NSW1,,9097.54,,0.0
2026-07-11 22:30:00,QLD1,,6572.55,,0.0
2026-07-11 22:30:00,SA1,,1856.7,,0.0
2026-07-11 22:30:00,TAS1,,1191.0,,0.0
2026-07-11 22:30:00,VIC1,,6286.86,,0.0
2026-07-11 23:00:00,NSW1,,8849.33,,0.0
2026-07-11 23:00:00,QLD1,,6389.44,,0.0
2026-07-11 23:00:00,SA1,,1771.43,,0.0
2026-07-11 23:00:00,TAS1,,1159.0,,0.0
2026-07-11 23:00:00,VIC1,,6042.21,,0.0
2026-07-11 23:30:00,NSW1,,8604.78,0.0,0.0
2026-07-11 23:30:00,QLD1,,6221.75,0.0,0.0
2026-07-11 23:30:00,SA1,,1691.09,0.0,0.0
2026-07-11 23:30:00,TAS1,,1129.0,0.0,0.0
2026-07-11 23:30:00,VIC1,,5926.11,0.0,0.0
2026-07-12 00:00:00,NSW1,,8383.79,0.0,0.0
2026-07-12 00:00:00,QLD1,,6123.92,0.0,0.0
2026-07-12 00:00:00,SA1,,1708.09,0.0,0.0
2026-07-12 00:00:00,TAS1,,1065.0,0.0,0.0
2026-07-12 00:00:00,VIC1,,6072.41,0.0,0.0
2026-07-12 00:30:00,NSW1,8143.48,8038.77,,0.0
2026-07-12 00:30:00,QLD1,5839.6,5967.21,,0.0
2026-07-12 00:30:00,SA1,1670.72,1660.91,,0.0
2026-07-12 00:30:00,TAS1,1020.51,1069.0,,0.0
2026-07-12 00:30:00,VIC1,5885.82,5870.65,,0.0
2026-07-12 00:35:00,NSW1,8145.79,,,
2026-07-12 00:35:00,QLD1,5793.35,,,
2026-07-12 00:35:00,SA1,1630.21,,,
2026-07-12 00:35:00,TAS1,1013.82,,,
2026-07-12 00:35:00,VIC1,5831.47,,,
2026-07-12 01:00:00,NSW1,,7882.05,,0.0
2026-07-12 01:00:00,QLD1,,5818.24,,0.0
2026-07-12 01:00:00,SA1,,1659.02,,0.0
2026-07-12 01:00:00,TAS1,,1056.0,,0.0
2026-07-12 01:00:00,VIC1,,5655.22,,0.0
2026-07-12 01:30:00,NSW1,,7708.66,,0.0
2026-07-12 01:30:00,QLD1,,5716.13,,0.0
2026-07-12 01:30:00,SA1,,1625.62,,0.0
2026-07-12 01:30:00,TAS1,,1045.0,,0.0
2026-07-12 01:30:00,VIC1,,5472.55,,0.0
2026-07-12 02:00:00,NSW1,,7494.7,,0.0
2026-07-12 02:00:00,QLD1,,5646.96,,0.0
2026-07-12 02:00:00,SA1,,1590.97,,0.0
2026-07-12 02:00:00,TAS1,,1030.0,,0.0
2026-07-12 02:00:00,VIC1,,5271.01,,0.0
2026-07-12 02:30:00,NSW1,,7316.26,0.0,0.0
2026-07-12 02:30:00,QLD1,,5587.64,0.0,0.0
2026-07-12 02:30:00,SA1,,1553.77,0.0,0.0
2026-07-12 02:30:00,TAS1,,1020.0,0.0,0.0
2026-07-12 02:30:00,VIC1,,5115.84,0.0,0.0
2026-07-12 03:00:00,NSW1,,7180.45,0.0,0.0
2026-07-12 03:00:00,QLD1,,5552.56,0.0,0.0
2026-07-12 03:00:00,SA1,,1515.44,0.0,0.0
2026-07-12 03:00:00,TAS1,,1014.0,0.0,0.0
2026-07-12 03:00:00,VIC1,,4991.56,0.0,0.0
2026-07-12 03:30:00,NSW1,,7146.81,,0.0
2026-07-12 03:30:00,QLD1,,5484.6,,0.0
2026-07-12 03:30:00,SA1,,1448.48,,0.0
2026-07-12 03:30:00,TAS1,,986.0,,0.0
2026-07-12 03:30:00,VIC1,,4872.63,,0.0
2026-07-12 03:35:00,NSW1,7067.12,,,
2026-07-12 03:35:00,QLD1,5509.54,,,
2026-07-12 03:35:00,SA1,1423.44,,,
2026-07-12 03:35:00,TAS1,1007.13,,,
2026-07-12 03:35:00,VIC1,4885.14,,,
2026-07-12 03:40:00,NSW1,7017.31,,,
2026-07-12 03:40:00,QLD1,5517.32,,,
2026-07-12 03:40:00,SA1,1411.68,,,
2026-07-12 03:40:00,TAS1,1016.26,,,
2026-07-12 03:40:00,VIC1,4913.38,,,
2026-07-12 04:00:00,NSW1,,7016.98,,0.0
2026-07-12 04:00:00,QLD1,,5517.41,,0.0
2026-07-12 04:00:00,SA1,,1432.1,,0.0
2026-07-12 04:00:00,TAS1,,991.0,,0.0
2026-07-12 04:00:00,VIC1,,4850.01,,0.0
2026-07-12 04:30:00,NSW1,,7020.96,,0.0
2026-07-12 04:30:00,QLD1,,5546.68,,0.0
2026-07-12 04:30:00,SA1,,1408.97,,0.0
2026-07-12 04:30:00,TAS1,,992.0,,0.0
2026-07-12 04:30:00,VIC1,,4822.5,,0.0
2026-07-12 05:00:00,NSW1,,7012.62,0.0,0.0
2026-07-12 05:00:00,QLD1,,5574.15,0.0,0.0
2026-07-12 05:00:00,SA1,,1392.08,0.0,0.0
2026-07-12 05:00:00,TAS1,,991.0,0.0,0.0
2026-07-12 05:00:00,VIC1,,4822.47,0.0,0.0
2026-07-12 05:30:00,NSW1,,7067.76,0.0,0.0
2026-07-12 05:30:00,QLD1,,5634.76,0.0,0.0
2026-07-12 05:30:00,SA1,,1379.66,0.0,0.0
2026-07-12 05:30:00,TAS1,,993.0,0.0,0.0
2026-07-12 05:30:00,VIC1,,4890.07,0.0,0.0
2026-07-12 06:00:00,NSW1,,7163.68,,0.0
2026-07-12 06:00:00,QLD1,,5714.7,,0.0
2026-07-12 06:00:00,SA1,,1380.12,,0.0
2026-07-12 06:00:00,TAS1,,1000.0,,0.0
2026-07-12 06:00:00,VIC1,,4949.44,,0.0
2026-07-12 06:25:00,NSW1,7410.23,,,
2026-07-12 06:25:00,QLD1,5893.55,,,
2026-07-12 06:25:00,SA1,1391.23,,,
2026-07-12 06:25:00,TAS1,1026.51,,,
2026-07-12 06:25:00,VIC1,5255.92,,,
2026-07-12 06:30:00,NSW1,7506.46,7491.29,,0.0
2026-07-12 06:30:00,QLD1,5961.54,5883.47,,0.0
2026-07-12 06:30:00,SA1,1392.75,1378.98,,0.0
2026-07-12 06:30:00,TAS1,1026.02,1026.0,,0.0
2026-07-12 06:30:00,VIC1,5261.96,5173.63,,0.0
2026-07-12 07:00:00,NSW1,,7734.04,,0.0
2026-07-12 07:00:00,QLD1,,5964.14,,67.886
2026-07-12 07:00:00,SA1,,1390.41,,0.0
2026-07-12 07:00:00,TAS1,,1049.0,,0.0
2026-07-12 07:00:00,VIC1,,5313.32,,0.0
2026-07-12 07:30:00,NSW1,,7914.05,,99.731
2026-07-12 07:30:00,QLD1,,5910.06,,251.527
2026-07-12 07:30:00,SA1,,1424.41,,0.0
2026-07-12 07:30:00,TAS1,,1081.0,,0.0
2026-07-12 07:30:00,VIC1,,5347.94,,0.0
2026-07-12 08:00:00,NSW1,,8101.6,,424.075
2026-07-12 08:00:00,QLD1,,5747.19,,740.954
2026-07-12 08:00:00,SA1,,1483.38,,0.0
2026-07-12 08:00:00,TAS1,,1133.0,,1.295
2026-07-12 08:00:00,VIC1,,5507.3,,7.666
2026-07-12 08:30:00,NSW1,,8164.79,1105.484,948.296
2026-07-12 08:30:00,QLD1,,5573.46,1451.935,1343.148
2026-07-12 08:30:00,SA1,,1538.29,98.189,20.595
2026-07-12 08:30:00,TAS1,,1176.0,16.42,11.568
2026-07-12 08:30:00,VIC1,,5759.66,291.0,79.332
2026-07-12 09:00:00,NSW1,,8055.56,1617.51,1484.957
2026-07-12 09:00:00,QLD1,,5353.4,1851.378,1943.194
2026-07-12 09:00:00,SA1,,1521.81,227.821,124.688
2026-07-12 09:00:00,TAS1,,1103.0,35.107,29.747
2026-07-12 09:00:00,VIC1,,6371.95,532.044,241.027
2026-07-12 09:30:00,NSW1,7497.6,7685.89,,1911.573
2026-07-12 09:30:00,QLD1,5232.61,5138.18,,2466.609
2026-07-12 09:30:00,SA1,1472.97,1534.93,,246.876
2026-07-12 09:30:00,TAS1,1093.76,1108.0,,47.046
2026-07-12 09:30:00,VIC1,6287.42,6313.37,,573.046
2026-07-12 09:35:00,NSW1,7357.84,,,
2026-07-12 09:35:00,QLD1,5157.42,,,
2026-07-12 09:35:00,SA1,1463.1,,,
2026-07-12 09:35:00,TAS1,1090.21,,,
2026-07-12 09:35:00,VIC1,6316.28,,,
2026-07-12 10:00:00,NSW1,,7373.78,,2513.546
2026-07-12 10:00:00,QLD1,,4818.24,,2835.464
2026-07-12 10:00:00,SA1,,1449.02,,369.622
2026-07-12 10:00:00,TAS1,,1099.0,,72.287
2026-07-12 10:00:00,VIC1,,6149.02,,784.829
2026-07-12 10:30:00,NSW1,,7155.3,,2842.177
2026-07-12 10:30:00,QLD1,,4524.76,,3156.204
2026-07-12 10:30:00,SA1,,1408.5,,474.218
2026-07-12 10:30:00,TAS1,,1082.0,,91.709
2026-07-12 10:30:00,VIC1,,5945.29,,904.481
2026-07-12 11:00:00,NSW1,,6895.8,,3064.057
2026-07-12 11:00:00,QLD1,,4289.28,,3396.816
2026-07-12 11:00:00,SA1,,1377.82,,574.589
2026-07-12 11:00:00,TAS1,,1053.0,,103.838
2026-07-12 11:00:00,VIC1,,5748.68,,978.675
2026-07-12 11:30:00,NSW1,,6684.11,,3203.821
2026-07-12 11:30:00,QLD1,,4199.88,,3549.661
2026-07-12 11:30:00,SA1,,1302.89,,663.721
2026-07-12 11:30:00,TAS1,,1023.0,,110.562
2026-07-12 11:30:00,VIC1,,5625.26,,1010.246
2026-07-12 12:00:00,NSW1,,6500.95,,3282.625
2026-07-12 12:00:00,QLD1,,4146.88,,3629.434
2026-07-12 12:00:00,SA1,,1228.19,,726.218
2026-07-12 12:00:00,TAS1,,996.0,,118.523
2026-07-12 12:00:00,VIC1,,5502.06,,1005.071
2026-07-12 12:30:00,NSW1,,6448.68,,3261.941
2026-07-12 12:30:00,QLD1,,4092.56,,3587.275
2026-07-12 12:30:00,SA1,,1158.83,,748.31
2026-07-12 12:30:00,TAS1,,976.0,,120.566
2026-07-12 12:30:00,VIC1,,5438.56,,984.346
2026-07-12 13:00:00,NSW1,,6391.11,,3227.332
2026-07-12 13:00:00,QLD1,,4039.82,,3482.369
2026-07-12 13:00:00,SA1,,1116.44,,755.704
2026-07-12 13:00:00,TAS1,,959.0,,123.975
2026-07-12 13:00:00,VIC1,,5388.69,,967.268
2026-07-12 13:30:00,NSW1,,6396.94,,3103.222
2026-07-12 13:30:00,QLD1,,4079.16,,3306.411
2026-07-12 13:30:00,SA1,,1076.25,,741.639
2026-07-12 13:30:00,TAS1,,958.0,,122.233
2026-07-12 13:30:00,VIC1,,5404.13,,919.32
2026-07-12 14:00:00,NSW1,,6500.35,,2890.167
2026-07-12 14:00:00,QLD1,,4195.04,,3051.606
2026-07-12 14:00:00,SA1,,1067.35,,713.665
2026-07-12 14:00:00,TAS1,,959.0,,116.482
2026-07-12 14:00:00,VIC1,,5418.81,,843.586
2026-07-12 14:30:00,NSW1,,6672.61,,2568.377
2026-07-12 14:30:00,QLD1,,4370.77,,2704.87
2026-07-12 14:30:00,SA1,,1127.4,,669.256
2026-07-12 14:30:00,TAS1,,983.0,,105.088
2026-07-12 14:30:00,VIC1,,5489.57,,741.304
2026-07-12 15:00:00,NSW1,,7054.45,,2117.475
2026-07-12 15:00:00,QLD1,,4768.1,,2275.083
2026-07-12 15:00:00,SA1,,1172.88,,602.394
2026-07-12 15:00:00,TAS1,,1001.0,,84.475
2026-07-12 15:00:00,VIC1,,5649.65,,627.488
2026-07-12 15:30:00,NSW1,,7525.99,,1591.99
2026-07-12 15:30:00,QLD1,,5225.79,,1794.133
2026-07-12 15:30:00,SA1,,1261.48,,519.732
2026-07-12 15:30:00,TAS1,,1041.0,,63.189
2026-07-12 15:30:00,VIC1,,5799.01,,487.675
2026-07-12 16:00:00,NSW1,,8072.77,,1021.692
2026-07-12 16:00:00,QLD1,,5738.27,,1233.914
2026-07-12 16:00:00,SA1,,1347.23,,417.21
2026-07-12 16:00:00,TAS1,,1083.0,,39.409
2026-07-12 16:00:00,VIC1,,5947.98,,317.439
2026-07-12 16:30:00,NSW1,,8711.17,491.703,465.858
2026-07-12 16:30:00,QLD1,,6235.68,721.816,642.171
2026-07-12 16:30:00,SA1,,1473.77,284.337,301.881
2026-07-12 16:30:00,TAS1,,1139.0,12.46,14.33
2026-07-12 16:30:00,VIC1,,6226.98,241.568,145.103
2026-07-12 17:00:00,NSW1,,9398.1,126.176,48.463
2026-07-12 17:00:00,QLD1,,6722.32,273.07,203.212
2026-07-12 17:00:00,SA1,,1606.31,179.994,173.226
2026-07-12 17:00:00,TAS1,,1203.0,2.163,0.628
2026-07-12 17:00:00,VIC1,,6578.98,99.273,10.651
2026-07-12 17:30:00,NSW1,,9899.05,,0.0
2026-07-12 17:30:00,QLD1,,7167.7,,38.741
2026-07-12 17:30:00,SA1,,1725.53,,15.946
2026-07-12 17:30:00,TAS1,,1305.0,,0.0
2026-07-12 17:30:00,VIC1,,7341.95,,0.0
2026-07-12 17:45:00,NSW1,10529.37,,,
2026-07-12 17:45:00,QLD1,7415.76,,,
2026-07-12 17:45:00,SA1,1932.54,,,
2026-07-12 17:45:00,TAS1,1284.69,,,
2026-07-12 17:45:00,VIC1,7813.6,,,
2026-07-12 17:50:00,NSW1,10568.66,,,
2026-07-12 17:50:00,QLD1,7458.79,,,
2026-07-12 17:50:00,SA1,1955.24,,,
2026-07-12 17:50:00,TAS1,1293.84,,,
2026-07-12 17:50:00,VIC1,7795.88,,,
2026-07-12 18:00:00,NSW1,,10450.84,,0.0
2026-07-12 18:00:00,QLD1,,7388.91,,0.0
2026-07-12 18:00:00,SA1,,1868.49,,0.0
2026-07-12 18:00:00,TAS1,,1299.0,,0.0
2026-07-12 18:00:00,VIC1,,7706.69,,0.0
2026-07-12 18:30:00,NSW1,,10535.43,,0.0
2026-07-12 18:30:00,QLD1,,7461.41,,0.0
2026-07-12 18:30:00,SA1,,1974.78,,0.0
2026-07-12 18:30:00,TAS1,,1302.0,,0.0
2026-07-12 18:30:00,VIC1,,7664.67,,0.0
2026-07-12 19:00:00,NSW1,,10466.07,,0.0
2026-07-12 19:00:00,QLD1,,7349.33,,0.0
2026-07-12 19:00:00,SA1,,1991.5,,0.0
2026-07-12 19:00:00,TAS1,,1295.0,,0.0
2026-07-12 19:00:00,VIC1,,7479.63,,0.0
2026-07-12 19:30:00,NSW1,,10348.69,,0.0
2026-07-12 19:30:00,QLD1,,7198.68,,0.0
2026-07-12 19:30:00,SA1,,1970.3,,0.0
2026-07-12 19:30:00,TAS1,,1279.0,,0.0
2026-07-12 19:30:00,VIC1,,7295.74,,0.0
2026-07-12 20:00:00,NSW1,,10217.64,,0.0
2026-07-12 20:00:00,QLD1,,7065.96,,0.0
2026-07-12 20:00:00,SA1,,1947.62,,0.0
2026-07-12 20:00:00,TAS1,,1263.0,,0.0
2026-07-12 20:00:00,VIC1,,7124.09,,0.0
2026-07-12 20:30:00,NSW1,,10090.62,0.0,0.0
2026-07-12 20:30:00,QLD1,,6934.58,0.0,0.0
2026-07-12 20:30:00,SA1,,1922.54,0.0,0.0
2026-07-12 20:30:00,TAS1,,1251.0,0.0,0.0
2026-07-12 20:30:00,VIC1,,6951.67,0.0,0.0
2026-07-12 21:00:00,NSW1,,9898.67,0.0,0.0
2026-07-12 21:00:00,QLD1,,6904.3,0.0,0.0
2026-07-12 21:00:00,SA1,,1901.43,0.0,0.0
2026-07-12 21:00:00,TAS1,,1230.0,0.0,0.0
2026-07-12 21:00:00,VIC1,,6752.68,0.0,0.0
2026-07-12 21:30:00,NSW1,,9602.99,,0.0
2026-07-12 21:30:00,QLD1,,6854.33,,0.0
2026-07-12 21:30:00,SA1,,1864.18,,0.0
2026-07-12 21:30:00,TAS1,,1168.0,,0.0
2026-07-12 21:30:00,VIC1,,6797.02,,0.0
2026-07-12 21:40:00,NSW1,9456.52,,,
2026-07-12 21:40:00,QLD1,6865.34,,,
2026-07-12 21:40:00,SA1,1818.63,,,
2026-07-12 21:40:00,TAS1,1130.72,,,
2026-07-12 21:40:00,VIC1,6630.84,,,
2026-07-12 21:45:00,NSW1,9356.05,,,
2026-07-12 21:45:00,QLD1,6835.57,,,
2026-07-12 21:45:00,SA1,1796.77,,,
2026-07-12 21:45:00,TAS1,1121.59,,,
2026-07-12 21:45:00,VIC1,6638.54,,,
2026-07-12 22:00:00,NSW1,,9369.79,,0.0
2026-07-12 22:00:00,QLD1,,6752.59,,0.0
2026-07-12 22:00:00,SA1,,1814.19,,0.0
2026-07-12 22:00:00,TAS1,,1129.0,,0.0
2026-07-12 22:00:00,VIC1,,6527.09,,0.0
2026-07-12 22:30:00,NSW1,,9094.37,,0.0
2026-07-12 22:30:00,QLD1,,6511.24,,0.0
2026-07-12 22:30:00,SA1,,1736.25,,0.0
2026-07-12 22:30:00,TAS1,,1093.0,,0.0
2026-07-12 22:30:00,VIC1,,6228.43,,0.0
2026-07-12 23:00:00,NSW1,,8815.22,,0.0
2026-07-12 23:00:00,QLD1,,6288.08,,0.0
2026-07-12 23:00:00,SA1,,1672.23,,0.0
2026-07-12 23:00:00,TAS1,,1058.0,,0.0
2026-07-12 23:00:00,VIC1,,5997.61,,0.0
2026-07-12 23:30:00,NSW1,,8552.23,0.0,0.0
2026-07-12 23:30:00,QLD1,,6109.92,0.0,0.0
2026-07-12 23:30:00,SA1,,1609.36,0.0,0.0
2026-07-12 23:30:00,TAS1,,1026.0,0.0,0.0
2026-07-12 23:30:00,VIC1,,5898.52,0.0,0.0
2026-07-13 00:00:00,NSW1,,8299.63,0.0,0.0
2026-07-13 00:00:00,QLD1,,5984.08,0.0,0.0
2026-07-13 00:00:00,SA1,,1604.89,0.0,0.0
2026-07-13 00:00:00,TAS1,,1003.0,0.0,0.0
2026-07-13 00:00:00,VIC1,,5742.96,0.0,0.0
2026-07-13 00:30:00,NSW1,,8051.77,,0.0
2026-07-13 00:30:00,QLD1,,5869.62,,0.0
2026-07-13 00:30:00,SA1,,1537.81,,0.0
2026-07-13 00:30:00,TAS1,,990.0,,0.0
2026-07-13 00:30:00,VIC1,,5545.61,,0.0
2026-07-13 00:40:00,NSW1,8035.68,,,
2026-07-13 00:40:00,QLD1,5736.79,,,
2026-07-13 00:40:00,SA1,1571.36,,,
2026-07-13 00:40:00,TAS1,1022.92,,,
2026-07-13 00:40:00,VIC1,5451.48,,,
2026-07-13 00:45:00,NSW1,7977.74,,,
2026-07-13 00:45:00,QLD1,5760.01,,,
2026-07-13 00:45:00,SA1,1584.25,,,
2026-07-13 00:45:00,TAS1,1030.96,,,
2026-07-13 00:45:00,VIC1,5314.47,,,
2026-07-13 01:00:00,NSW1,,7997.52,,0.0
2026-07-13 01:00:00,QLD1,,5744.19,,0.0
2026-07-13 01:00:00,SA1,,1562.83,,0.0
2026-07-13 01:00:00,TAS1,,1016.0,,0.0
2026-07-13 01:00:00,VIC1,,5410.77,,0.0
2026-07-13 01:30:00,NSW1,,7803.79,,0.0
2026-07-13 01:30:00,QLD1,,5665.57,,0.0
2026-07-13 01:30:00,SA1,,1543.39,,0.0
2026-07-13 01:30:00,TAS1,,1010.0,,0.0
2026-07-13 01:30:00,VIC1,,5246.46,,0.0
2026-07-13 02:00:00,NSW1,,7634.83,,0.0
2026-07-13 02:00:00,QLD1,,5617.56,,0.0
2026-07-13 02:00:00,SA1,,1524.99,,0.0
2026-07-13 02:00:00,TAS1,,1000.0,,0.0
2026-07-13 02:00:00,VIC1,,5078.82,,0.0
2026-07-13 02:30:00,NSW1,,7487.76,,0.0
2026-07-13 02:30:00,QLD1,,5588.03,,0.0
2026-07-13 02:30:00,SA1,,1492.22,,0.0
2026-07-13 02:30:00,TAS1,,995.0,,0.0
2026-07-13 02:30:00,VIC1,,4936.15,,0.0
2026-07-13 03:00:00,NSW1,,7350.98,0.0,0.0
2026-07-13 03:00:00,QLD1,,5572.84,0.0,0.0
2026-07-13 03:00:00,SA1,,1460.79,0.0,0.0
2026-07-13 03:00:00,TAS1,,998.0,0.0,0.0
2026-07-13 03:00:00,VIC1,,4830.91,0.0,0.0
2026-07-13 03:30:00,NSW1,,7239.77,0.0,0.0
2026-07-13 03:30:00,QLD1,,5503.1,0.0,0.0
2026-07-13 03:30:00,SA1,,1431.73,0.0,0.0
2026-07-13 03:30:00,TAS1,,1020.0,0.0,0.0
2026-07-13 03:30:00,VIC1,,4752.16,0.0,0.0
2026-07-13 04:00:00,NSW1,7147.7,7173.31,,0.0
2026-07-13 04:00:00,QLD1,5586.14,5566.42,,0.0
2026-07-13 04:00:00,SA1,1377.19,1428.2,,0.0
2026-07-13 04:00:00,TAS1,1013.19,1024.0,,0.0
2026-07-13 04:00:00,VIC1,4762.88,4774.25,,0.0
2026-07-13 04:05:00,NSW1,7197.49,,,
2026-07-13 04:05:00,QLD1,5579.11,,,
2026-07-13 04:05:00,SA1,1376.8,,,
2026-07-13 04:05:00,TAS1,1007.99,,,
2026-07-13 04:05:00,VIC1,4750.71,,,
2026-07-13 04:30:00,NSW1,,7233.04,,0.0
2026-07-13 04:30:00,QLD1,,5683.01,,0.0
2026-07-13 04:30:00,SA1,,1420.05,,0.0
2026-07-13 04:30:00,TAS1,,1032.0,,0.0
2026-07-13 04:30:00,VIC1,,4806.86,,0.0
2026-07-13 05:00:00,NSW1,,7320.31,0.0,0.0
2026-07-13 05:00:00,QLD1,,5844.84,0.0,0.0
2026-07-13 05:00:00,SA1,,1410.24,0.0,0.0
2026-07-13 05:00:00,TAS1,,1043.0,0.0,0.0
2026-07-13 05:00:00,VIC1,,4884.19,0.0,0.0
2026-07-13 05:30:00,NSW1,,7588.48,0.0,0.0
2026-07-13 05:30:00,QLD1,,6109.95,0.0,0.0
2026-07-13 05:30:00,SA1,,1413.46,0.0,0.0
2026-07-13 05:30:00,TAS1,,1069.0,0.0,0.0
2026-07-13 05:30:00,VIC1,,5086.64,0.0,0.0
2026-07-13 06:00:00,NSW1,,8059.2,,0.0
2026-07-13 06:00:00,QLD1,,6379.3,,0.0
2026-07-13 06:00:00,SA1,,1431.02,,0.0
2026-07-13 06:00:00,TAS1,,1101.0,,0.0
2026-07-13 06:00:00,VIC1,,5366.97,,0.0
2026-07-13 06:30:00,NSW1,8974.77,8704.71,,0.0
2026-07-13 06:30:00,QLD1,7036.19,6773.52,,0.0
2026-07-13 06:30:00,SA1,1476.6,1467.71,,0.0
2026-07-13 06:30:00,TAS1,1174.97,1161.0,,0.0
2026-07-13 06:30:00,VIC1,6118.92,5827.7,,0.0
2026-07-13 06:35:00,NSW1,9081.76,,,
2026-07-13 06:35:00,QLD1,7074.79,,,
2026-07-13 06:35:00,SA1,1490.68,,,
2026-07-13 06:35:00,TAS1,1173.8,,,
2026-07-13 06:35:00,VIC1,6197.8,,,
2026-07-13 07:00:00,NSW1,,9312.71,,0.0
2026-07-13 07:00:00,QLD1,,7074.45,,72.72
2026-07-13 07:00:00,SA1,,1539.89,,0.0
2026-07-13 07:00:00,TAS1,,1218.0,,0.0
2026-07-13 07:00:00,VIC1,,6296.79,,0.0
2026-07-13 07:30:00,NSW1,,9672.07,,118.911
2026-07-13 07:30:00,QLD1,,7109.08,,281.73
2026-07-13 07:30:00,SA1,,1625.44,,0.0
2026-07-13 07:30:00,TAS1,,1257.0,,0.0
2026-07-13 07:30:00,VIC1,,6692.36,,0.0
2026-07-13 08:00:00,NSW1,,9805.65,,451.654
2026-07-13 08:00:00,QLD1,,6789.76,,837.66
2026-07-13 08:00:00,SA1,,1757.53,,0.0
2026-07-13 08:00:00,TAS1,,1307.0,,1.78
2026-07-13 08:00:00,VIC1,,7017.72,,19.371
2026-07-13 08:30:00,NSW1,,9606.04,1173.583,1000.979
2026-07-13 08:30:00,QLD1,,6340.4,1616.889,1526.609
2026-07-13 08:30:00,SA1,,1855.28,111.151,11.836
2026-07-13 08:30:00,TAS1,,1334.0,11.956,11.705
2026-07-13 08:30:00,VIC1,,7183.95,239.758,131.152
2026-07-13 09:00:00,NSW1,,9139.28,1651.326,1593.718
2026-07-13 09:00:00,QLD1,,5816.1,2146.215,2213.541
2026-07-13 09:00:00,SA1,,1888.88,199.32,101.07
2026-07-13 09:00:00,TAS1,,1330.0,26.178,29.419
2026-07-13 09:00:00,VIC1,,7119.39,510.836,370.603
2026-07-13 09:30:00,NSW1,,8913.06,,2217.292
2026-07-13 09:30:00,QLD1,,5551.77,,3017.216
2026-07-13 09:30:00,SA1,,1814.62,,237.619
2026-07-13 09:30:00,TAS1,,1188.0,,49.511
2026-07-13 09:30:00,VIC1,,7560.05,,616.245
2026-07-13 09:35:00,NSW1,8603.1,,,
2026-07-13 09:35:00,QLD1,5211.3,,,
2026-07-13 09:35:00,SA1,1754.33,,,
2026-07-13 09:35:00,TAS1,1164.91,,,
2026-07-13 09:35:00,VIC1,7100.88,,,
2026-07-13 09:40:00,NSW1,8649.38,,,
2026-07-13 09:40:00,QLD1,5120.84,,,
2026-07-13 09:40:00,SA1,1761.55,,,
2026-07-13 09:40:00,TAS1,1173.81,,,
2026-07-13 09:40:00,VIC1,7033.15,,,
2026-07-13 10:00:00,NSW1,,8384.97,,2691.544
2026-07-13 10:00:00,QLD1,,5091.32,,3482.719
2026-07-13 10:00:00,SA1,,1719.98,,339.772
2026-07-13 10:00:00,TAS1,,1143.0,,68.864
2026-07-13 10:00:00,VIC1,,7203.56,,765.186
2026-07-13 10:30:00,NSW1,,8027.87,,3060.328
2026-07-13 10:30:00,QLD1,,4788.81,,3839.179
2026-07-13 10:30:00,SA1,,1633.92,,452.26
2026-07-13 10:30:00,TAS1,,1128.0,,79.74
2026-07-13 10:30:00,VIC1,,6909.66,,912.525
2026-07-13 11:00:00,NSW1,,7631.03,,3319.784
2026-07-13 11:00:00,QLD1,,4391.48,,4102.672
2026-07-13 11:00:00,SA1,,1589.98,,547.769
2026-07-13 11:00:00,TAS1,,1123.0,,85.816
2026-07-13 11:00:00,VIC1,,6660.05,,1011.807
2026-07-13 11:30:00,NSW1,,7265.2,,3484.73
2026-07-13 11:30:00,QLD1,,4166.3,,4268.249
2026-07-13 11:30:00,SA1,,1513.69,,619.474
2026-07-13 11:30:00,TAS1,,1112.0,,89.088
2026-07-13 11:30:00,VIC1,,6513.76,,1066.664
2026-07-13 12:00:00,NSW1,,6977.4,,3579.826
2026-07-13 12:00:00,QLD1,,4032.57,,4358.845
2026-07-13 12:00:00,SA1,,1448.93,,681.095
2026-07-13 12:00:00,TAS1,,1091.0,,87.915
2026-07-13 12:00:00,VIC1,,6344.16,,1102.751
2026-07-13 12:30:00,NSW1,,6772.93,,3559.314
2026-07-13 12:30:00,QLD1,,3922.91,,4384.159
2026-07-13 12:30:00,SA1,,1379.09,,715.107
2026-07-13 12:30:00,TAS1,,1079.0,,87.675
2026-07-13 12:30:00,VIC1,,6185.71,,1119.069
2026-07-13 13:00:00,NSW1,,6653.76,,3501.627
2026-07-13 13:00:00,QLD1,,3847.0,,4299.164
2026-07-13 13:00:00,SA1,,1335.32,,739.97
2026-07-13 13:00:00,TAS1,,1069.0,,83.597
2026-07-13 13:00:00,VIC1,,6131.6,,1146.778
2026-07-13 13:30:00,NSW1,,6662.54,,3343.385
2026-07-13 13:30:00,QLD1,,3913.7,,4091.895
2026-07-13 13:30:00,SA1,,1287.78,,735.861
2026-07-13 13:30:00,TAS1,,1070.0,,79.29
2026-07-13 13:30:00,VIC1,,6174.11,,1131.238
2026-07-13 14:00:00,NSW1,,6756.81,,3095.964
2026-07-13 14:00:00,QLD1,,4073.55,,3793.66
2026-07-13 14:00:00,SA1,,1269.85,,718.648
2026-07-13 14:00:00,TAS1,,1070.0,,72.44
2026-07-13 14:00:00,VIC1,,6202.6,,1077.792
2026-07-13 14:30:00,NSW1,,6995.46,,2740.407
2026-07-13 14:30:00,QLD1,,4342.23,,3394.914
2026-07-13 14:30:00,SA1,,1296.93,,684.694
2026-07-13 14:30:00,TAS1,,1087.0,,62.895
2026-07-13 14:30:00,VIC1,,6098.2,,982.984
2026-07-13 15:00:00,NSW1,,7383.65,,2265.01
2026-07-13 15:00:00,QLD1,,4847.97,,2606.744
2026-07-13 15:00:00,SA1,,1349.0,,620.552
2026-07-13 15:00:00,TAS1,,1101.0,,50.506
2026-07-13 15:00:00,VIC1,,6124.24,,874.013
2026-07-13 15:30:00,NSW1,,7836.94,,1719.88
2026-07-13 15:30:00,QLD1,,5385.46,,2036.227
2026-07-13 15:30:00,SA1,,1410.73,,533.538
2026-07-13 15:30:00,TAS1,,1125.0,,38.045
2026-07-13 15:30:00,VIC1,,6188.6,,682.424
2026-07-13 16:00:00,NSW1,,8337.81,,1114.931
2026-07-13 16:00:00,QLD1,,5985.23,,1387.288
2026-07-13 16:00:00,SA1,,1493.87,,425.638
2026-07-13 16:00:00,TAS1,,1154.0,,24.038
2026-07-13 16:00:00,VIC1,,6427.43,,459.359
2026-07-13 16:30:00,NSW1,,8883.11,,516.686
2026-07-13 16:30:00,QLD1,,6581.04,,718.677
2026-07-13 16:30:00,SA1,,1593.26,,306.738
2026-07-13 16:30:00,TAS1,,1190.0,,8.659
2026-07-13 16:30:00,VIC1,,6786.14,,234.144
2026-07-13 17:00:00,NSW1,,9542.98,,63.915
2026-07-13 17:00:00,QLD1,,7159.68,,222.207
2026-07-13 17:00:00,SA1,,1734.52,,175.793
2026-07-13 17:00:00,TAS1,,1237.0,,0.08
2026-07-13 17:00:00,VIC1,,7176.64,,43.193
2026-07-13 17:30:00,NSW1,,10115.31,,0.0
2026-07-13 17:30:00,QLD1,,7582.14,,34.576
2026-07-13 17:30:00,SA1,,1888.8,,49.423
2026-07-13 17:30:00,TAS1,,1278.0,,0.0
2026-07-13 17:30:00,VIC1,,7556.36,,0.0
2026-07-13 18:00:00,NSW1,,10588.76,,0.0
2026-07-13 18:00:00,QLD1,,7933.78,,0.0
2026-07-13 18:00:00,SA1,,2022.66,,0.0
2026-07-13 18:00:00,TAS1,,1312.0,,0.0
2026-07-13 18:00:00,VIC1,,7855.15,,0.0
2026-07-13 18:30:00,NSW1,,10664.56,,0.0
2026-07-13 18:30:00,QLD1,,8002.5,,0.0
2026-07-13 18:30:00,SA1,,2103.04,,0.0
2026-07-13 18:30:00,TAS1,,1312.0,,0.0
2026-07-13 18:30:00,VIC1,,7855.22,,0.0
2026-07-13 19:00:00,NSW1,,10613.44,,0.0
2026-07-13 19:00:00,QLD1,,7922.31,,0.0
2026-07-13 19:00:00,SA1,,2130.96,,0.0
2026-07-13 19:00:00,TAS1,,1303.0,,0.0
2026-07-13 19:00:00,VIC1,,7776.96,,0.0
2026-07-13 19:30:00,NSW1,,10470.32,0.0,0.0
2026-07-13 19:30:00,QLD1,,7745.3,0.0,0.0
2026-07-13 19:30:00,SA1,,2100.35,0.0,0.0
2026-07-13 19:30:00,TAS1,,1286.0,0.0,0.0
2026-07-13 19:30:00,VIC1,,7618.5,0.0,0.0
2026-07-13 20:00:00,NSW1,,10317.92,0.0,0.0
2026-07-13 20:00:00,QLD1,,7587.29,0.0,0.0
2026-07-13 20:00:00,SA1,,2063.28,0.0,0.0
2026-07-13 20:00:00,TAS1,,1268.0,0.0,0.0
2026-07-13 20:00:00,VIC1,,7482.14,0.0,0.0
2026-07-13 20:30:00,NSW1,,10395.96,,0.0
2026-07-13 20:30:00,QLD1,,7414.06,,0.0
2026-07-13 20:30:00,SA1,,2060.69,,0.0
2026-07-13 20:30:00,TAS1,,1240.0,,0.0
2026-07-13 20:30:00,VIC1,,7240.98,,0.0
2026-07-13 20:40:00,NSW1,10313.59,,,
2026-07-13 20:40:00,QLD1,7396.21,,,
2026-07-13 20:40:00,SA1,1948.2,,,
2026-07-13 20:40:00,TAS1,1237.68,,,
2026-07-13 20:40:00,VIC1,7258.87,,,
2026-07-13 20:45:00,NSW1,10293.76,,,
2026-07-13 20:45:00,QLD1,7371.76,,,
2026-07-13 20:45:00,SA1,1983.17,,,
2026-07-13 20:45:00,TAS1,1227.3,,,
2026-07-13 20:45:00,VIC1,7196.68,,,
2026-07-13 21:00:00,NSW1,,10180.06,,0.0
2026-07-13 21:00:00,QLD1,,7216.42,,0.0
2026-07-13 21:00:00,SA1,,1970.92,,0.0
2026-07-13 21:00:00,TAS1,,1206.0,,0.0
2026-07-13 21:00:00,VIC1,,7010.09,,0.0
2026-07-13 21:30:00,NSW1,,9880.39,,0.0
2026-07-13 21:30:00,QLD1,,7133.45,,0.0
2026-07-13 21:30:00,SA1,,1919.72,,0.0
2026-07-13 21:30:00,TAS1,,1182.0,,0.0
2026-07-13 21:30:00,VIC1,,6810.86,,0.0
2026-07-13 22:00:00,NSW1,,9555.07,,0.0
2026-07-13 22:00:00,QLD1,,6992.61,,0.0
2026-07-13 22:00:00,SA1,,1862.82,,0.0
2026-07-13 22:00:00,TAS1,,1148.0,,0.0
2026-07-13 22:00:00,VIC1,,6559.28,,0.0
2026-07-13 22:30:00,NSW1,,9280.16,,0.0
2026-07-13 22:30:00,QLD1,,6756.53,,0.0
2026-07-13 22:30:00,SA1,,1786.35,,0.0
2026-07-13 22:30:00,TAS1,,1110.0,,0.0
2026-07-13 22:30:00,VIC1,,6252.35,,0.0
2026-07-13 23:00:00,NSW1,,8978.3,,0.0
2026-07-13 23:00:00,QLD1,,6518.06,,0.0
2026-07-13 23:00:00,SA1,,1705.6,,0.0
2026-07-13 23:00:00,TAS1,,1072.0,,0.0
2026-07-13 23:00:00,VIC1,,5975.21,,0.0
2026-07-13 23:30:00,NSW1,,8718.46,,0.0
2026-07-13 23:30:00,QLD1,,6309.22,,0.0
2026-07-13 23:30:00,SA1,,1632.79,,0.0
2026-07-13 23:30:00,TAS1,,1038.0,,0.0
2026-07-13 23:30:00,VIC1,,5880.84,,0.0
2026-07-14 00:00:00,NSW1,,8495.73,,0.0
2026-07-14 00:00:00,QLD1,,6160.72,,0.0
2026-07-14 00:00:00,SA1,,1614.85,,0.0
2026-07-14 00:00:00,TAS1,,1013.0,,0.0
2026-07-14 00:00:00,VIC1,,5731.21,,0.0
2026-07-14 00:30:00,NSW1,,8308.85,,0.0
2026-07-14 00:30:00,QLD1,,6006.69,,0.0
2026-07-14 00:30:00,SA1,,1604.99,,0.0
2026-07-14 00:30:00,TAS1,,995.0,,0.0
2026-07-14 00:30:00,VIC1,,5557.14,,0.0
2026-07-14 01:00:00,NSW1,,8126.1,,0.0
2026-07-14 01:00:00,QLD1,,5855.64,,0.0
2026-07-14 01:00:00,SA1,,1605.82,,0.0
2026-07-14 01:00:00,TAS1,,980.0,,0.0
2026-07-14 01:00:00,VIC1,,5376.02,,0.0
2026-07-14 01:30:00,NSW1,,7932.27,,0.0
2026-07-14 01:30:00,QLD1,,5753.62,,0.0
2026-07-14 01:30:00,SA1,,1579.24,,0.0
2026-07-14 01:30:00,TAS1,,972.0,,0.0
2026-07-14 01:30:00,VIC1,,5203.75,,0.0
2026-07-14 02:00:00,NSW1,,7714.15,,0.0
2026-07-14 02:00:00,QLD1,,5703.67,,0.0
2026-07-14 02:00:00,SA1,,1553.96,,0.0
2026-07-14 02:00:00,TAS1,,965.0,,0.0
2026-07-14 02:00:00,VIC1,,5046.98,,0.0
2026-07-14 02:30:00,NSW1,,7542.98,0.0,0.0
2026-07-14 02:30:00,QLD1,,5672.77,0.0,0.0
2026-07-14 02:30:00,SA1,,1512.97,0.0,0.0
2026-07-14 02:30:00,TAS1,,960.0,0.0,0.0
2026-07-14 02:30:00,VIC1,,4931.36,0.0,0.0
2026-07-14 03:00:00,NSW1,,7409.78,0.0,0.0
2026-07-14 03:00:00,QLD1,,5646.58,0.0,0.0
2026-07-14 03:00:00,SA1,,1477.62,0.0,0.0
2026-07-14 03:00:00,TAS1,,964.0,0.0,0.0
2026-07-14 03:00:00,VIC1,,4837.75,0.0,0.0
2026-07-14 03:30:00,NSW1,,7395.88,,0.0
2026-07-14 03:30:00,QLD1,,5663.23,,0.0
2026-07-14 03:30:00,SA1,,1428.46,,0.0
2026-07-14 03:30:00,TAS1,,998.0,,0.0
2026-07-14 03:30:00,VIC1,,4772.73,,0.0
2026-07-14 04:00:00,NSW1,7360.14,7339.67,,0.0
2026-07-14 04:00:00,QLD1,5772.31,5740.65,,0.0
2026-07-14 04:00:00,SA1,1365.89,1405.95,,0.0
2026-07-14 04:00:00,TAS1,996.17,999.0,,0.0
2026-07-14 04:00:00,VIC1,4703.86,4752.48,,0.0
2026-07-14 04:05:00,NSW1,7293.59,,,
2026-07-14 04:05:00,QLD1,5821.99,,,
2026-07-14 04:05:00,SA1,1352.7,,,
2026-07-14 04:05:00,TAS1,1004.05,,,
2026-07-14 04:05:00,VIC1,4697.66,,,
2026-07-14 04:30:00,NSW1,,7404.45,,0.0
2026-07-14 04:30:00,QLD1,,5841.75,,0.0
2026-07-14 04:30:00,SA1,,1397.66,,0.0
2026-07-14 04:30:00,TAS1,,1008.0,,0.0
2026-07-14 04:30:00,VIC1,,4783.9,,0.0
2026-07-14 05:00:00,NSW1,,7498.89,,0.0
2026-07-14 05:00:00,QLD1,,6006.87,,0.0
2026-07-14 05:00:00,SA1,,1392.0,,0.0
2026-07-14 05:00:00,TAS1,,1023.0,,0.0
2026-07-14 05:00:00,VIC1,,4866.87,,0.0
2026-07-14 05:30:00,NSW1,,7763.08,,0.0
2026-07-14 05:30:00,QLD1,,6273.02,,0.0
2026-07-14 05:30:00,SA1,,1395.15,,0.0
2026-07-14 05:30:00,TAS1,,1054.0,,0.0
2026-07-14 05:30:00,VIC1,,5056.76,,0.0
2026-07-14 06:00:00,NSW1,,8119.04,0.0,0.0
2026-07-14 06:00:00,QLD1,,6578.17,0.0,0.0
2026-07-14 06:00:00,SA1,,1421.37,0.0,0.0
2026-07-14 06:00:00,TAS1,,1093.0,0.0,0.0
2026-07-14 06:00:00,VIC1,,5317.12,0.0,0.0
2026-07-14 06:30:00,NSW1,,8704.35,0.0,0.0
2026-07-14 06:30:00,QLD1,,6988.9,0.0,0.0
2026-07-14 06:30:00,SA1,,1466.74,0.0,0.0
2026-07-14 06:30:00,TAS1,,1155.0,0.0,0.0
2026-07-14 06:30:00,VIC1,,5741.1,0.0,0.0
2026-07-14 07:00:00,NSW1,,9417.84,,0.0
2026-07-14 07:00:00,QLD1,,7366.43,,72.166
2026-07-14 07:00:00,SA1,,1468.34,,0.0
2026-07-14 07:00:00,TAS1,,1157.0,,0.0
2026-07-14 07:00:00,VIC1,,6334.65,,0.0
2026-07-14 07:25:00,NSW1,10081.82,,,
2026-07-14 07:25:00,QLD1,7625.58,,,
2026-07-14 07:25:00,SA1,1695.09,,,
2026-07-14 07:25:00,TAS1,1213.19,,,
2026-07-14 07:25:00,VIC1,7107.38,,,
2026-07-14 07:30:00,NSW1,10097.67,9935.88,,122.959
2026-07-14 07:30:00,QLD1,7682.94,7582.49,,266.297
2026-07-14 07:30:00,SA1,1694.17,1586.74,,0.0
2026-07-14 07:30:00,TAS1,1226.39,1195.0,,0.0
2026-07-14 07:30:00,VIC1,7240.03,6875.37,,0.0
2026-07-14 08:00:00,NSW1,,10108.72,,443.372
2026-07-14 08:00:00,QLD1,,7287.94,,788.939
2026-07-14 08:00:00,SA1,,1701.89,,0.0
2026-07-14 08:00:00,TAS1,,1248.0,,3.495
2026-07-14 08:00:00,VIC1,,7193.84,,33.064
2026-07-14 08:30:00,NSW1,,9834.84,,985.151
2026-07-14 08:30:00,QLD1,,6750.67,,1449.359
2026-07-14 08:30:00,SA1,,1763.19,,28.513
2026-07-14 08:30:00,TAS1,,1270.0,,11.763
2026-07-14 08:30:00,VIC1,,7178.76,,166.351
2026-07-14 09:00:00,NSW1,,9310.03,,1563.123
2026-07-14 09:00:00,QLD1,,6153.04,,2097.359
2026-07-14 09:00:00,SA1,,1760.15,,154.754
2026-07-14 09:00:00,TAS1,,1261.0,,28.876
2026-07-14 09:00:00,VIC1,,6984.69,,444.648
2026-07-14 09:30:00,NSW1,,8818.19,,2082.678
2026-07-14 09:30:00,QLD1,,5624.01,,2681.501
2026-07-14 09:30:00,SA1,,1673.7,,318.81
2026-07-14 09:30:00,TAS1,,1236.0,,46.35
2026-07-14 09:30:00,VIC1,,6784.02,,742.107
2026-07-14 10:00:00,NSW1,,8355.27,,2466.171
2026-07-14 10:00:00,QLD1,,5158.97,,3151.31
2026-07-14 10:00:00,SA1,,1562.88,,478.966
2026-07-14 10:00:00,TAS1,,1201.0,,61.812
2026-07-14 10:00:00,VIC1,,6485.87,,1000.434
2026-07-14 10:30:00,NSW1,,7927.99,,2765.552
2026-07-14 10:30:00,QLD1,,4761.38,,3478.948
2026-07-14 10:30:00,SA1,,1453.8,,635.654
2026-07-14 10:30:00,TAS1,,1172.0,,75.216
2026-07-14 10:30:00,VIC1,,6163.76,,1252.213
2026-07-14 11:00:00,NSW1,,7555.69,,2966.84
2026-07-14 11:00:00,QLD1,,4478.88,,3703.011
2026-07-14 11:00:00,SA1,,1372.7,,769.47
2026-07-14 11:00:00,TAS1,,1143.0,,84.644
2026-07-14 11:00:00,VIC1,,5851.12,,1448.837
2026-07-14 11:30:00,NSW1,,7280.83,,3094.531
2026-07-14 11:30:00,QLD1,,4355.84,,3846.32
2026-07-14 11:30:00,SA1,,1269.85,,876.867
2026-07-14 11:30:00,TAS1,,1116.0,,90.621
2026-07-14 11:30:00,VIC1,,5763.04,,1597.342
2026-07-14 12:00:00,NSW1,,7145.94,,3163.936
2026-07-14 12:00:00,QLD1,,4287.54,,3943.08
2026-07-14 12:00:00,SA1,,1176.62,,959.937
2026-07-14 12:00:00,TAS1,,1089.0,,93.988
2026-07-14 12:00:00,VIC1,,5641.7,,1696.507
2026-07-14 12:30:00,NSW1,,7084.21,,3170.916
2026-07-14 12:30:00,QLD1,,4242.1,,3945.415
2026-07-14 12:30:00,SA1,,1077.77,,1008.05
2026-07-14 12:30:00,TAS1,,1079.0,,94.724
2026-07-14 12:30:00,VIC1,,5512.91,,1737.252
2026-07-14 13:00:00,NSW1,,7113.44,,3104.475
2026-07-14 13:00:00,QLD1,,4243.01,,3877.672
2026-07-14 13:00:00,SA1,,1003.36,,1029.569
2026-07-14 13:00:00,TAS1,,1070.0,,93.533
2026-07-14 13:00:00,VIC1,,5446.85,,1756.272
2026-07-14 13:30:00,NSW1,,7169.84,,2948.086
2026-07-14 13:30:00,QLD1,,4330.1,,3700.427
2026-07-14 13:30:00,SA1,,963.59,,1016.53
2026-07-14 13:30:00,TAS1,,1072.0,,89.808
2026-07-14 13:30:00,VIC1,,5436.73,,1729.972
2026-07-14 14:00:00,NSW1,,7264.08,,2714.22
2026-07-14 14:00:00,QLD1,,4480.03,,3438.053
2026-07-14 14:00:00,SA1,,947.53,,982.134
2026-07-14 14:00:00,TAS1,,1075.0,,82.53
2026-07-14 14:00:00,VIC1,,5420.3,,1647.61
2026-07-14 14:30:00,NSW1,,7429.69,2119.235,2386.637
2026-07-14 14:30:00,QLD1,,4691.21,2760.405,3059.466
2026-07-14 14:30:00,SA1,,997.7,1005.418,922.688
2026-07-14 14:30:00,TAS1,,1092.0,70.316,71.17
2026-07-14 14:30:00,VIC1,,5405.88,926.892,1498.745
2026-07-14 15:00:00,NSW1,,7713.14,1747.815,1968.895
2026-07-14 15:00:00,QLD1,,5049.37,2314.481,2590.614
2026-07-14 15:00:00,SA1,,1072.48,897.453,835.224
2026-07-14 15:00:00,TAS1,,1105.0,64.435,56.404
2026-07-14 15:00:00,VIC1,,5485.09,853.858,1283.332
2026-07-14 15:30:00,NSW1,,7750.43,,1633.448
2026-07-14 15:30:00,QLD1,,5496.08,,2295.349
2026-07-14 15:30:00,SA1,,935.23,,788.179
2026-07-14 15:30:00,TAS1,,1123.0,,46.732
2026-07-14 15:30:00,VIC1,,6173.65,,857.701
2026-07-14 15:55:00,NSW1,8433.86,,,
2026-07-14 15:55:00,QLD1,6219.86,,,
2026-07-14 15:55:00,SA1,1071.65,,,
2026-07-14 15:55:00,TAS1,1173.04,,,
2026-07-14 15:55:00,VIC1,6285.43,,,
2026-07-14 16:00:00,NSW1,8542.76,8228.79,,1040.754
2026-07-14 16:00:00,QLD1,6284.39,6042.44,,1617.412
2026-07-14 16:00:00,SA1,1109.49,1060.84,,607.846
2026-07-14 16:00:00,TAS1,1180.1,1146.0,,23.689
2026-07-14 16:00:00,VIC1,6290.72,6223.75,,628.411
2026-07-14 16:30:00,NSW1,,8791.15,,155.321
2026-07-14 16:30:00,QLD1,,6587.0,,809.472
2026-07-14 16:30:00,SA1,,1263.03,,418.455
2026-07-14 16:30:00,TAS1,,1186.0,,3.044
2026-07-14 16:30:00,VIC1,,6461.62,,233.141
2026-07-14 17:00:00,NSW1,,9440.21,,28.214
2026-07-14 17:00:00,QLD1,,7131.08,,313.723
2026-07-14 17:00:00,SA1,,1483.54,,217.665
2026-07-14 17:00:00,TAS1,,1248.0,,0.093
2026-07-14 17:00:00,VIC1,,6813.95,,28.398
2026-07-14 17:30:00,NSW1,,10034.68,,0.0
2026-07-14 17:30:00,QLD1,,7564.22,,52.538
2026-07-14 17:30:00,SA1,,1691.34,,30.963
2026-07-14 17:30:00,TAS1,,1312.0,,0.0
2026-07-14 17:30:00,VIC1,,7184.25,,0.0
2026-07-14 18:00:00,NSW1,,10509.54,,0.0
2026-07-14 18:00:00,QLD1,,7940.44,,0.0
2026-07-14 18:00:00,SA1,,1865.0,,0.0
2026-07-14 18:00:00,TAS1,,1358.0,,0.0
2026-07-14 18:00:00,VIC1,,7500.88,,0.0
2026-07-14 18:30:00,NSW1,,10575.04,,0.0
2026-07-14 18:30:00,QLD1,,8034.63,,0.0
2026-07-14 18:30:00,SA1,,1995.25,,0.0
2026-07-14 18:30:00,TAS1,,1366.0,,0.0
2026-07-14 18:30:00,VIC1,,7512.83,,0.0
2026-07-14 19:00:00,NSW1,,10541.28,,0.0
2026-07-14 19:00:00,QLD1,,7982.23,,0.0
2026-07-14 19:00:00,SA1,,2046.01,,0.0
2026-07-14 19:00:00,TAS1,,1360.0,,0.0
2026-07-14 19:00:00,VIC1,,7507.72,,0.0
2026-07-14 19:30:00,NSW1,,10404.59,,0.0
2026-07-14 19:30:00,QLD1,,7840.21,,0.0
2026-07-14 19:30:00,SA1,,2050.16,,0.0
2026-07-14 19:30:00,TAS1,,1343.0,,0.0
2026-07-14 19:30:00,VIC1,,7458.11,,0.0
2026-07-14 20:00:00,NSW1,,10260.87,0.0,0.0
2026-07-14 20:00:00,QLD1,,7695.85,0.0,0.0
2026-07-14 20:00:00,SA1,,2035.1,0.0,0.0
2026-07-14 20:00:00,TAS1,,1329.0,0.0,0.0
2026-07-14 20:00:00,VIC1,,7421.84,0.0,0.0
2026-07-14 20:30:00,NSW1,,10136.3,0.0,0.0
2026-07-14 20:30:00,QLD1,,7557.28,0.0,0.0
2026-07-14 20:30:00,SA1,,2011.12,0.0,0.0
2026-07-14 20:30:00,TAS1,,1320.0,0.0,0.0
2026-07-14 20:30:00,VIC1,,7321.88,0.0,0.0
2026-07-14 21:00:00,NSW1,,9970.6,,0.0
2026-07-14 21:00:00,QLD1,,7233.26,,0.0
2026-07-14 21:00:00,SA1,,1959.33,,0.0
2026-07-14 21:00:00,TAS1,,1269.0,,0.0
2026-07-14 21:00:00,VIC1,,7224.92,,0.0
2026-07-14 21:10:00,NSW1,9822.6,,,
2026-07-14 21:10:00,QLD1,7282.03,,,
2026-07-14 21:10:00,SA1,1898.56,,,
2026-07-14 21:10:00,TAS1,1216.81,,,
2026-07-14 21:10:00,VIC1,7080.27,,,
2026-07-14 21:15:00,NSW1,9739.66,,,
2026-07-14 21:15:00,QLD1,7211.8,,,
2026-07-14 21:15:00,SA1,1910.1,,,
2026-07-14 21:15:00,TAS1,1210.41,,,
2026-07-14 21:15:00,VIC1,7022.13,,,
2026-07-14 21:30:00,NSW1,,9726.06,,0.0
2026-07-14 21:30:00,QLD1,,7228.44,,0.0
2026-07-14 21:30:00,SA1,,1915.04,,0.0
2026-07-14 21:30:00,TAS1,,1206.0,,0.0
2026-07-14 21:30:00,VIC1,,6972.07,,0.0
2026-07-14 22:00:00,NSW1,,9406.23,,0.0
2026-07-14 22:00:00,QLD1,,7016.45,,0.0
2026-07-14 22:00:00,SA1,,1840.49,,0.0
2026-07-14 22:00:00,TAS1,,1175.0,,0.0
2026-07-14 22:00:00,VIC1,,6712.66,,0.0
2026-07-14 22:30:00,NSW1,,9185.82,,0.0
2026-07-14 22:30:00,QLD1,,6788.72,,0.0
2026-07-14 22:30:00,SA1,,1757.05,,0.0
2026-07-14 22:30:00,TAS1,,1138.0,,0.0
2026-07-14 22:30:00,VIC1,,6429.12,,0.0
2026-07-14 23:00:00,NSW1,,8938.59,,0.0
2026-07-14 23:00:00,QLD1,,6556.22,,0.0
2026-07-14 23:00:00,SA1,,1673.03,,0.0
2026-07-14 23:00:00,TAS1,,1099.0,,0.0
2026-07-14 23:00:00,VIC1,,6152.38,,0.0
2026-07-14 23:30:00,NSW1,,8662.02,,0.0
2026-07-14 23:30:00,QLD1,,6329.76,,0.0
2026-07-14 23:30:00,SA1,,1597.06,,0.0
2026-07-14 23:30:00,TAS1,,1061.0,,0.0
2026-07-14 23:30:00,VIC1,,6039.39,,0.0
2026-07-15 00:00:00,NSW1,,8433.92,,0.0
2026-07-15 00:00:00,QLD1,,6172.09,,0.0
2026-07-15 00:00:00,SA1,,1579.65,,0.0
2026-07-15 00:00:00,TAS1,,1032.0,,0.0
2026-07-15 00:00:00,VIC1,,5891.45,,0.0
2026-07-15 00:30:00,NSW1,,8292.56,,0.0
2026-07-15 00:30:00,QLD1,,6010.7,,0.0
2026-07-15 00:30:00,SA1,,1581.52,,0.0
2026-07-15 00:30:00,TAS1,,1010.0,,0.0
2026-07-15 00:30:00,VIC1,,5722.01,,0.0
2026-07-15 01:00:00,NSW1,,8109.78,0.0,0.0
2026-07-15 01:00:00,QLD1,,5859.39,0.0,0.0
2026-07-15 01:00:00,SA1,,1592.15,0.0,0.0
2026-07-15 01:00:00,TAS1,,992.0,0.0,0.0
2026-07-15 01:00:00,VIC1,,5555.87,0.0,0.0
2026-07-15 01:30:00,NSW1,,7922.99,0.0,0.0
2026-07-15 01:30:00,QLD1,,5822.1,0.0,0.0
2026-07-15 01:30:00,SA1,,1542.22,0.0,0.0
2026-07-15 01:30:00,TAS1,,906.0,0.0,0.0
2026-07-15 01:30:00,VIC1,,5436.84,0.0,0.0
2026-07-15 02:00:00,NSW1,7573.59,7723.65,,0.0
2026-07-15 02:00:00,QLD1,5744.57,5761.83,,0.0
2026-07-15 02:00:00,SA1,1493.17,1504.18,,0.0
2026-07-15 02:00:00,TAS1,885.87,900.0,,0.0
2026-07-15 02:00:00,VIC1,5159.1,5269.17,,0.0
2026-07-15 02:05:00,NSW1,7595.07,,,
2026-07-15 02:05:00,QLD1,5707.6,,,
2026-07-15 02:05:00,SA1,1452.47,,,
2026-07-15 02:05:00,TAS1,893.62,,,
2026-07-15 02:05:00,VIC1,5126.51,,,
2026-07-15 02:30:00,NSW1,,7543.25,,0.0
2026-07-15 02:30:00,QLD1,,5700.83,,0.0
2026-07-15 02:30:00,SA1,,1471.3,,0.0
2026-07-15 02:30:00,TAS1,,894.0,,0.0
2026-07-15 02:30:00,VIC1,,5177.31,,0.0
2026-07-15 03:00:00,NSW1,,7427.61,,0.0
2026-07-15 03:00:00,QLD1,,5678.01,,0.0
2026-07-15 03:00:00,SA1,,1434.89,,0.0
2026-07-15 03:00:00,TAS1,,895.0,,0.0
2026-07-15 03:00:00,VIC1,,5080.05,,0.0
2026-07-15 03:30:00,NSW1,,7339.2,,0.0
2026-07-15 03:30:00,QLD1,,5684.99,,0.0
2026-07-15 03:30:00,SA1,,1407.97,,0.0
2026-07-15 03:30:00,TAS1,,897.0,,0.0
2026-07-15 03:30:00,VIC1,,5027.01,,0.0
2026-07-15 04:00:00,NSW1,,7284.24,,0.0
2026-07-15 04:00:00,QLD1,,5720.25,,0.0
2026-07-15 04:00:00,SA1,,1388.24,,0.0
2026-07-15 04:00:00,TAS1,,898.0,,0.0
2026-07-15 04:00:00,VIC1,,4995.85,,0.0
2026-07-15 04:30:00,NSW1,,7317.86,,0.0
2026-07-15 04:30:00,QLD1,,5826.27,,0.0
2026-07-15 04:30:00,SA1,,1383.61,,0.0
2026-07-15 04:30:00,TAS1,,907.0,,0.0
2026-07-15 04:30:00,VIC1,,5045.4,,0.0
2026-07-15 05:00:00,NSW1,,7392.03,0.0,0.0
2026-07-15 05:00:00,QLD1,,5983.43,0.0,0.0
2026-07-15 05:00:00,SA1,,1385.79,0.0,0.0
2026-07-15 05:00:00,TAS1,,920.0,0.0,0.0
2026-07-15 05:00:00,VIC1,,5135.43,0.0,0.0
2026-07-15 05:30:00,NSW1,,7646.98,0.0,0.0
2026-07-15 05:30:00,QLD1,,6253.29,0.0,0.0
2026-07-15 05:30:00,SA1,,1397.77,0.0,0.0
2026-07-15 05:30:00,TAS1,,950.0,0.0,0.0
2026-07-15 05:30:00,VIC1,,5339.61,0.0,0.0
2026-07-15 06:00:00,NSW1,,8284.79,,0.0
2026-07-15 06:00:00,QLD1,,6675.55,,0.0
2026-07-15 06:00:00,SA1,,1390.19,,0.0
2026-07-15 06:00:00,TAS1,,985.0,,0.0
2026-07-15 06:00:00,VIC1,,5742.21,,0.0
2026-07-15 06:15:00,NSW1,8948.72,,,
2026-07-15 06:15:00,QLD1,7058.08,,,
2026-07-15 06:15:00,SA1,1516.91,,,
2026-07-15 06:15:00,TAS1,1088.85,,,
2026-07-15 06:15:00,VIC1,6237.26,,,
2026-07-15 06:20:00,NSW1,8974.75,,,
2026-07-15 06:20:00,QLD1,7187.32,,,
2026-07-15 06:20:00,SA1,1529.56,,,
2026-07-15 06:20:00,TAS1,1088.57,,,
2026-07-15 06:20:00,VIC1,6348.11,,,
2026-07-15 06:30:00,NSW1,,8933.34,,0.0
2026-07-15 06:30:00,QLD1,,7124.58,,0.0
2026-07-15 06:30:00,SA1,,1492.32,,0.0
2026-07-15 06:30:00,TAS1,,1046.0,,0.0
2026-07-15 06:30:00,VIC1,,6302.32,,0.0
2026-07-15 07:00:00,NSW1,,9549.95,,0.0
2026-07-15 07:00:00,QLD1,,7458.61,,71.444
2026-07-15 07:00:00,SA1,,1584.73,,0.0
2026-07-15 07:00:00,TAS1,,1108.0,,0.0
2026-07-15 07:00:00,VIC1,,6849.84,,0.0
2026-07-15 07:30:00,NSW1,,9925.74,,116.122
2026-07-15 07:30:00,QLD1,,7563.96,,250.411
2026-07-15 07:30:00,SA1,,1672.59,,0.0
2026-07-15 07:30:00,TAS1,,1161.0,,0.0
2026-07-15 07:30:00,VIC1,,7265.71,,0.0
2026-07-15 08:00:00,NSW1,,10029.55,714.843,470.128
2026-07-15 08:00:00,QLD1,,7287.09,1077.09,771.281
2026-07-15 08:00:00,SA1,,1788.66,15.266,0.0
2026-07-15 08:00:00,TAS1,,1219.0,2.231,2.314
2026-07-15 08:00:00,VIC1,,7561.5,126.562,19.578
2026-07-15 08:30:00,NSW1,,9786.72,1253.536,1056.668
2026-07-15 08:30:00,QLD1,,6806.69,1639.525,1444.027
2026-07-15 08:30:00,SA1,,1846.22,120.189,29.862
2026-07-15 08:30:00,TAS1,,1245.0,14.539,8.345
2026-07-15 08:30:00,VIC1,,7650.87,338.772,172.798
2026-07-15 09:00:00,NSW1,,9391.79,,1654.493
2026-07-15 09:00:00,QLD1,,6088.5,,2476.472
2026-07-15 09:00:00,SA1,,1919.57,,144.574
2026-07-15 09:00:00,TAS1,,1217.0,,20.37
2026-07-15 09:00:00,VIC1,,7806.09,,472.69
2026-07-15 09:25:00,NSW1,8511.75,,,
2026-07-15 09:25:00,QLD1,5517.82,,,
2026-07-15 09:25:00,SA1,1748.1,,,
2026-07-15 09:25:00,TAS1,1240.16,,,
2026-07-15 09:25:00,VIC1,7554.62,,,
2026-07-15 09:30:00,NSW1,8420.95,8936.87,,2238.666
2026-07-15 09:30:00,QLD1,5446.09,5654.98,,3061.846
2026-07-15 09:30:00,SA1,1732.95,1834.2,,312.048
2026-07-15 09:30:00,TAS1,1225.81,1214.0,,31.976
2026-07-15 09:30:00,VIC1,7499.28,7649.75,,696.639
2026-07-15 10:00:00,NSW1,,8427.41,,2781.213
2026-07-15 10:00:00,QLD1,,5184.92,,3539.711
2026-07-15 10:00:00,SA1,,1662.12,,493.799
2026-07-15 10:00:00,TAS1,,1193.0,,44.611
2026-07-15 10:00:00,VIC1,,7263.25,,1014.411
2026-07-15 10:30:00,NSW1,,7913.06,,3204.028
2026-07-15 10:30:00,QLD1,,4731.32,,3890.166
2026-07-15 10:30:00,SA1,,1488.76,,671.585
2026-07-15 10:30:00,TAS1,,1177.0,,55.146
2026-07-15 10:30:00,VIC1,,6781.46,,1291.532
2026-07-15 11:00:00,NSW1,,7456.86,,3497.597
2026-07-15 11:00:00,QLD1,,4390.37,,4154.719
2026-07-15 11:00:00,SA1,,1364.13,,826.715
2026-07-15 11:00:00,TAS1,,1152.0,,64.285
2026-07-15 11:00:00,VIC1,,6371.34,,1495.357
2026-07-15 11:30:00,NSW1,,7118.01,,3684.651
2026-07-15 11:30:00,QLD1,,4246.73,,4324.106
2026-07-15 11:30:00,SA1,,1205.25,,952.79
2026-07-15 11:30:00,TAS1,,1125.0,,70.016
2026-07-15 11:30:00,VIC1,,6130.67,,1639.323
2026-07-15 12:00:00,NSW1,,6859.79,,3765.65
2026-07-15 12:00:00,QLD1,,4177.7,,4409.422
2026-07-15 12:00:00,SA1,,1069.84,,1056.858
2026-07-15 12:00:00,TAS1,,1100.0,,71.996
2026-07-15 12:00:00,VIC1,,5913.52,,1721.042
2026-07-15 12:30:00,NSW1,,6718.68,,3800.403
2026-07-15 12:30:00,QLD1,,4119.66,,4379.129
2026-07-15 12:30:00,SA1,,951.82,,1140.532
2026-07-15 12:30:00,TAS1,,1082.0,,75.437
2026-07-15 12:30:00,VIC1,,5731.71,,1704.269
2026-07-15 13:00:00,NSW1,,6620.56,,3732.834
2026-07-15 13:00:00,QLD1,,4091.87,,4257.778
2026-07-15 13:00:00,SA1,,860.32,,1184.624
2026-07-15 13:00:00,TAS1,,1066.0,,77.265
2026-07-15 13:00:00,VIC1,,5635.45,,1634.334
2026-07-15 13:30:00,NSW1,,6599.0,,3551.587
2026-07-15 13:30:00,QLD1,,4183.75,,3999.29
2026-07-15 13:30:00,SA1,,800.9,,1189.673
2026-07-15 13:30:00,TAS1,,1063.0,,77.083
2026-07-15 13:30:00,VIC1,,5636.87,,1509.059
2026-07-15 14:00:00,NSW1,,6689.53,,3278.218
2026-07-15 14:00:00,QLD1,,4329.11,,3653.448
2026-07-15 14:00:00,SA1,,780.44,,1164.788
2026-07-15 14:00:00,TAS1,,1062.0,,74.056
2026-07-15 14:00:00,VIC1,,5711.21,,1342.914
2026-07-15 14:30:00,NSW1,,6903.28,,2859.801
2026-07-15 14:30:00,QLD1,,4586.89,,2758.31
2026-07-15 14:30:00,SA1,,799.55,,1103.232
2026-07-15 14:30:00,TAS1,,1068.0,,66.774
2026-07-15 14:30:00,VIC1,,5794.04,,1144.857
2026-07-15 15:00:00,NSW1,,7226.99,,2373.018
2026-07-15 15:00:00,QLD1,,5199.29,,2271.016
2026-07-15 15:00:00,SA1,,860.12,,1004.623
2026-07-15 15:00:00,TAS1,,1070.0,,54.375
2026-07-15 15:00:00,VIC1,,5949.65,,944.16
2026-07-15 15:30:00,NSW1,,7682.45,,1797.289
2026-07-15 15:30:00,QLD1,,5747.05,,1734.509
2026-07-15 15:30:00,SA1,,947.69,,867.579
2026-07-15 15:30:00,TAS1,,1084.0,,39.722
2026-07-15 15:30:00,VIC1,,6152.43,,736.138
2026-07-15 16:00:00,NSW1,,8221.46,1066.657,1173.255
2026-07-15 16:00:00,QLD1,,6321.97,1069.938,1159.116
2026-07-15 16:00:00,SA1,,1064.37,643.899,694.003
2026-07-15 16:00:00,TAS1,,1102.0,23.433,24.145
2026-07-15 16:00:00,VIC1,,6479.0,454.85,501.641
2026-07-15 16:30:00,NSW1,,8857.87,549.619,559.56
2026-07-15 16:30:00,QLD1,,6871.67,648.289,626.179
2026-07-15 16:30:00,SA1,,1220.99,457.328,489.408
2026-07-15 16:30:00,TAS1,,1124.0,10.446,8.679
2026-07-15 16:30:00,VIC1,,6869.6,288.051,256.224
2026-07-15 17:00:00,NSW1,,9729.99,,38.326
2026-07-15 17:00:00,QLD1,,7303.51,,331.319
2026-07-15 17:00:00,SA1,,1241.07,,258.883
2026-07-15 17:00:00,TAS1,,1189.0,,1.018
2026-07-15 17:00:00,VIC1,,7515.72,,14.391
2026-07-15 17:20:00,NSW1,10412.57,,,
2026-07-15 17:20:00,QLD1,7719.84,,,
2026-07-15 17:20:00,SA1,1640.76,,,
2026-07-15 17:20:00,TAS1,1273.06,,,
2026-07-15 17:20:00,VIC1,7857.64,,,
2026-07-15 17:25:00,NSW1,10571.24,,,
2026-07-15 17:25:00,QLD1,7782.42,,,
2026-07-15 17:25:00,SA1,1672.56,,,
2026-07-15 17:25:00,TAS1,1262.62,,,
2026-07-15 17:25:00,VIC1,7890.26,,,
2026-07-15 17:30:00,NSW1,,10374.93,,0.0
2026-07-15 17:30:00,QLD1,,7752.58,,62.953
2026-07-15 17:30:00,SA1,,1500.52,,33.386
2026-07-15 17:30:00,TAS1,,1256.0,,0.0
2026-07-15 17:30:00,VIC1,,7774.03,,0.0
2026-07-15 18:00:00,NSW1,,10906.02,,0.0
2026-07-15 18:00:00,QLD1,,8114.63,,0.0
2026-07-15 18:00:00,SA1,,1774.39,,0.0
2026-07-15 18:00:00,TAS1,,1296.0,,0.0
2026-07-15 18:00:00,VIC1,,8044.14,,0.0
2026-07-15 18:30:00,NSW1,,10952.04,,0.0
2026-07-15 18:30:00,QLD1,,8196.78,,0.0
2026-07-15 18:30:00,SA1,,1953.7,,0.0
2026-07-15 18:30:00,TAS1,,1299.0,,0.0
2026-07-15 18:30:00,VIC1,,8029.46,,0.0
2026-07-15 19:00:00,NSW1,,10935.59,,0.0
2026-07-15 19:00:00,QLD1,,8160.83,,0.0
2026-07-15 19:00:00,SA1,,2016.87,,0.0
2026-07-15 19:00:00,TAS1,,1291.0,,0.0
2026-07-15 19:00:00,VIC1,,7926.19,,0.0
2026-07-15 19:30:00,NSW1,,10825.77,,0.0
2026-07-15 19:30:00,QLD1,,8036.78,,0.0
2026-07-15 19:30:00,SA1,,2041.78,,0.0
2026-07-15 19:30:00,TAS1,,1272.0,,0.0
2026-07-15 19:30:00,VIC1,,7795.43,,0.0
2026-07-15 20:00:00,NSW1,,10688.38,,0.0
2026-07-15 20:00:00,QLD1,,7903.68,,0.0
2026-07-15 20:00:00,SA1,,2046.55,,0.0
2026-07-15 20:00:00,TAS1,,1256.0,,0.0
2026-07-15 20:00:00,VIC1,,7667.58,,0.0
2026-07-15 20:30:00,NSW1,,10538.18,,0.0
2026-07-15 20:30:00,QLD1,,7752.0,,0.0
2026-07-15 20:30:00,SA1,,2034.84,,0.0
2026-07-15 20:30:00,TAS1,,1246.0,,0.0
2026-07-15 20:30:00,VIC1,,7511.18,,0.0
2026-07-15 21:00:00,NSW1,,10342.07,0.0,0.0
2026-07-15 21:00:00,QLD1,,7691.44,0.0,0.0
2026-07-15 21:00:00,SA1,,2014.18,0.0,0.0
2026-07-15 21:00:00,TAS1,,1228.0,0.0,0.0
2026-07-15 21:00:00,VIC1,,7346.82,0.0,0.0
2026-07-15 21:30:00,NSW1,,10056.46,0.0,0.0
2026-07-15 21:30:00,QLD1,,7560.35,0.0,0.0
2026-07-15 21:30:00,SA1,,1983.94,0.0,0.0
2026-07-15 21:30:00,TAS1,,1208.0,0.0,0.0
2026-07-15 21:30:00,VIC1,,7136.94,0.0,0.0
2026-07-15 22:00:00,NSW1,,9826.08,,0.0
2026-07-15 22:00:00,QLD1,,7215.85,,0.0
2026-07-15 22:00:00,SA1,,1937.75,,0.0
2026-07-15 22:00:00,TAS1,,1162.0,,0.0
2026-07-15 22:00:00,VIC1,,6896.83,,0.0
2026-07-15 22:05:00,NSW1,9667.25,,,
2026-07-15 22:05:00,QLD1,7017.25,,,
2026-07-15 22:05:00,SA1,1884.98,,,
2026-07-15 22:05:00,TAS1,1172.42,,,
2026-07-15 22:05:00,VIC1,6569.0,,,
2026-07-15 22:10:00,NSW1,9648.85,,,
2026-07-15 22:10:00,QLD1,6969.8,,,
2026-07-15 22:10:00,SA1,1853.76,,,
2026-07-15 22:10:00,TAS1,1173.67,,,
2026-07-15 22:10:00,VIC1,6613.7,,,
2026-07-15 22:30:00,NSW1,,9628.96,,0.0
2026-07-15 22:30:00,QLD1,,7010.09,,0.0
2026-07-15 22:30:00,SA1,,1888.12,,0.0
2026-07-15 22:30:00,TAS1,,1139.0,,0.0
2026-07-15 22:30:00,VIC1,,6530.24,,0.0
2026-07-15 23:00:00,NSW1,,9347.52,,0.0
2026-07-15 23:00:00,QLD1,,6743.33,,0.0
2026-07-15 23:00:00,SA1,,1777.38,,0.0
2026-07-15 23:00:00,TAS1,,1108.0,,0.0
2026-07-15 23:00:00,VIC1,,6246.66,,0.0
2026-07-15 23:30:00,NSW1,,9090.71,,0.0
2026-07-15 23:30:00,QLD1,,6476.97,,0.0
2026-07-15 23:30:00,SA1,,1676.26,,0.0
2026-07-15 23:30:00,TAS1,,1082.0,,0.0
2026-07-15 23:30:00,VIC1,,6153.44,,0.0
2026-07-16 00:00:00,NSW1,,8852.37,,0.0
2026-07-16 00:00:00,QLD1,,6288.29,,0.0
2026-07-16 00:00:00,SA1,,1651.69,,0.0
2026-07-16 00:00:00,TAS1,,1065.0,,0.0
2026-07-16 00:00:00,VIC1,,6014.82,,0.0
2026-07-16 00:30:00,NSW1,,8643.79,,0.0
2026-07-16 00:30:00,QLD1,,6110.38,,0.0
2026-07-16 00:30:00,SA1,,1645.62,,0.0
2026-07-16 00:30:00,TAS1,,1052.0,,0.0
2026-07-16 00:30:00,VIC1,,5844.26,,0.0
2026-07-16 01:00:00,NSW1,,8445.2,,0.0
2026-07-16 01:00:00,QLD1,,5927.45,,0.0
2026-07-16 01:00:00,SA1,,1645.13,,0.0
2026-07-16 01:00:00,TAS1,,1042.0,,0.0
2026-07-16 01:00:00,VIC1,,5652.49,,0.0
2026-07-16 01:30:00,NSW1,,8231.53,0.0,0.0
2026-07-16 01:30:00,QLD1,,5787.54,0.0,0.0
2026-07-16 01:30:00,SA1,,1609.59,0.0,0.0
2026-07-16 01:30:00,TAS1,,1039.0,0.0,0.0
2026-07-16 01:30:00,VIC1,,5478.56,0.0,0.0
2026-07-16 02:00:00,NSW1,,8004.12,0.0,0.0
2026-07-16 02:00:00,QLD1,,5708.25,0.0,0.0
2026-07-16 02:00:00,SA1,,1582.59,0.0,0.0
2026-07-16 02:00:00,TAS1,,1035.0,0.0,0.0
2026-07-16 02:00:00,VIC1,,5315.37,0.0,0.0
2026-07-16 02:30:00,NSW1,,7857.27,,0.0
2026-07-16 02:30:00,QLD1,,5675.08,,0.0
2026-07-16 02:30:00,SA1,,1548.07,,0.0
2026-07-16 02:30:00,TAS1,,1032.0,,0.0
2026-07-16 02:30:00,VIC1,,5297.97,,0.0
2026-07-16 02:50:00,NSW1,7723.06,,,
2026-07-16 02:50:00,QLD1,5665.83,,,
2026-07-16 02:50:00,SA1,1547.57,,,
2026-07-16 02:50:00,TAS1,1085.01,,,
2026-07-16 02:50:00,VIC1,5129.52,,,
2026-07-16 02:55:00,NSW1,7755.31,,,
2026-07-16 02:55:00,QLD1,5676.78,,,
2026-07-16 02:55:00,SA1,1574.53,,,
2026-07-16 02:55:00,TAS1,1087.43,,,
2026-07-16 02:55:00,VIC1,5068.83,,,
2026-07-16 03:00:00,NSW1,,7754.26,,0.0
2026-07-16 03:00:00,QLD1,,5676.65,,0.0
2026-07-16 03:00:00,SA1,,1560.82,,0.0
2026-07-16 03:00:00,TAS1,,1044.0,,0.0
2026-07-16 03:00:00,VIC1,,5170.65,,0.0
2026-07-16 03:30:00,NSW1,,7638.27,,0.0
2026-07-16 03:30:00,QLD1,,5649.85,,0.0
2026-07-16 03:30:00,SA1,,1512.73,,0.0
2026-07-16 03:30:00,TAS1,,1049.0,,0.0
2026-07-16 03:30:00,VIC1,,5123.33,,0.0
2026-07-16 04:00:00,NSW1,,7603.21,,0.0
2026-07-16 04:00:00,QLD1,,5686.43,,0.0
2026-07-16 04:00:00,SA1,,1481.5,,0.0
2026-07-16 04:00:00,TAS1,,1053.0,,0.0
2026-07-16 04:00:00,VIC1,,5094.58,,0.0
2026-07-16 04:30:00,NSW1,,7625.71,,0.0
2026-07-16 04:30:00,QLD1,,5774.16,,0.0
2026-07-16 04:30:00,SA1,,1474.05,,0.0
2026-07-16 04:30:00,TAS1,,1063.0,,0.0
2026-07-16 04:30:00,VIC1,,5132.41,,0.0
2026-07-16 05:00:00,NSW1,,7694.18,,0.0
2026-07-16 05:00:00,QLD1,,5906.48,,0.0
2026-07-16 05:00:00,SA1,,1469.14,,0.0
2026-07-16 05:00:00,TAS1,,1078.0,,0.0
2026-07-16 05:00:00,VIC1,,5209.26,,0.0
2026-07-16 05:30:00,NSW1,,7934.81,0.0,0.0
2026-07-16 05:30:00,QLD1,,6151.52,0.0,0.0
2026-07-16 05:30:00,SA1,,1473.22,0.0,0.0
2026-07-16 05:30:00,TAS1,,1105.0,0.0,0.0
2026-07-16 05:30:00,VIC1,,5392.49,0.0,0.0
2026-07-16 06:00:00,NSW1,,8259.09,0.0,0.0
2026-07-16 06:00:00,QLD1,,6428.05,0.0,0.0
2026-07-16 06:00:00,SA1,,1505.93,0.0,0.0
2026-07-16 06:00:00,TAS1,,1141.0,0.0,0.0
2026-07-16 06:00:00,VIC1,,5671.86,0.0,0.0
2026-07-16 06:30:00,NSW1,9596.86,9279.84,,0.0
2026-07-16 06:30:00,QLD1,7195.11,6979.25,,0.0
2026-07-16 06:30:00,SA1,1662.72,1606.47,,0.0
2026-07-16 06:30:00,TAS1,1292.83,1238.0,,0.0
2026-07-16 06:30:00,VIC1,6380.67,6125.73,,0.0
2026-07-16 06:35:00,NSW1,9550.62,,,
2026-07-16 06:35:00,QLD1,7283.8,,,
2026-07-16 06:35:00,SA1,1666.96,,,
2026-07-16 06:35:00,TAS1,1295.82,,,
2026-07-16 06:35:00,VIC1,6390.37,,,
2026-07-16 07:00:00,NSW1,,9860.58,,0.0
2026-07-16 07:00:00,QLD1,,7297.57,,77.213
2026-07-16 07:00:00,SA1,,1679.57,,0.0
2026-07-16 07:00:00,TAS1,,1307.0,,0.0
2026-07-16 07:00:00,VIC1,,6674.33,,0.0
2026-07-16 07:30:00,NSW1,,10275.77,,106.084
2026-07-16 07:30:00,QLD1,,7434.36,,242.105
2026-07-16 07:30:00,SA1,,1805.06,,0.0
2026-07-16 07:30:00,TAS1,,1354.0,,0.0
2026-07-16 07:30:00,VIC1,,7148.05,,0.0
2026-07-16 08:00:00,NSW1,,10246.33,,385.639
2026-07-16 08:00:00,QLD1,,7230.15,,697.845
2026-07-16 08:00:00,SA1,,1977.08,,0.0
2026-07-16 08:00:00,TAS1,,1391.0,,3.365
2026-07-16 08:00:00,VIC1,,7461.18,,17.298
2026-07-16 08:30:00,NSW1,,9989.3,1002.365,881.301
2026-07-16 08:30:00,QLD1,,6872.77,1624.166,1273.163
2026-07-16 08:30:00,SA1,,2037.5,127.823,37.737
2026-07-16 08:30:00,TAS1,,1400.0,23.984,15.707
2026-07-16 08:30:00,VIC1,,7574.04,323.861,99.036
2026-07-16 09:00:00,NSW1,,9552.5,1383.888,1431.957
2026-07-16 09:00:00,QLD1,,6443.29,2145.729,1829.032
2026-07-16 09:00:00,SA1,,1967.39,301.11,185.924
2026-07-16 09:00:00,TAS1,,1379.0,44.769,40.195
2026-07-16 09:00:00,VIC1,,7462.58,504.622,276.269
2026-07-16 09:30:00,NSW1,,9507.94,,1707.218
2026-07-16 09:30:00,QLD1,,5508.2,,2699.935
2026-07-16 09:30:00,SA1,,1892.09,,357.168
2026-07-16 09:30:00,TAS1,,1342.0,,59.125
2026-07-16 09:30:00,VIC1,,7339.73,,607.886
2026-07-16 09:40:00,NSW1,9337.32,,,
2026-07-16 09:40:00,QLD1,5158.22,,,
2026-07-16 09:40:00,SA1,1628.56,,,
2026-07-16 09:40:00,TAS1,1299.71,,,
2026-07-16 09:40:00,VIC1,7181.92,,,
2026-07-16 09:45:00,NSW1,9261.89,,,
2026-07-16 09:45:00,QLD1,5121.51,,,
2026-07-16 09:45:00,SA1,1584.88,,,
2026-07-16 09:45:00,TAS1,1302.03,,,
2026-07-16 09:45:00,VIC1,7039.14,,,
2026-07-16 10:00:00,NSW1,,9133.89,,2126.566
2026-07-16 10:00:00,QLD1,,5174.76,,3142.207
2026-07-16 10:00:00,SA1,,1685.22,,547.155
2026-07-16 10:00:00,TAS1,,1281.0,,90.746
2026-07-16 10:00:00,VIC1,,7193.37,,735.321
2026-07-16 10:30:00,NSW1,,8814.73,,2436.051
2026-07-16 10:30:00,QLD1,,4923.94,,3400.081
2026-07-16 10:30:00,SA1,,1492.18,,755.783
2026-07-16 10:30:00,TAS1,,1245.0,,113.04
2026-07-16 10:30:00,VIC1,,6913.83,,910.539
2026-07-16 11:00:00,NSW1,,8510.16,,2656.225
2026-07-16 11:00:00,QLD1,,4730.31,,3571.578
2026-07-16 11:00:00,SA1,,1287.81,,937.665
2026-07-16 11:00:00,TAS1,,1204.0,,130.542
2026-07-16 11:00:00,VIC1,,6637.63,,1041.31
2026-07-16 11:30:00,NSW1,,8227.93,,2779.035
2026-07-16 11:30:00,QLD1,,4713.32,,3677.622
2026-07-16 11:30:00,SA1,,1091.12,,1087.994
2026-07-16 11:30:00,TAS1,,1166.0,,143.029
2026-07-16 11:30:00,VIC1,,6502.35,,1122.309
2026-07-16 12:00:00,NSW1,,7990.06,,2841.604
2026-07-16 12:00:00,QLD1,,4723.5,,3708.985
2026-07-16 12:00:00,SA1,,956.86,,1207.245
2026-07-16 12:00:00,TAS1,,1135.0,,150.32
2026-07-16 12:00:00,VIC1,,6352.77,,1175.391
2026-07-16 12:30:00,NSW1,,7796.9,,2743.838
2026-07-16 12:30:00,QLD1,,4739.66,,3674.326
2026-07-16 12:30:00,SA1,,845.45,,1292.339
2026-07-16 12:30:00,TAS1,,1111.0,,162.044
2026-07-16 12:30:00,VIC1,,6180.55,,1191.082
2026-07-16 13:00:00,NSW1,,7670.89,,2700.547
2026-07-16 13:00:00,QLD1,,4738.71,,3541.915
2026-07-16 13:00:00,SA1,,752.63,,1336.236
2026-07-16 13:00:00,TAS1,,1095.0,,163.374
2026-07-16 13:00:00,VIC1,,6099.66,,1236.393
2026-07-16 13:30:00,NSW1,,7629.52,,2576.904
2026-07-16 13:30:00,QLD1,,4840.17,,3337.969
2026-07-16 13:30:00,SA1,,684.23,,1333.474
2026-07-16 13:30:00,TAS1,,1096.0,,158.885
2026-07-16 13:30:00,VIC1,,6149.36,,1239.386
2026-07-16 14:00:00,NSW1,,7665.73,,2386.705
2026-07-16 14:00:00,QLD1,,4982.78,,3053.908
2026-07-16 14:00:00,SA1,,659.38,,1299.199
2026-07-16 14:00:00,TAS1,,1101.0,,148.699
2026-07-16 14:00:00,VIC1,,6239.87,,1198.077
2026-07-16 14:30:00,NSW1,,7790.91,,2109.375
2026-07-16 14:30:00,QLD1,,5218.78,,2696.738
2026-07-16 14:30:00,SA1,,626.61,,1230.344
2026-07-16 14:30:00,TAS1,,1117.0,,131.428
2026-07-16 14:30:00,VIC1,,6248.74,,1104.363
2026-07-16 15:00:00,NSW1,,7996.84,,1757.676
2026-07-16 15:00:00,QLD1,,5715.77,,1933.929
2026-07-16 15:00:00,SA1,,670.19,,1112.332
2026-07-16 15:00:00,TAS1,,1131.0,,102.898
2026-07-16 15:00:00,VIC1,,6323.94,,969.954
2026-07-16 15:30:00,NSW1,,8361.0,,1335.455
2026-07-16 15:30:00,QLD1,,6146.44,,1500.741
2026-07-16 15:30:00,SA1,,757.1,,958.743
2026-07-16 15:30:00,TAS1,,1153.0,,75.613
2026-07-16 15:30:00,VIC1,,6435.78,,767.52
2026-07-16 16:00:00,NSW1,,8829.82,,877.162
2026-07-16 16:00:00,QLD1,,6580.0,,1029.535
2026-07-16 16:00:00,SA1,,907.93,,766.852
2026-07-16 16:00:00,TAS1,,1184.0,,46.758
2026-07-16 16:00:00,VIC1,,6648.33,,522.347
2026-07-16 16:30:00,NSW1,,9316.86,448.429,410.4
2026-07-16 16:30:00,QLD1,,7080.27,723.48,579.967
2026-07-16 16:30:00,SA1,,1090.77,470.474,539.953
2026-07-16 16:30:00,TAS1,,1219.0,16.699,18.438
2026-07-16 16:30:00,VIC1,,6953.55,393.953,265.819
2026-07-16 17:00:00,NSW1,,10088.1,137.815,48.508
2026-07-16 17:00:00,QLD1,,7017.59,285.024,240.745
2026-07-16 17:00:00,SA1,,1279.53,278.816,307.443
2026-07-16 17:00:00,TAS1,,1213.0,3.61,1.797
2026-07-16 17:00:00,VIC1,,6991.08,144.242,56.083
2026-07-16 17:30:00,NSW1,10842.42,10809.68,,0.0
2026-07-16 17:30:00,QLD1,7722.77,7516.13,,66.358
2026-07-16 17:30:00,SA1,1750.13,1555.09,,38.837
2026-07-16 17:30:00,TAS1,1343.55,1296.0,,0.0
2026-07-16 17:30:00,VIC1,7697.1,7470.44,,0.0
2026-07-16 17:35:00,NSW1,10843.12,,,
2026-07-16 17:35:00,QLD1,7811.03,,,
2026-07-16 17:35:00,SA1,1758.15,,,
2026-07-16 17:35:00,TAS1,1351.87,,,
2026-07-16 17:35:00,VIC1,7756.91,,,
2026-07-16 18:00:00,NSW1,,11218.39,,0.0
2026-07-16 18:00:00,QLD1,,7887.34,,0.0
2026-07-16 18:00:00,SA1,,1830.37,,4.866
2026-07-16 18:00:00,TAS1,,1347.0,,0.0
2026-07-16 18:00:00,VIC1,,7776.77,,0.0
2026-07-16 18:30:00,NSW1,,11168.32,0.0,0.0
2026-07-16 18:30:00,QLD1,,8044.03,0.0,0.0
2026-07-16 18:30:00,SA1,,2001.17,0.0,0.0
2026-07-16 18:30:00,TAS1,,1360.0,0.0,0.0
2026-07-16 18:30:00,VIC1,,7884.03,0.0,0.0
2026-07-16 19:00:00,NSW1,,11059.73,0.0,0.0
2026-07-16 19:00:00,QLD1,,8016.12,0.0,0.0
2026-07-16 19:00:00,SA1,,2077.39,0.0,0.0
2026-07-16 19:00:00,TAS1,,1361.0,0.0,0.0
2026-07-16 19:00:00,VIC1,,7865.74,0.0,0.0
2026-07-16 19:30:00,NSW1,,10909.13,,0.0
2026-07-16 19:30:00,QLD1,,7748.78,,0.0
2026-07-16 19:30:00,SA1,,2120.87,,0.0
2026-07-16 19:30:00,TAS1,,1344.0,,0.0
2026-07-16 19:30:00,VIC1,,7768.68,,0.0
2026-07-16 19:35:00,NSW1,10745.91,,,
2026-07-16 19:35:00,QLD1,7737.54,,,
2026-07-16 19:35:00,SA1,2125.93,,,
2026-07-16 19:35:00,TAS1,1365.2,,,
2026-07-16 19:35:00,VIC1,7717.78,,,
2026-07-16 19:40:00,NSW1,10759.05,,,
2026-07-16 19:40:00,QLD1,7731.76,,,
2026-07-16 19:40:00,SA1,2106.81,,,
2026-07-16 19:40:00,TAS1,1366.16,,,
2026-07-16 19:40:00,VIC1,7703.99,,,
2026-07-16 20:00:00,NSW1,,10704.07,0.0,0.0
2026-07-16 20:00:00,QLD1,,7707.98,0.0,0.0
2026-07-16 20:00:00,SA1,,2132.31,0.0,0.0
2026-07-16 20:00:00,TAS1,,1341.0,0.0,0.0
2026-07-16 20:00:00,VIC1,,7639.46,0.0,0.0
2026-07-16 20:30:00,NSW1,,10526.24,0.0,0.0
2026-07-16 20:30:00,QLD1,,7580.29,0.0,0.0
2026-07-16 20:30:00,SA1,,2108.25,0.0,0.0
2026-07-16 20:30:00,TAS1,,1334.0,0.0,0.0
2026-07-16 20:30:00,VIC1,,7475.1,0.0,0.0
2026-07-16 21:00:00,NSW1,,10390.51,,0.0
2026-07-16 21:00:00,QLD1,,7328.56,,0.0
2026-07-16 21:00:00,SA1,,2084.44,,0.0
2026-07-16 21:00:00,TAS1,,1312.0,,0.0
2026-07-16 21:00:00,VIC1,,7420.77,,0.0
2026-07-16 21:15:00,NSW1,10183.45,,,
2026-07-16 21:15:00,QLD1,7387.52,,,
2026-07-16 21:15:00,SA1,2060.6,,,
2026-07-16 21:15:00,TAS1,1319.1,,,
2026-07-16 21:15:00,VIC1,7152.09,,,
2026-07-16 21:20:00,NSW1,10075.44,,,
2026-07-16 21:20:00,QLD1,7274.88,,,
2026-07-16 21:20:00,SA1,2064.41,,,
2026-07-16 21:20:00,TAS1,1308.87,,,
2026-07-16 21:20:00,VIC1,7109.73,,,
2026-07-16 21:30:00,NSW1,,10148.41,0.0,0.0
2026-07-16 21:30:00,QLD1,,7329.39,0.0,0.0
2026-07-16 21:30:00,SA1,,2040.13,0.0,0.0
2026-07-16 21:30:00,TAS1,,1294.0,0.0,0.0
2026-07-16 21:30:00,VIC1,,7198.4,0.0,0.0
2026-07-16 22:00:00,NSW1,,9781.22,0.0,0.0
2026-07-16 22:00:00,QLD1,,7105.27,0.0,0.0
2026-07-16 22:00:00,SA1,,1959.99,0.0,0.0
2026-07-16 22:00:00,TAS1,,1258.0,0.0,0.0
2026-07-16 22:00:00,VIC1,,6917.66,0.0,0.0
2026-07-16 22:30:00,NSW1,,9563.8,,0.0
2026-07-16 22:30:00,QLD1,,6950.69,,0.0
2026-07-16 22:30:00,SA1,,1913.36,,0.0
2026-07-16 22:30:00,TAS1,,1225.0,,0.0
2026-07-16 22:30:00,VIC1,,6623.18,,0.0
2026-07-16 22:50:00,NSW1,9196.16,,,
2026-07-16 22:50:00,QLD1,6533.61,,,
2026-07-16 22:50:00,SA1,1764.11,,,
2026-07-16 22:50:00,TAS1,1207.57,,,
2026-07-16 22:50:00,VIC1,6210.39,,,
2026-07-16 22:55:00,NSW1,9111.3,,,
2026-07-16 22:55:00,QLD1,6480.07,,,
2026-07-16 22:55:00,SA1,1752.88,,,
2026-07-16 22:55:00,TAS1,1191.85,,,
2026-07-16 22:55:00,VIC1,6246.99,,,
2026-07-16 23:00:00,NSW1,,9275.09,,0.0
2026-07-16 23:00:00,QLD1,,6657.6,,0.0
2026-07-16 23:00:00,SA1,,1777.19,,0.0
2026-07-16 23:00:00,TAS1,,1188.0,,0.0
2026-07-16 23:00:00,VIC1,,6328.35,,0.0
2026-07-16 23:30:00,NSW1,,9000.43,0.0,0.0
2026-07-16 23:30:00,QLD1,,6426.89,0.0,0.0
2026-07-16 23:30:00,SA1,,1677.62,0.0,0.0
2026-07-16 23:30:00,TAS1,,1157.0,0.0,0.0
2026-07-16 23:30:00,VIC1,,6230.16,0.0,0.0
2026-07-17 00:00:00,NSW1,,8765.59,0.0,0.0
2026-07-17 00:00:00,QLD1,,6238.85,0.0,0.0
2026-07-17 00:00:00,SA1,,1654.52,0.0,0.0
2026-07-17 00:00:00,TAS1,,1136.0,0.0,0.0
2026-07-17 00:00:00,VIC1,,6093.87,0.0,0.0
2026-07-17 00:30:00,NSW1,,8484.03,,0.0
2026-07-17 00:30:00,QLD1,,6024.12,,0.0
2026-07-17 00:30:00,SA1,,1640.05,,0.0
2026-07-17 00:30:00,TAS1,,1109.0,,0.0
2026-07-17 00:30:00,VIC1,,5877.83,,0.0
2026-07-17 00:50:00,NSW1,8498.99,,,
2026-07-17 00:50:00,QLD1,5840.44,,,
2026-07-17 00:50:00,SA1,1660.47,,,
2026-07-17 00:50:00,TAS1,1114.76,,,
2026-07-17 00:50:00,VIC1,5662.5,,,
2026-07-17 00:55:00,NSW1,8401.05,,,
2026-07-17 00:55:00,QLD1,5749.94,,,
2026-07-17 00:55:00,SA1,1648.88,,,
2026-07-17 00:55:00,TAS1,1120.07,,,
2026-07-17 00:55:00,VIC1,5678.47,,,
2026-07-17 01:00:00,NSW1,,8452.64,0.0,0.0
2026-07-17 01:00:00,QLD1,,5902.17,0.0,0.0
2026-07-17 01:00:00,SA1,,1667.45,0.0,0.0
2026-07-17 01:00:00,TAS1,,1089.0,0.0,0.0
2026-07-17 01:00:00,VIC1,,5711.11,0.0,0.0
2026-07-17 01:30:00,NSW1,,8248.99,0.0,0.0
2026-07-17 01:30:00,QLD1,,5800.72,0.0,0.0
2026-07-17 01:30:00,SA1,,1636.6,0.0,0.0
2026-07-17 01:30:00,TAS1,,1084.0,0.0,0.0
2026-07-17 01:30:00,VIC1,,5557.69,0.0,0.0
2026-07-17 02:00:00,NSW1,7833.54,7930.3,,0.0
2026-07-17 02:00:00,QLD1,5668.79,5699.36,,0.0
2026-07-17 02:00:00,SA1,1599.43,1594.0,,0.0
2026-07-17 02:00:00,TAS1,1105.77,1073.0,,0.0
2026-07-17 02:00:00,VIC1,5392.71,5415.06,,0.0
2026-07-17 02:05:00,NSW1,7741.3,,,
2026-07-17 02:05:00,QLD1,5674.98,,,
2026-07-17 02:05:00,SA1,1583.44,,,
2026-07-17 02:05:00,TAS1,1104.81,,,
2026-07-17 02:05:00,VIC1,5372.68,,,
2026-07-17 02:30:00,NSW1,,7706.23,0.0,0.0
2026-07-17 02:30:00,QLD1,,5637.19,0.0,0.0
2026-07-17 02:30:00,SA1,,1559.65,0.0,0.0
2026-07-17 02:30:00,TAS1,,1076.0,0.0,0.0
2026-07-17 02:30:00,VIC1,,5298.98,0.0,0.0
2026-07-17 03:00:00,NSW1,,7580.14,0.0,0.0
2026-07-17 03:00:00,QLD1,,5639.23,0.0,0.0
2026-07-17 03:00:00,SA1,,1521.25,0.0,0.0
2026-07-17 03:00:00,TAS1,,1080.0,0.0,0.0
2026-07-17 03:00:00,VIC1,,5221.82,0.0,0.0
2026-07-17 03:30:00,NSW1,,7444.62,0.0,0.0
2026-07-17 03:30:00,QLD1,,5627.23,0.0,0.0
2026-07-17 03:30:00,SA1,,1522.3,0.0,0.0
2026-07-17 03:30:00,TAS1,,1081.0,0.0,0.0
2026-07-17 03:30:00,VIC1,,5203.95,0.0,0.0
2026-07-17 03:35:00,NSW1,7478.47,,,
2026-07-17 03:35:00,QLD1,5598.25,,,
2026-07-17 03:35:00,SA1,1497.04,,,
2026-07-17 03:35:00,TAS1,1095.14,,,
2026-07-17 03:35:00,VIC1,5175.51,,,
2026-07-17 03:40:00,NSW1,7395.47,,,
2026-07-17 03:40:00,QLD1,5639.05,,,
2026-07-17 03:40:00,SA1,1502.17,,,
2026-07-17 03:40:00,TAS1,1095.04,,,
2026-07-17 03:40:00,VIC1,5133.68,,,
2026-07-17 04:00:00,NSW1,,7381.1,0.0,0.0
2026-07-17 04:00:00,QLD1,,5652.67,0.0,0.0
2026-07-17 04:00:00,SA1,,1508.73,0.0,0.0
2026-07-17 04:00:00,TAS1,,1080.0,0.0,0.0
2026-07-17 04:00:00,VIC1,,5179.38,0.0,0.0
2026-07-17 04:30:00,NSW1,,7459.76,0.0,0.0
2026-07-17 04:30:00,QLD1,,5719.74,0.0,0.0
2026-07-17 04:30:00,SA1,,1489.56,0.0,0.0
2026-07-17 04:30:00,TAS1,,1084.0,0.0,0.0
2026-07-17 04:30:00,VIC1,,5251.18,0.0,0.0
2026-07-17 04:40:00,NSW1,7536.64,,,
2026-07-17 04:40:00,QLD1,5830.19,,,
2026-07-17 04:40:00,SA1,1488.1,,,
2026-07-17 04:40:00,TAS1,1115.38,,,
2026-07-17 04:40:00,VIC1,5241.49,,,
2026-07-17 04:45:00,NSW1,7593.11,,,
2026-07-17 04:45:00,QLD1,5823.17,,,
2026-07-17 04:45:00,SA1,1514.18,,,
2026-07-17 04:45:00,TAS1,1118.28,,,
2026-07-17 04:45:00,VIC1,5262.18,,,
2026-07-17 05:00:00,NSW1,,7556.42,0.0,0.0
2026-07-17 05:00:00,QLD1,,5877.44,0.0,0.0
2026-07-17 05:00:00,SA1,,1482.5,0.0,0.0
2026-07-17 05:00:00,TAS1,,1097.0,0.0,0.0
2026-07-17 05:00:00,VIC1,,5322.75,0.0,0.0
2026-07-17 05:30:00,NSW1,,7925.12,0.0,0.0
2026-07-17 05:30:00,QLD1,,6087.67,0.0,0.0
2026-07-17 05:30:00,SA1,,1522.56,0.0,0.0
2026-07-17 05:30:00,TAS1,,1125.0,0.0,0.0
2026-07-17 05:30:00,VIC1,,5511.15,0.0,0.0
2026-07-17 05:45:00,NSW1,8243.0,,,
2026-07-17 05:45:00,QLD1,6366.64,,,
2026-07-17 05:45:00,SA1,1592.12,,,
2026-07-17 05:45:00,TAS1,1191.85,,,
2026-07-17 05:45:00,VIC1,5688.61,,,
2026-07-17 05:50:00,NSW1,8277.27,,,
2026-07-17 05:50:00,QLD1,6325.88,,,
2026-07-17 05:50:00,SA1,1597.18,,,
2026-07-17 05:50:00,TAS1,1195.86,,,
2026-07-17 05:50:00,VIC1,5781.49,,,
2026-07-17 06:00:00,NSW1,,8179.22,0.0,0.0
2026-07-17 06:00:00,QLD1,,6334.79,0.0,0.0
2026-07-17 06:00:00,SA1,,1558.49,0.0,0.0
2026-07-17 06:00:00,TAS1,,1163.0,0.0,0.0
2026-07-17 06:00:00,VIC1,,5763.8,0.0,0.0
2026-07-17 06:30:00,NSW1,8945.54,8782.71,0.0,0.0
2026-07-17 06:30:00,QLD1,6960.16,6768.6,0.015,0.0
2026-07-17 06:30:00,SA1,1653.16,1620.55,0.0,0.0
2026-07-17 06:30:00,TAS1,1288.24,1230.0,0.0,0.0
2026-07-17 06:30:00,VIC1,6401.56,6286.98,0.0,0.0
2026-07-17 06:35:00,NSW1,9010.69,,,
2026-07-17 06:35:00,QLD1,7089.81,,,
2026-07-17 06:35:00,SA1,1667.82,,,
2026-07-17 06:35:00,TAS1,1294.54,,,
2026-07-17 06:35:00,VIC1,6544.13,,,
2026-07-17 07:00:00,NSW1,,9367.47,27.024,0.0
2026-07-17 07:00:00,QLD1,,7080.4,94.925,76.63
2026-07-17 07:00:00,SA1,,1737.29,0.0,0.0
2026-07-17 07:00:00,TAS1,,1285.0,0.0,0.0
2026-07-17 07:00:00,VIC1,,6769.87,0.0,0.0
2026-07-17 07:30:00,NSW1,,9661.28,232.058,111.644
2026-07-17 07:30:00,QLD1,,7340.55,443.433,226.267
2026-07-17 07:30:00,SA1,,1785.82,0.0,0.0
2026-07-17 07:30:00,TAS1,,1339.0,0.112,0.0
2026-07-17 07:30:00,VIC1,,7308.59,6.258,0.0
2026-07-17 07:35:00,NSW1,9900.47,,,
2026-07-17 07:35:00,QLD1,7463.26,,,
2026-07-17 07:35:00,SA1,1941.03,,,
2026-07-17 07:35:00,TAS1,1382.46,,,
2026-07-17 07:35:00,VIC1,7576.18,,,
2026-07-17 07:40:00,NSW1,9989.54,,,
2026-07-17 07:40:00,QLD1,7313.33,,,
2026-07-17 07:40:00,SA1,1965.34,,,
2026-07-17 07:40:00,TAS1,1384.88,,,
2026-07-17 07:40:00,VIC1,7758.65,,,
2026-07-17 08:00:00,NSW1,,9918.44,583.689,341.374
2026-07-17 08:00:00,QLD1,,7341.54,889.401,623.676
2026-07-17 08:00:00,SA1,,1930.25,21.183,0.0
2026-07-17 08:00:00,TAS1,,1379.0,5.484,4.364
2026-07-17 08:00:00,VIC1,,7727.7,134.755,47.761
2026-07-17 08:30:00,NSW1,9821.84,9943.77,988.741,752.304
2026-07-17 08:30:00,QLD1,6598.61,6910.56,1354.572,945.366
2026-07-17 08:30:00,SA1,2099.27,2064.69,128.571,42.013
2026-07-17 08:30:00,TAS1,1424.35,1391.0,19.259,15.014
2026-07-17 08:30:00,VIC1,7637.94,7881.21,403.781,198.539
2026-07-17 08:35:00,NSW1,9671.87,,,
2026-07-17 08:35:00,QLD1,6560.58,,,
2026-07-17 08:35:00,SA1,2090.01,,,
2026-07-17 08:35:00,TAS1,1402.49,,,
2026-07-17 08:35:00,VIC1,7615.53,,,
2026-07-17 09:00:00,NSW1,,9510.51,,1258.11
2026-07-17 09:00:00,QLD1,,6417.8,,1740.392
2026-07-17 09:00:00,SA1,,2086.63,,197.097
2026-07-17 09:00:00,TAS1,,1384.0,,36.043
2026-07-17 09:00:00,VIC1,,7568.76,,516.585
2026-07-17 09:30:00,NSW1,9215.5,9193.11,1695.524,1590.689
2026-07-17 09:30:00,QLD1,6011.52,5948.47,2172.126,2193.263
2026-07-17 09:30:00,SA1,1804.32,2005.17,500.741,412.283
2026-07-17 09:30:00,TAS1,1321.45,1320.0,50.358,54.849
2026-07-17 09:30:00,VIC1,6636.48,7041.82,1046.385,846.142
2026-07-17 09:35:00,NSW1,9221.01,,,
2026-07-17 09:35:00,QLD1,5993.02,,,
2026-07-17 09:35:00,SA1,1767.87,,,
2026-07-17 09:35:00,TAS1,1301.62,,,
2026-07-17 09:35:00,VIC1,6483.49,,,
2026-07-17 10:00:00,NSW1,,8895.73,1974.169,1951.909
2026-07-17 10:00:00,QLD1,,5625.04,2160.701,2554.082
2026-07-17 10:00:00,SA1,,1809.58,685.846,635.914
2026-07-17 10:00:00,TAS1,,1286.0,60.937,75.99
2026-07-17 10:00:00,VIC1,,6661.48,1345.795,1243.917
2026-07-17 10:30:00,NSW1,,8745.22,,2238.408
2026-07-17 10:30:00,QLD1,,5386.38,,2681.16
2026-07-17 10:30:00,SA1,,1479.11,,821.565
2026-07-17 10:30:00,TAS1,,1251.0,,113.36
2026-07-17 10:30:00,VIC1,,6285.31,,1742.942
2026-07-17 11:00:00,NSW1,8376.39,8543.03,,2399.999
2026-07-17 11:00:00,QLD1,5629.78,5664.32,,2913.726
2026-07-17 11:00:00,SA1,1254.71,1360.11,,1000.235
2026-07-17 11:00:00,TAS1,1261.08,1239.0,,123.778
2026-07-17 11:00:00,VIC1,5455.78,5707.62,,2011.801
2026-07-17 11:05:00,NSW1,8397.92,,,
2026-07-17 11:05:00,QLD1,5604.18,,,
2026-07-17 11:05:00,SA1,1229.78,,,
2026-07-17 11:05:00,TAS1,1253.94,,,
2026-07-17 11:05:00,VIC1,5411.83,,,
2026-07-17 11:30:00,NSW1,,8180.99,,2557.418
2026-07-17 11:30:00,QLD1,,5531.05,,3083.969
2026-07-17 11:30:00,SA1,,1262.5,,1144.185
2026-07-17 11:30:00,TAS1,,1231.0,,130.767
2026-07-17 11:30:00,VIC1,,5405.15,,2207.694
2026-07-17 12:00:00,NSW1,,8001.34,,2644.763
2026-07-17 12:00:00,QLD1,,5435.56,,3195.988
2026-07-17 12:00:00,SA1,,1087.2,,1252.175
2026-07-17 12:00:00,TAS1,,1206.0,,132.885
2026-07-17 12:00:00,VIC1,,5185.15,,2336.535
2026-07-17 12:30:00,NSW1,,7924.84,,2684.535
2026-07-17 12:30:00,QLD1,,5237.81,,3245.994
2026-07-17 12:30:00,SA1,,863.46,,1328.994
2026-07-17 12:30:00,TAS1,,1180.0,,131.488
2026-07-17 12:30:00,VIC1,,4932.07,,2424.572
2026-07-17 13:00:00,NSW1,,7823.86,2367.676,2641.555
2026-07-17 13:00:00,QLD1,,5079.05,2533.543,3196.355
2026-07-17 13:00:00,SA1,,707.85,1286.839,1365.261
2026-07-17 13:00:00,TAS1,,1161.0,69.504,128.542
2026-07-17 13:00:00,VIC1,,4770.98,2167.449,2441.592
2026-07-17 13:30:00,NSW1,,7763.43,2258.59,2439.732
2026-07-17 13:30:00,QLD1,,5051.67,2263.602,3225.357
2026-07-17 13:30:00,SA1,,618.74,1269.321,1368.578
2026-07-17 13:30:00,TAS1,,1155.0,60.403,127.317
2026-07-17 13:30:00,VIC1,,4733.83,2081.064,2415.506
2026-07-17 14:00:00,NSW1,,8323.51,,2277.12
2026-07-17 14:00:00,QLD1,,5467.55,,2806.662
2026-07-17 14:00:00,SA1,,692.2,,1316.703
2026-07-17 14:00:00,TAS1,,1169.0,,79.221
2026-07-17 14:00:00,VIC1,,4713.56,,2284.929
2026-07-17 14:15:00,NSW1,8235.4,,,
2026-07-17 14:15:00,QLD1,5605.6,,,
2026-07-17 14:15:00,SA1,688.08,,,
2026-07-17 14:15:00,TAS1,1226.94,,,
2026-07-17 14:15:00,VIC1,4617.66,,,
2026-07-17 14:20:00,NSW1,8200.79,,,
2026-07-17 14:20:00,QLD1,5670.04,,,
2026-07-17 14:20:00,SA1,681.17,,,
2026-07-17 14:20:00,TAS1,1224.54,,,
2026-07-17 14:20:00,VIC1,4668.04,,,
2026-07-17 14:30:00,NSW1,,8238.77,,1987.588
2026-07-17 14:30:00,QLD1,,5533.14,,2469.635
2026-07-17 14:30:00,SA1,,672.02,,1247.656
2026-07-17 14:30:00,TAS1,,1204.0,,67.945
2026-07-17 14:30:00,VIC1,,4777.41,,2019.814
2026-07-17 15:00:00,NSW1,,8448.16,1526.313,1647.27
2026-07-17 15:00:00,QLD1,,5765.28,1356.641,2095.966
2026-07-17 15:00:00,SA1,,732.4,998.846,1133.494
2026-07-17 15:00:00,TAS1,,1212.0,39.782,55.716
2026-07-17 15:00:00,VIC1,,4967.2,1470.196,1744.708
2026-07-17 15:30:00,NSW1,,8766.23,1151.104,1237.594
2026-07-17 15:30:00,QLD1,,6075.43,1033.64,1657.834
2026-07-17 15:30:00,SA1,,831.9,846.536,986.522
2026-07-17 15:30:00,TAS1,,1226.0,34.052,40.532
2026-07-17 15:30:00,VIC1,,5184.53,1165.261,1391.605
2026-07-17 16:00:00,NSW1,,9094.46,,796.831
2026-07-17 16:00:00,QLD1,,6435.12,,1156.047
2026-07-17 16:00:00,SA1,,914.05,,777.675
2026-07-17 16:00:00,TAS1,,1229.0,,26.735
2026-07-17 16:00:00,VIC1,,5404.4,,960.84
2026-07-17 16:25:00,NSW1,9593.15,,,
2026-07-17 16:25:00,QLD1,6835.17,,,
2026-07-17 16:25:00,SA1,1139.02,,,
2026-07-17 16:25:00,TAS1,1278.06,,,
2026-07-17 16:25:00,VIC1,6134.5,,,
2026-07-17 16:30:00,NSW1,9760.31,9493.09,,123.438
2026-07-17 16:30:00,QLD1,6888.1,6832.81,,701.029
2026-07-17 16:30:00,SA1,1185.86,1070.7,,550.571
2026-07-17 16:30:00,TAS1,1283.03,1246.0,,3.059
2026-07-17 16:30:00,VIC1,6261.64,5971.78,,344.201
2026-07-17 17:00:00,NSW1,,9919.51,,24.327
2026-07-17 17:00:00,QLD1,,7204.78,,296.843
2026-07-17 17:00:00,SA1,,1344.32,,302.306
2026-07-17 17:00:00,TAS1,,1287.0,,0.681
2026-07-17 17:00:00,VIC1,,6420.72,,48.924
2026-07-17 17:30:00,NSW1,,10223.8,4.626,0.0
2026-07-17 17:30:00,QLD1,,7530.98,60.653,60.191
2026-07-17 17:30:00,SA1,,1559.6,112.148,51.819
2026-07-17 17:30:00,TAS1,,1330.0,0.0,0.0
2026-07-17 17:30:00,VIC1,,6829.86,18.675,0.0
2026-07-17 18:00:00,NSW1,,10615.02,0.0,0.0
2026-07-17 18:00:00,QLD1,,7840.54,8.066,0.0
2026-07-17 18:00:00,SA1,,1761.44,15.622,0.0
2026-07-17 18:00:00,TAS1,,1361.0,0.0,0.0
2026-07-17 18:00:00,VIC1,,7264.52,0.0,0.0
2026-07-17 18:30:00,NSW1,,10634.45,,0.0
2026-07-17 18:30:00,QLD1,,7670.37,,0.0
2026-07-17 18:30:00,SA1,,1902.75,,0.0
2026-07-17 18:30:00,TAS1,,1346.0,,0.0
2026-07-17 18:30:00,VIC1,,7591.72,,0.0
2026-07-17 18:35:00,NSW1,10668.52,,,
2026-07-17 18:35:00,QLD1,7634.58,,,
2026-07-17 18:35:00,SA1,2027.48,,,
2026-07-17 18:35:00,TAS1,1363.95,,,
2026-07-17 18:35:00,VIC1,7615.63,,,
2026-07-17 18:40:00,NSW1,10631.66,,,
2026-07-17 18:40:00,QLD1,7667.56,,,
2026-07-17 18:40:00,SA1,2058.21,,,
2026-07-17 18:40:00,TAS1,1363.57,,,
2026-07-17 18:40:00,VIC1,7659.31,,,
2026-07-17 19:00:00,NSW1,,10638.69,0.0,0.0
2026-07-17 19:00:00,QLD1,,7652.08,0.0,0.0
2026-07-17 19:00:00,SA1,,2018.48,0.0,0.0
2026-07-17 19:00:00,TAS1,,1327.0,0.0,0.0
2026-07-17 19:00:00,VIC1,,7575.55,0.0,0.0
2026-07-17 19:30:00,NSW1,,10453.54,0.0,0.0
2026-07-17 19:30:00,QLD1,,7528.17,0.0,0.0
2026-07-17 19:30:00,SA1,,2045.62,0.0,0.0
2026-07-17 19:30:00,TAS1,,1313.0,0.0,0.0
2026-07-17 19:30:00,VIC1,,7511.76,0.0,0.0
2026-07-17 20:00:00,NSW1,,10292.49,,0.0
2026-07-17 20:00:00,QLD1,,7427.25,,0.0
2026-07-17 20:00:00,SA1,,2073.69,,0.0
2026-07-17 20:00:00,TAS1,,1303.0,,0.0
2026-07-17 20:00:00,VIC1,,7461.88,,0.0
2026-07-17 20:20:00,NSW1,10075.29,,,
2026-07-17 20:20:00,QLD1,7293.21,,,
2026-07-17 20:20:00,SA1,2033.05,,,
2026-07-17 20:20:00,TAS1,1306.9,,,
2026-07-17 20:20:00,VIC1,7437.0,,,
2026-07-17 20:25:00,NSW1,10119.69,,,
2026-07-17 20:25:00,QLD1,7223.21,,,
2026-07-17 20:25:00,SA1,2067.56,,,
2026-07-17 20:25:00,TAS1,1311.37,,,
2026-07-17 20:25:00,VIC1,7459.68,,,
2026-07-17 20:30:00,NSW1,,10150.05,0.0,0.0
2026-07-17 20:30:00,QLD1,,7249.47,0.0,0.0
2026-07-17 20:30:00,SA1,,2062.53,0.0,0.0
2026-07-17 20:30:00,TAS1,,1296.0,0.0,0.0
2026-07-17 20:30:00,VIC1,,7417.65,0.0,0.0
2026-07-17 21:00:00,NSW1,,9993.07,0.0,0.0
2026-07-17 21:00:00,QLD1,,7195.45,0.0,0.0
2026-07-17 21:00:00,SA1,,2046.77,0.0,0.0
2026-07-17 21:00:00,TAS1,,1282.0,0.0,0.0
2026-07-17 21:00:00,VIC1,,7272.19,0.0,0.0
2026-07-17 21:30:00,NSW1,,9760.75,0.0,0.0
2026-07-17 21:30:00,QLD1,,7109.89,0.0,0.0
2026-07-17 21:30:00,SA1,,2011.93,0.0,0.0
2026-07-17 21:30:00,TAS1,,1249.0,0.0,0.0
2026-07-17 21:30:00,VIC1,,7175.79,0.0,0.0
2026-07-17 21:40:00,NSW1,9690.13,,,
2026-07-17 21:40:00,QLD1,7088.97,,,
2026-07-17 21:40:00,SA1,1960.7,,,
2026-07-17 21:40:00,TAS1,1229.75,,,
2026-07-17 21:40:00,VIC1,7015.32,,,
2026-07-17 21:45:00,NSW1,9585.19,,,
2026-07-17 21:45:00,QLD1,7070.32,,,
2026-07-17 21:45:00,SA1,1955.12,,,
2026-07-17 21:45:00,TAS1,1223.65,,,
2026-07-17 21:45:00,VIC1,7018.22,,,
2026-07-17 22:00:00,NSW1,,9499.59,0.0,0.0
2026-07-17 22:00:00,QLD1,,7035.27,0.0,0.0
2026-07-17 22:00:00,SA1,,1976.43,0.0,0.0
2026-07-17 22:00:00,TAS1,,1216.0,0.0,0.0
2026-07-17 22:00:00,VIC1,,6949.03,0.0,0.0
2026-07-17 22:30:00,NSW1,,9405.45,,0.0
2026-07-17 22:30:00,QLD1,,6879.97,,0.0
2026-07-17 22:30:00,SA1,,1919.78,,0.0
2026-07-17 22:30:00,TAS1,,1182.0,,0.0
2026-07-17 22:30:00,VIC1,,6738.5,,0.0
2026-07-17 22:45:00,NSW1,9182.26,,,
2026-07-17 22:45:00,QLD1,6563.83,,,
2026-07-17 22:45:00,SA1,1834.95,,,
2026-07-17 22:45:00,TAS1,1128.02,,,
2026-07-17 22:45:00,VIC1,6523.22,,,
2026-07-17 22:50:00,NSW1,9065.93,,,
2026-07-17 22:50:00,QLD1,6569.01,,,
2026-07-17 22:50:00,SA1,1779.12,,,
2026-07-17 22:50:00,TAS1,1132.26,,,
2026-07-17 22:50:00,VIC1,6409.29,,,
2026-07-17 23:00:00,NSW1,,9189.29,0.0,0.0
2026-07-17 23:00:00,QLD1,,6566.42,0.0,0.0
2026-07-17 23:00:00,SA1,,1829.92,0.0,0.0
2026-07-17 23:00:00,TAS1,,1152.0,0.0,0.0
2026-07-17 23:00:00,VIC1,,6488.05,0.0,0.0
2026-07-17 23:30:00,NSW1,,8961.41,0.0,0.0
2026-07-17 23:30:00,QLD1,,6389.69,0.0,0.0
2026-07-17 23:30:00,SA1,,1730.52,0.0,0.0
2026-07-17 23:30:00,TAS1,,1126.0,0.0,0.0
2026-07-17 23:30:00,VIC1,,6396.79,0.0,0.0
2026-07-18 00:00:00,NSW1,,8703.18,,0.0
2026-07-18 00:00:00,QLD1,,6251.23,,0.0
2026-07-18 00:00:00,SA1,,1735.81,,0.0
2026-07-18 00:00:00,TAS1,,1060.0,,0.0
2026-07-18 00:00:00,VIC1,,6284.91,,0.0
2026-07-18 00:15:00,NSW1,8615.19,,,
2026-07-18 00:15:00,QLD1,6067.08,,,
2026-07-18 00:15:00,SA1,1669.22,,,
2026-07-18 00:15:00,TAS1,1086.63,,,
2026-07-18 00:15:00,VIC1,6144.95,,,
2026-07-18 00:20:00,NSW1,8608.69,,,
2026-07-18 00:20:00,QLD1,6061.47,,,
2026-07-18 00:20:00,SA1,1677.18,,,
2026-07-18 00:20:00,TAS1,1083.98,,,
2026-07-18 00:20:00,VIC1,6038.17,,,
2026-07-18 00:30:00,NSW1,,8421.45,0.0,0.0
2026-07-18 00:30:00,QLD1,,6109.36,0.0,0.0
2026-07-18 00:30:00,SA1,,1675.37,0.0,0.0
2026-07-18 00:30:00,TAS1,,1028.0,0.0,0.0
2026-07-18 00:30:00,VIC1,,6060.38,0.0,0.0
2026-07-18 01:00:00,NSW1,,8242.95,0.0,0.0
2026-07-18 01:00:00,QLD1,,5935.24,0.0,0.0
2026-07-18 01:00:00,SA1,,1662.72,0.0,0.0
2026-07-18 01:00:00,TAS1,,1021.0,0.0,0.0
2026-07-18 01:00:00,VIC1,,5846.17,0.0,0.0
2026-07-18 01:30:00,NSW1,,8191.1,0.0,0.0
2026-07-18 01:30:00,QLD1,,5819.78,0.0,0.0
2026-07-18 01:30:00,SA1,,1611.49,0.0,0.0
2026-07-18 01:30:00,TAS1,,1038.0,0.0,0.0
2026-07-18 01:30:00,VIC1,,5764.35,0.0,0.0
2026-07-18 01:45:00,NSW1,7903.54,,,
2026-07-18 01:45:00,QLD1,5765.65,,,
2026-07-18 01:45:00,SA1,1558.64,,,
2026-07-18 01:45:00,TAS1,1045.4,,,
2026-07-18 01:45:00,VIC1,5586.78,,,
2026-07-18 01:50:00,NSW1,7830.3,,,
2026-07-18 01:50:00,QLD1,5690.8,,,
2026-07-18 01:50:00,SA1,1558.57,,,
2026-07-18 01:50:00,TAS1,1043.44,,,
2026-07-18 01:50:00,VIC1,5501.69,,,
2026-07-18 02:00:00,NSW1,,7897.6,0.0,0.0
2026-07-18 02:00:00,QLD1,,5736.97,0.0,0.0
2026-07-18 02:00:00,SA1,,1548.05,0.0,0.0
2026-07-18 02:00:00,TAS1,,1025.0,0.0,0.0
2026-07-18 02:00:00,VIC1,,5534.08,0.0,0.0
2026-07-18 02:30:00,NSW1,,7677.91,0.0,0.0
2026-07-18 02:30:00,QLD1,,5663.24,0.0,0.0
2026-07-18 02:30:00,SA1,,1542.02,0.0,0.0
2026-07-18 02:30:00,TAS1,,1020.0,0.0,0.0
2026-07-18 02:30:00,VIC1,,5388.06,0.0,0.0
2026-07-18 02:50:00,NSW1,7479.61,,,
2026-07-18 02:50:00,QLD1,5607.6,,,
2026-07-18 02:50:00,SA1,1479.19,,,
2026-07-18 02:50:00,TAS1,1042.05,,,
2026-07-18 02:50:00,VIC1,5289.05,,,
2026-07-18 02:55:00,NSW1,7471.53,,,
2026-07-18 02:55:00,QLD1,5630.24,,,
2026-07-18 02:55:00,SA1,1486.9,,,
2026-07-18 02:55:00,TAS1,1034.01,,,
2026-07-18 02:55:00,VIC1,5254.49,,,
2026-07-18 03:00:00,NSW1,,7483.12,0.0,0.0
2026-07-18 03:00:00,QLD1,,5603.03,0.0,0.0
2026-07-18 03:00:00,SA1,,1496.29,0.0,0.0
2026-07-18 03:00:00,TAS1,,1027.0,0.0,0.0
2026-07-18 03:00:00,VIC1,,5316.61,0.0,0.0
2026-07-18 03:30:00,NSW1,,7369.28,0.0,0.0
2026-07-18 03:30:00,QLD1,,5607.9,0.0,0.0
2026-07-18 03:30:00,SA1,,1465.73,0.0,0.0
2026-07-18 03:30:00,TAS1,,1029.0,0.0,0.0
2026-07-18 03:30:00,VIC1,,5266.52,0.0,0.0
2026-07-18 03:50:00,NSW1,7296.58,,,
2026-07-18 03:50:00,QLD1,5534.77,,,
2026-07-18 03:50:00,SA1,1418.19,,,
2026-07-18 03:50:00,TAS1,1037.9,,,
2026-07-18 03:50:00,VIC1,5259.32,,,
2026-07-18 03:55:00,NSW1,7258.44,,,
2026-07-18 03:55:00,QLD1,5596.83,,,
2026-07-18 03:55:00,SA1,1416.87,,,
2026-07-18 03:55:00,TAS1,1039.11,,,
2026-07-18 03:55:00,VIC1,5195.01,,,
2026-07-18 04:00:00,NSW1,,7304.25,0.0,0.0
2026-07-18 04:00:00,QLD1,,5597.4,0.0,0.0
2026-07-18 04:00:00,SA1,,1450.11,0.0,0.0
2026-07-18 04:00:00,TAS1,,1021.0,0.0,0.0
2026-07-18 04:00:00,VIC1,,5256.09,0.0,0.0
2026-07-18 04:30:00,NSW1,,7274.33,0.0,0.0
2026-07-18 04:30:00,QLD1,,5612.62,0.0,0.0
2026-07-18 04:30:00,SA1,,1417.32,0.0,0.0
2026-07-18 04:30:00,TAS1,,1024.0,0.0,0.0
2026-07-18 04:30:00,VIC1,,5229.03,0.0,0.0
2026-07-18 04:45:00,NSW1,7385.98,,,
2026-07-18 04:45:00,QLD1,5678.27,,,
2026-07-18 04:45:00,SA1,1424.07,,,
2026-07-18 04:45:00,TAS1,1054.69,,,
2026-07-18 04:45:00,VIC1,5273.48,,,
2026-07-18 04:50:00,NSW1,7383.89,,,
2026-07-18 04:50:00,QLD1,5632.53,,,
2026-07-18 04:50:00,SA1,1420.58,,,
2026-07-18 04:50:00,TAS1,1050.02,,,
2026-07-18 04:50:00,VIC1,5252.1,,,
2026-07-18 05:00:00,NSW1,,7345.88,0.0,0.0
2026-07-18 05:00:00,QLD1,,5678.6,0.0,0.0
2026-07-18 05:00:00,SA1,,1427.05,0.0,0.0
2026-07-18 05:00:00,TAS1,,1040.0,0.0,0.0
2026-07-18 05:00:00,VIC1,,5264.9,0.0,0.0
2026-07-18 05:30:00,NSW1,,7495.79,0.0,0.0
2026-07-18 05:30:00,QLD1,,5790.34,0.0,0.0
2026-07-18 05:30:00,SA1,,1438.54,0.0,0.0
2026-07-18 05:30:00,TAS1,,1042.0,0.0,0.0
2026-07-18 05:30:00,VIC1,,5349.16,0.0,0.0
2026-07-18 05:50:00,NSW1,7604.0,,,
2026-07-18 05:50:00,QLD1,5889.95,,,
2026-07-18 05:50:00,SA1,1447.58,,,
2026-07-18 05:50:00,TAS1,1062.69,,,
2026-07-18 05:50:00,VIC1,5519.63,,,
2026-07-18 05:55:00,NSW1,7665.98,,,
2026-07-18 05:55:00,QLD1,5928.03,,,
2026-07-18 05:55:00,SA1,1447.66,,,
2026-07-18 05:55:00,TAS1,1065.14,,,
2026-07-18 05:55:00,VIC1,5500.73,,,
2026-07-18 06:00:00,NSW1,,7644.94,0.0,0.0
2026-07-18 06:00:00,QLD1,,5921.69,0.0,0.0
2026-07-18 06:00:00,SA1,,1442.48,0.0,0.0
2026-07-18 06:00:00,TAS1,,1058.0,0.0,0.0
2026-07-18 06:00:00,VIC1,,5496.36,0.0,0.0
2026-07-18 06:30:00,NSW1,,7903.17,0.0,0.0
2026-07-18 06:30:00,QLD1,,6108.24,0.11,0.0
2026-07-18 06:30:00,SA1,,1467.12,0.0,0.0
2026-07-18 06:30:00,TAS1,,1058.0,0.0,0.0
2026-07-18 06:30:00,VIC1,,5785.32,0.0,0.0
2026-07-18 06:35:00,NSW1,7982.47,,,
2026-07-18 06:35:00,QLD1,6219.67,,,
2026-07-18 06:35:00,SA1,1473.52,,,
2026-07-18 06:35:00,TAS1,1101.34,,,
2026-07-18 06:35:00,VIC1,5932.5,,,
2026-07-18 06:40:00,NSW1,8154.7,,,
2026-07-18 06:40:00,QLD1,6291.67,,,
2026-07-18 06:40:00,SA1,1473.24,,,
2026-07-18 06:40:00,TAS1,1113.79,,,
2026-07-18 06:40:00,VIC1,5997.18,,,
2026-07-18 07:00:00,NSW1,,8280.92,30.602,0.0
2026-07-18 07:00:00,QLD1,,6267.68,128.902,79.258
2026-07-18 07:00:00,SA1,,1485.98,0.0,0.0
2026-07-18 07:00:00,TAS1,,1093.0,0.0,0.0
2026-07-18 07:00:00,VIC1,,5991.15,0.0,0.0
2026-07-18 07:30:00,NSW1,8720.61,8585.0,249.103,120.189
2026-07-18 07:30:00,QLD1,6366.74,6428.52,543.576,264.466
2026-07-18 07:30:00,SA1,1537.53,1541.15,0.0,0.0
2026-07-18 07:30:00,TAS1,1166.93,1119.0,0.037,0.0
2026-07-18 07:30:00,VIC1,6656.8,6347.52,6.194,0.0
2026-07-18 07:35:00,NSW1,8704.58,,,
2026-07-18 07:35:00,QLD1,6272.05,,,
2026-07-18 07:35:00,SA1,1573.25,,,
2026-07-18 07:35:00,TAS1,1163.62,,,
2026-07-18 07:35:00,VIC1,6647.46,,,
2026-07-18 08:00:00,NSW1,,8790.18,675.611,398.063
2026-07-18 08:00:00,QLD1,,6284.31,1090.471,759.489
2026-07-18 08:00:00,SA1,,1563.75,22.491,0.0
2026-07-18 08:00:00,TAS1,,1158.0,1.129,4.285
2026-07-18 08:00:00,VIC1,,6827.13,68.856,50.175
2026-07-18 08:20:00,NSW1,8634.55,,,
2026-07-18 08:20:00,QLD1,5606.42,,,
2026-07-18 08:20:00,SA1,1670.2,,,
2026-07-18 08:20:00,TAS1,1254.0,,,
2026-07-18 08:20:00,VIC1,6917.91,,,
2026-07-18 08:25:00,NSW1,8543.41,,,
2026-07-18 08:25:00,QLD1,5555.1,,,
2026-07-18 08:25:00,SA1,1698.59,,,
2026-07-18 08:25:00,TAS1,1262.83,,,
2026-07-18 08:25:00,VIC1,7000.4,,,
2026-07-18 08:30:00,NSW1,,8610.03,1167.49,886.624
2026-07-18 08:30:00,QLD1,,5793.53,1660.912,1268.845
2026-07-18 08:30:00,SA1,,1675.59,133.38,45.497
2026-07-18 08:30:00,TAS1,,1200.0,10.569,12.777
2026-07-18 08:30:00,VIC1,,6952.74,338.718,220.996
2026-07-18 09:00:00,NSW1,,8292.46,1660.685,1396.297
2026-07-18 09:00:00,QLD1,,5293.3,2211.035,2336.182
2026-07-18 09:00:00,SA1,,1678.89,311.286,204.748
2026-07-18 09:00:00,TAS1,,1244.0,23.497,28.167
2026-07-18 09:00:00,VIC1,,6962.38,681.63,554.893
2026-07-18 09:10:00,NSW1,8065.44,,,
2026-07-18 09:10:00,QLD1,4844.09,,,
2026-07-18 09:10:00,SA1,1526.59,,,
2026-07-18 09:10:00,TAS1,1280.24,,,
2026-07-18 09:10:00,VIC1,6778.25,,,
2026-07-18 09:15:00,NSW1,8028.94,,,
2026-07-18 09:15:00,QLD1,4811.92,,,
2026-07-18 09:15:00,SA1,1506.25,,,
2026-07-18 09:15:00,TAS1,1277.2,,,
2026-07-18 09:15:00,VIC1,6675.11,,,
2026-07-18 09:30:00,NSW1,,8058.13,2090.411,1878.978
2026-07-18 09:30:00,QLD1,,4804.2,2697.311,2950.73
2026-07-18 09:30:00,SA1,,1597.25,502.804,413.858
2026-07-18 09:30:00,TAS1,,1262.0,32.133,35.758
2026-07-18 09:30:00,VIC1,,6822.68,975.811,929.386
2026-07-18 10:00:00,NSW1,,7583.97,,2371.647
2026-07-18 10:00:00,QLD1,,4489.93,,3445.303
2026-07-18 10:00:00,SA1,,1439.17,,587.459
2026-07-18 10:00:00,TAS1,,1275.0,,39.688
2026-07-18 10:00:00,VIC1,,6317.06,,1425.803
2026-07-18 10:10:00,NSW1,7586.53,,,
2026-07-18 10:10:00,QLD1,4230.57,,,
2026-07-18 10:10:00,SA1,1196.61,,,
2026-07-18 10:10:00,TAS1,1301.63,,,
2026-07-18 10:10:00,VIC1,5978.72,,,
2026-07-18 10:15:00,NSW1,7463.41,,,
2026-07-18 10:15:00,QLD1,4240.11,,,
2026-07-18 10:15:00,SA1,1163.99,,,
2026-07-18 10:15:00,TAS1,1293.55,,,
2026-07-18 10:15:00,VIC1,5864.63,,,
2026-07-18 10:30:00,NSW1,,7422.71,,2853.924
2026-07-18 10:30:00,QLD1,,4291.3,,3795.327
2026-07-18 10:30:00,SA1,,1284.87,,779.511
2026-07-18 10:30:00,TAS1,,1275.0,,52.41
2026-07-18 10:30:00,VIC1,,5924.79,,1787.578
2026-07-18 11:00:00,NSW1,,7089.19,,3109.896
2026-07-18 11:00:00,QLD1,,4160.75,,4031.558
2026-07-18 11:00:00,SA1,,1136.9,,951.001
2026-07-18 11:00:00,TAS1,,1243.0,,64.78
2026-07-18 11:00:00,VIC1,,5524.99,,2030.653
2026-07-18 11:30:00,NSW1,,6713.96,,3280.953
2026-07-18 11:30:00,QLD1,,3930.68,,4174.048
2026-07-18 11:30:00,SA1,,862.84,,1088.655
2026-07-18 11:30:00,TAS1,,1203.0,,73.76
2026-07-18 11:30:00,VIC1,,5019.3,,2202.505
2026-07-18 12:00:00,NSW1,,6417.56,3099.313,3375.647
2026-07-18 12:00:00,QLD1,,3829.72,3820.032,4235.921
2026-07-18 12:00:00,SA1,,698.08,1181.264,1190.795
2026-07-18 12:00:00,TAS1,,1172.0,81.98,80.098
2026-07-18 12:00:00,VIC1,,4600.13,2059.004,2320.648
2026-07-18 12:30:00,NSW1,,6241.05,3111.866,3408.333
2026-07-18 12:30:00,QLD1,,3737.75,3647.277,4195.514
2026-07-18 12:30:00,SA1,,597.72,1238.835,1260.833
2026-07-18 12:30:00,TAS1,,1146.0,82.576,86.037
2026-07-18 12:30:00,VIC1,,4345.4,2125.357,2409.827
2026-07-18 13:00:00,NSW1,,6800.78,,3219.088
2026-07-18 13:00:00,QLD1,,4040.25,,4099.826
2026-07-18 13:00:00,SA1,,676.53,,1302.949
2026-07-18 13:00:00,TAS1,,1103.0,,99.693
2026-07-18 13:00:00,VIC1,,4584.22,,2421.946
2026-07-18 13:25:00,NSW1,6697.86,,,
2026-07-18 13:25:00,QLD1,4045.46,,,
2026-07-18 13:25:00,SA1,567.71,,,
2026-07-18 13:25:00,TAS1,1023.77,,,
2026-07-18 13:25:00,VIC1,4290.64,,,
2026-07-18 13:30:00,NSW1,6598.3,6660.9,,3115.546
2026-07-18 13:30:00,QLD1,4143.74,4110.06,,3850.788
2026-07-18 13:30:00,SA1,542.05,607.51,,1284.915
2026-07-18 13:30:00,TAS1,1019.53,1107.0,,100.078
2026-07-18 13:30:00,VIC1,4265.11,4416.45,,2348.654
2026-07-18 14:00:00,NSW1,,6622.58,,2888.561
2026-07-18 14:00:00,QLD1,,4186.24,,3477.725
2026-07-18 14:00:00,SA1,,580.2,,1258.311
2026-07-18 14:00:00,TAS1,,1106.0,,95.622
2026-07-18 14:00:00,VIC1,,4430.88,,2242.759
2026-07-18 14:30:00,NSW1,,6632.4,2288.914,2570.259
2026-07-18 14:30:00,QLD1,,4271.5,2565.153,3054.034
2026-07-18 14:30:00,SA1,,507.54,1118.722,1194.203
2026-07-18 14:30:00,TAS1,,1116.0,63.468,86.353
2026-07-18 14:30:00,VIC1,,4400.9,1712.363,2052.175
2026-07-18 15:00:00,NSW1,,6916.4,1881.874,2146.971
2026-07-18 15:00:00,QLD1,,4673.07,2047.822,2583.166
2026-07-18 15:00:00,SA1,,567.37,990.756,1090.136
2026-07-18 15:00:00,TAS1,,1128.0,52.157,71.892
2026-07-18 15:00:00,VIC1,,4571.86,1453.307,1777.426
2026-07-18 15:30:00,NSW1,,7261.43,,1601.638
2026-07-18 15:30:00,QLD1,,5142.29,,2033.868
2026-07-18 15:30:00,SA1,,588.55,,962.745
2026-07-18 15:30:00,TAS1,,1125.0,,50.882
2026-07-18 15:30:00,VIC1,,4779.45,,1384.173
2026-07-18 15:40:00,NSW1,7687.44,,,
2026-07-18 15:40:00,QLD1,5591.02,,,
2026-07-18 15:40:00,SA1,713.74,,,
2026-07-18 15:40:00,TAS1,1128.75,,,
2026-07-18 15:40:00,VIC1,5041.38,,,
2026-07-18 15:45:00,NSW1,7742.59,,,
2026-07-18 15:45:00,QLD1,5746.04,,,
2026-07-18 15:45:00,SA1,745.17,,,
2026-07-18 15:45:00,TAS1,1134.35,,,
2026-07-18 15:45:00,VIC1,5112.66,,,
2026-07-18 16:00:00,NSW1,,7754.68,1003.324,1044.982
2026-07-18 16:00:00,QLD1,,5609.56,1102.165,1450.875
2026-07-18 16:00:00,SA1,,719.41,643.284,756.83
2026-07-18 16:00:00,TAS1,,1141.0,27.627,32.624
2026-07-18 16:00:00,VIC1,,5042.98,822.738,950.131
2026-07-18 16:30:00,NSW1,,8270.98,535.068,234.06
2026-07-18 16:30:00,QLD1,,6070.84,652.597,843.757
2026-07-18 16:30:00,SA1,,943.15,454.844,545.289
2026-07-18 16:30:00,TAS1,,1177.0,13.533,4.57
2026-07-18 16:30:00,VIC1,,5500.7,486.768,365.653
2026-07-18 17:00:00,NSW1,,8848.06,,35.201
2026-07-18 17:00:00,QLD1,,6538.73,,339.985
2026-07-18 17:00:00,SA1,,1044.39,,296.395
2026-07-18 17:00:00,TAS1,,1206.0,,1.838
2026-07-18 17:00:00,VIC1,,6166.7,,42.934
2026-07-18 17:15:00,NSW1,9394.28,,,
2026-07-18 17:15:00,QLD1,6912.57,,,
2026-07-18 17:15:00,SA1,1415.82,,,
2026-07-18 17:15:00,TAS1,1263.97,,,
2026-07-18 17:15:00,VIC1,6720.47,,,
2026-07-18 17:20:00,NSW1,9421.34,,,
2026-07-18 17:20:00,QLD1,6909.63,,,
2026-07-18 17:20:00,SA1,1467.32,,,
2026-07-18 17:20:00,TAS1,1282.48,,,
2026-07-18 17:20:00,VIC1,6732.57,,,
2026-07-18 17:30:00,NSW1,,9362.57,4.969,0.0
2026-07-18 17:30:00,QLD1,,6890.48,66.267,69.067
2026-07-18 17:30:00,SA1,,1332.7,110.637,40.079
2026-07-18 17:30:00,TAS1,,1249.0,0.0,0.0
2026-07-18 17:30:00,VIC1,,6682.81,18.481,0.0
2026-07-18 18:00:00,NSW1,,9731.95,0.0,0.0
2026-07-18 18:00:00,QLD1,,7168.65,7.784,0.0
2026-07-18 18:00:00,SA1,,1612.06,16.847,1.41
2026-07-18 18:00:00,TAS1,,1283.0,0.0,0.0
2026-07-18 18:00:00,VIC1,,7058.85,0.0,0.0
2026-07-18 18:30:00,NSW1,,9819.79,,0.0
2026-07-18 18:30:00,QLD1,,7177.34,,0.0
2026-07-18 18:30:00,SA1,,1732.39,,0.0
2026-07-18 18:30:00,TAS1,,1296.0,,0.0
2026-07-18 18:30:00,VIC1,,7348.48,,0.0
2026-07-18 19:00:00,NSW1,9733.04,9764.8,0.0,0.0
2026-07-18 19:00:00,QLD1,6982.91,7052.69,0.0,0.0
2026-07-18 19:00:00,SA1,1887.13,1856.84,0.0,0.0
2026-07-18 19:00:00,TAS1,1315.39,1301.0,0.0,0.0
2026-07-18 19:00:00,VIC1,7393.6,7312.35,0.0,0.0
2026-07-18 19:05:00,NSW1,9656.48,,,
2026-07-18 19:05:00,QLD1,6995.08,,,
2026-07-18 19:05:00,SA1,1867.7,,,
2026-07-18 19:05:00,TAS1,1312.15,,,
2026-07-18 19:05:00,VIC1,7326.27,,,
2026-07-18 19:30:00,NSW1,,9620.6,0.0,0.0
2026-07-18 19:30:00,QLD1,,6914.94,0.0,0.0
2026-07-18 19:30:00,SA1,,1874.39,0.0,0.0
2026-07-18 19:30:00,TAS1,,1288.0,0.0,0.0
2026-07-18 19:30:00,VIC1,,7206.48,0.0,0.0
2026-07-18 20:00:00,NSW1,,9493.92,0.0,0.0
2026-07-18 20:00:00,QLD1,,6875.96,0.0,0.0
2026-07-18 20:00:00,SA1,,1874.94,0.0,0.0
2026-07-18 20:00:00,TAS1,,1255.0,0.0,0.0
2026-07-18 20:00:00,VIC1,,7256.5,0.0,0.0
2026-07-18 20:20:00,NSW1,9418.89,,,
2026-07-18 20:20:00,QLD1,6725.08,,,
2026-07-18 20:20:00,SA1,1858.49,,,
2026-07-18 20:20:00,TAS1,1287.04,,,
2026-07-18 20:20:00,VIC1,7167.46,,,
2026-07-18 20:25:00,NSW1,9438.65,,,
2026-07-18 20:25:00,QLD1,6624.82,,,
2026-07-18 20:25:00,SA1,1868.03,,,
2026-07-18 20:25:00,TAS1,1277.33,,,
2026-07-18 20:25:00,VIC1,7132.11,,,
2026-07-18 20:30:00,NSW1,,9419.45,0.0,0.0
2026-07-18 20:30:00,QLD1,,6733.82,0.0,0.0
2026-07-18 20:30:00,SA1,,1877.88,0.0,0.0
2026-07-18 20:30:00,TAS1,,1248.0,0.0,0.0
2026-07-18 20:30:00,VIC1,,7197.3,0.0,0.0
2026-07-18 21:00:00,NSW1,,9316.83,0.0,0.0
2026-07-18 21:00:00,QLD1,,6577.07,0.0,0.0
2026-07-18 21:00:00,SA1,,1850.12,0.0,0.0
2026-07-18 21:00:00,TAS1,,1241.0,0.0,0.0
2026-07-18 21:00:00,VIC1,,7046.32,0.0,0.0
2026-07-18 21:25:00,NSW1,9080.02,,,
2026-07-18 21:25:00,QLD1,6757.15,,,
2026-07-18 21:25:00,SA1,1799.42,,,
2026-07-18 21:25:00,TAS1,1248.56,,,
2026-07-18 21:25:00,VIC1,6959.36,,,
2026-07-18 21:30:00,NSW1,9020.64,9137.64,0.0,0.0
2026-07-18 21:30:00,QLD1,6764.74,6629.29,0.0,0.0
2026-07-18 21:30:00,SA1,1787.38,1844.46,0.0,0.0
2026-07-18 21:30:00,TAS1,1244.44,1214.0,0.0,0.0
2026-07-18 21:30:00,VIC1,6966.32,7014.84,0.0,0.0
2026-07-18 22:00:00,NSW1,,8964.39,,0.0
2026-07-18 22:00:00,QLD1,,6637.59,,0.0
2026-07-18 22:00:00,SA1,,1789.7,,0.0
2026-07-18 22:00:00,TAS1,,1215.0,,0.0
2026-07-18 22:00:00,VIC1,,6804.88,,0.0
2026-07-18 22:10:00,NSW1,8844.19,,,
2026-07-18 22:10:00,QLD1,6436.93,,,
2026-07-18 22:10:00,SA1,1754.14,,,
2026-07-18 22:10:00,TAS1,1203.98,,,
2026-07-18 22:10:00,VIC1,6727.29,,,
2026-07-18 22:15:00,NSW1,8815.69,,,
2026-07-18 22:15:00,QLD1,6445.61,,,
2026-07-18 22:15:00,SA1,1724.31,,,
2026-07-18 22:15:00,TAS1,1198.83,,,
2026-07-18 22:15:00,VIC1,6683.15,,,
2026-07-18 22:30:00,NSW1,,8822.12,0.0,0.0
2026-07-18 22:30:00,QLD1,,6476.11,0.0,0.0
2026-07-18 22:30:00,SA1,,1747.36,0.0,0.0
2026-07-18 22:30:00,TAS1,,1185.0,0.0,0.0
2026-07-18 22:30:00,VIC1,,6647.27,0.0,0.0
2026-07-18 23:00:00,NSW1,,8642.0,0.0,0.0
2026-07-18 23:00:00,QLD1,,6283.4,0.0,0.0
2026-07-18 23:00:00,SA1,,1681.81,0.0,0.0
2026-07-18 23:00:00,TAS1,,1157.0,0.0,0.0
2026-07-18 23:00:00,VIC1,,6444.45,0.0,0.0
2026-07-18 23:30:00,NSW1,,8461.24,0.0,0.0
2026-07-18 23:30:00,QLD1,,6116.32,0.0,0.0
2026-07-18 23:30:00,SA1,,1614.09,0.0,0.0
2026-07-18 23:30:00,TAS1,,1129.0,0.0,0.0
2026-07-18 23:30:00,VIC1,,6416.47,0.0,0.0
2026-07-18 23:45:00,NSW1,8149.13,,,
2026-07-18 23:45:00,QLD1,6018.18,,,
2026-07-18 23:45:00,SA1,1601.74,,,
2026-07-18 23:45:00,TAS1,1106.25,,,
2026-07-18 23:45:00,VIC1,6350.78,,,
2026-07-18 23:50:00,NSW1,8089.82,,,
2026-07-18 23:50:00,QLD1,6079.9,,,
2026-07-18 23:50:00,SA1,1581.99,,,
2026-07-18 23:50:00,TAS1,1117.13,,,
2026-07-18 23:50:00,VIC1,6308.52,,,
2026-07-19 00:00:00,NSW1,,8219.86,0.0,0.0
2026-07-19 00:00:00,QLD1,,6025.33,0.0,0.0
2026-07-19 00:00:00,SA1,,1637.66,0.0,0.0
2026-07-19 00:00:00,TAS1,,1104.0,0.0,0.0
2026-07-19 00:00:00,VIC1,,6311.49,0.0,0.0
2026-07-19 00:30:00,NSW1,,7976.83,0.0,0.0
2026-07-19 00:30:00,QLD1,,5872.13,0.0,0.0
2026-07-19 00:30:00,SA1,,1590.36,0.0,0.0
2026-07-19 00:30:00,TAS1,,1075.0,0.0,0.0
2026-07-19 00:30:00,VIC1,,6125.79,0.0,0.0
2026-07-19 00:35:00,NSW1,7990.72,,,
2026-07-19 00:35:00,QLD1,5750.3,,,
2026-07-19 00:35:00,SA1,1568.57,,,
2026-07-19 00:35:00,TAS1,1088.74,,,
2026-07-19 00:35:00,VIC1,6070.83,,,
2026-07-19 00:40:00,NSW1,7985.51,,,
2026-07-19 00:40:00,QLD1,5712.45,,,
2026-07-19 00:40:00,SA1,1567.58,,,
2026-07-19 00:40:00,TAS1,1087.02,,,
2026-07-19 00:40:00,VIC1,5966.95,,,
2026-07-19 01:00:00,NSW1,,7981.48,0.0,0.0
2026-07-19 01:00:00,QLD1,,5719.57,0.0,0.0
2026-07-19 01:00:00,SA1,,1592.23,0.0,0.0
2026-07-19 01:00:00,TAS1,,1063.0,0.0,0.0
2026-07-19 01:00:00,VIC1,,5969.42,0.0,0.0
2026-07-19 01:30:00,NSW1,7564.52,7759.97,0.0,0.0
2026-07-19 01:30:00,QLD1,5572.84,5593.47,0.0,0.0
2026-07-19 01:30:00,SA1,1499.48,1546.92,0.0,0.0
2026-07-19 01:30:00,TAS1,1081.84,1050.0,0.0,0.0
2026-07-19 01:30:00,VIC1,5674.7,5773.62,0.0,0.0
2026-07-19 01:35:00,NSW1,7507.09,,,
2026-07-19 01:35:00,QLD1,5553.56,,,
2026-07-19 01:35:00,SA1,1489.33,,,
2026-07-19 01:35:00,TAS1,1081.84,,,
2026-07-19 01:35:00,VIC1,5651.22,,,
2026-07-19 02:00:00,NSW1,,7492.19,0.0,0.0
2026-07-19 02:00:00,QLD1,,5526.5,0.0,0.0
2026-07-19 02:00:00,SA1,,1497.98,0.0,0.0
2026-07-19 02:00:00,TAS1,,1049.0,0.0,0.0
2026-07-19 02:00:00,VIC1,,5645.29,0.0,0.0
2026-07-19 02:30:00,NSW1,7275.65,7314.14,0.0,0.0
2026-07-19 02:30:00,QLD1,5443.48,5480.59,0.0,0.0
2026-07-19 02:30:00,SA1,1447.21,1472.96,0.0,0.0
2026-07-19 02:30:00,TAS1,1077.41,1053.0,0.0,0.0
2026-07-19 02:30:00,VIC1,5424.91,5451.6,0.0,0.0
2026-07-19 02:35:00,NSW1,7271.82,,,
2026-07-19 02:35:00,QLD1,5439.99,,,
2026-07-19 02:35:00,SA1,1452.21,,,
2026-07-19 02:35:00,TAS1,1082.47,,,
2026-07-19 02:35:00,VIC1,5397.9,,,
2026-07-19 03:00:00,NSW1,,7191.65,0.0,0.0
2026-07-19 03:00:00,QLD1,,5408.57,0.0,0.0
2026-07-19 03:00:00,SA1,,1464.79,0.0,0.0
2026-07-19 03:00:00,TAS1,,1065.0,0.0,0.0
2026-07-19 03:00:00,VIC1,,5366.48,0.0,0.0
2026-07-19 03:30:00,NSW1,7072.83,7058.73,0.0,0.0
2026-07-19 03:30:00,QLD1,5392.34,5365.98,0.0,0.0
2026-07-19 03:30:00,SA1,1457.49,1458.06,0.0,0.0
2026-07-19 03:30:00,TAS1,1088.12,1063.0,0.0,0.0
2026-07-19 03:30:00,VIC1,5218.59,5256.54,0.0,0.0
2026-07-19 03:35:00,NSW1,7080.39,,,
2026-07-19 03:35:00,QLD1,5381.02,,,
2026-07-19 03:35:00,SA1,1475.31,,,
2026-07-19 03:35:00,TAS1,1081.1,,,
2026-07-19 03:35:00,VIC1,5140.6,,,
2026-07-19 04:00:00,NSW1,,7003.77,,0.0
2026-07-19 04:00:00,QLD1,,5388.57,,0.0
2026-07-19 04:00:00,SA1,,1465.05,,0.0
2026-07-19 04:00:00,TAS1,,1058.0,,0.0
2026-07-19 04:00:00,VIC1,,5227.29,,0.0
2026-07-19 04:25:00,NSW1,7038.09,,,
2026-07-19 04:25:00,QLD1,5344.19,,,
2026-07-19 04:25:00,SA1,1436.79,,,
2026-07-19 04:25:00,TAS1,1062.77,,,
2026-07-19 04:25:00,VIC1,5160.85,,,
2026-07-19 04:30:00,NSW1,7016.19,7076.2,0.0,0.0
2026-07-19 04:30:00,QLD1,5399.99,5413.18,0.0,0.0
2026-07-19 04:30:00,SA1,1424.84,1454.63,0.0,0.0
2026-07-19 04:30:00,TAS1,1060.56,1062.0,0.0,0.0
2026-07-19 04:30:00,VIC1,5103.69,5192.58,0.0,0.0
2026-07-19 05:00:00,NSW1,,7064.0,0.0,0.0
2026-07-19 05:00:00,QLD1,,5463.69,0.0,0.0
2026-07-19 05:00:00,SA1,,1441.41,0.0,0.0
2026-07-19 05:00:00,TAS1,,1065.0,0.0,0.0
2026-07-19 05:00:00,VIC1,,5189.08,0.0,0.0
2026-07-19 05:30:00,NSW1,,7092.52,0.0,0.0
2026-07-19 05:30:00,QLD1,,5503.91,0.0,0.0
2026-07-19 05:30:00,SA1,,1393.52,0.0,0.0
2026-07-19 05:30:00,TAS1,,1075.0,0.0,0.0
2026-07-19 05:30:00,VIC1,,5274.99,0.0,0.0
2026-07-19 05:40:00,NSW1,7258.74,,,
2026-07-19 05:40:00,QLD1,5524.4,,,
2026-07-19 05:40:00,SA1,1429.19,,,
2026-07-19 05:40:00,TAS1,1084.97,,,
2026-07-19 05:40:00,VIC1,5225.24,,,
2026-07-19 05:45:00,NSW1,7209.75,,,
2026-07-19 05:45:00,QLD1,5560.38,,,
2026-07-19 05:45:00,SA1,1439.92,,,
2026-07-19 05:45:00,TAS1,1096.95,,,
2026-07-19 05:45:00,VIC1,5369.07,,,
2026-07-19 06:00:00,NSW1,,7148.46,0.0,0.0
2026-07-19 06:00:00,QLD1,,5552.03,0.0,0.0
2026-07-19 06:00:00,SA1,,1413.39,0.0,0.0
2026-07-19 06:00:00,TAS1,,1076.0,0.0,0.0
2026-07-19 06:00:00,VIC1,,5345.57,0.0,0.0
2026-07-19 06:25:00,NSW1,7467.15,,,
2026-07-19 06:25:00,QLD1,5798.95,,,
2026-07-19 06:25:00,SA1,1438.6,,,
2026-07-19 06:25:00,TAS1,1138.3,,,
2026-07-19 06:25:00,VIC1,5507.05,,,
2026-07-19 06:30:00,NSW1,7510.63,7512.11,0.0,0.0
2026-07-19 06:30:00,QLD1,5790.93,5736.9,0.28,0.0
2026-07-19 06:30:00,SA1,1438.72,1407.77,0.0,0.0
2026-07-19 06:30:00,TAS1,1142.42,1094.0,0.0,0.0
2026-07-19 06:30:00,VIC1,5544.37,5552.22,0.0,0.0
2026-07-19 07:00:00,NSW1,,7640.4,30.422,0.0
2026-07-19 07:00:00,QLD1,,5834.03,129.713,78.383
2026-07-19 07:00:00,SA1,,1440.59,0.0,0.0
2026-07-19 07:00:00,TAS1,,1127.0,0.0,0.0
2026-07-19 07:00:00,VIC1,,5685.79,0.0,0.0
2026-07-19 07:20:00,NSW1,8106.87,,,
2026-07-19 07:20:00,QLD1,5849.02,,,
2026-07-19 07:20:00,SA1,1525.25,,,
2026-07-19 07:20:00,TAS1,1187.03,,,
2026-07-19 07:20:00,VIC1,6091.68,,,
2026-07-19 07:25:00,NSW1,8097.4,,,
2026-07-19 07:25:00,QLD1,5868.52,,,
2026-07-19 07:25:00,SA1,1530.1,,,
2026-07-19 07:25:00,TAS1,1193.2,,,
2026-07-19 07:25:00,VIC1,6109.59,,,
2026-07-19 07:30:00,NSW1,,7950.75,234.573,111.783
2026-07-19 07:30:00,QLD1,,5911.62,444.58,235.46
2026-07-19 07:30:00,SA1,,1468.68,0.0,0.0
2026-07-19 07:30:00,TAS1,,1148.0,0.13,0.0
2026-07-19 07:30:00,VIC1,,6021.14,7.726,0.0
2026-07-19 08:00:00,NSW1,,8265.31,645.251,381.199
2026-07-19 08:00:00,QLD1,,5855.14,916.312,633.39
2026-07-19 08:00:00,SA1,,1553.22,18.212,0.0
2026-07-19 08:00:00,TAS1,,1207.0,3.255,4.387
2026-07-19 08:00:00,VIC1,,6420.47,77.536,48.75
2026-07-19 08:10:00,NSW1,8128.15,,,
2026-07-19 08:10:00,QLD1,5599.43,,,
2026-07-19 08:10:00,SA1,1632.4,,,
2026-07-19 08:10:00,TAS1,1259.91,,,
2026-07-19 08:10:00,VIC1,6478.26,,,
2026-07-19 08:15:00,NSW1,8106.7,,,
2026-07-19 08:15:00,QLD1,5568.82,,,
2026-07-19 08:15:00,SA1,1608.01,,,
2026-07-19 08:15:00,TAS1,1259.37,,,
2026-07-19 08:15:00,VIC1,6570.38,,,
2026-07-19 08:30:00,NSW1,,8099.28,1109.348,852.658
2026-07-19 08:30:00,QLD1,,5593.03,1438.81,1079.303
2026-07-19 08:30:00,SA1,,1608.11,100.729,48.264
2026-07-19 08:30:00,TAS1,,1243.0,17.374,15.369
2026-07-19 08:30:00,VIC1,,6646.53,336.709,222.545
2026-07-19 09:00:00,NSW1,,7892.54,1555.01,1319.77
2026-07-19 09:00:00,QLD1,,5306.64,1934.505,1801.881
2026-07-19 09:00:00,SA1,,1556.11,284.626,205.992
2026-07-19 09:00:00,TAS1,,1259.0,41.664,35.579
2026-07-19 09:00:00,VIC1,,6508.46,649.771,556.655
2026-07-19 09:05:00,NSW1,7768.34,,,
2026-07-19 09:05:00,QLD1,5155.31,,,
2026-07-19 09:05:00,SA1,1454.71,,,
2026-07-19 09:05:00,TAS1,1268.19,,,
2026-07-19 09:05:00,VIC1,6359.31,,,
2026-07-19 09:10:00,NSW1,7733.98,,,
2026-07-19 09:10:00,QLD1,5020.03,,,
2026-07-19 09:10:00,SA1,1448.96,,,
2026-07-19 09:10:00,TAS1,1269.84,,,
2026-07-19 09:10:00,VIC1,6345.81,,,
2026-07-19 09:30:00,NSW1,,7575.74,1961.368,1839.118
2026-07-19 09:30:00,QLD1,,5012.16,2297.881,2242.393
2026-07-19 09:30:00,SA1,,1474.29,472.305,406.347
2026-07-19 09:30:00,TAS1,,1254.0,60.73,42.202
2026-07-19 09:30:00,VIC1,,6448.55,948.857,907.585
2026-07-19 10:00:00,NSW1,,7354.9,,2214.857
2026-07-19 10:00:00,QLD1,,4858.39,,2666.725
2026-07-19 10:00:00,SA1,,1327.06,,585.549
2026-07-19 10:00:00,TAS1,,1228.0,,68.742
2026-07-19 10:00:00,VIC1,,6144.26,,1559.358
2026-07-19 10:05:00,NSW1,7210.7,,,
2026-07-19 10:05:00,QLD1,4678.82,,,
2026-07-19 10:05:00,SA1,1179.39,,,
2026-07-19 10:05:00,TAS1,1205.25,,,
2026-07-19 10:05:00,VIC1,5742.05,,,
2026-07-19 10:10:00,NSW1,7354.29,,,
2026-07-19 10:10:00,QLD1,4583.66,,,
2026-07-19 10:10:00,SA1,1171.26,,,
2026-07-19 10:10:00,TAS1,1204.66,,,
2026-07-19 10:10:00,VIC1,5718.85,,,
2026-07-19 10:30:00,NSW1,,7069.44,,2592.351
2026-07-19 10:30:00,QLD1,,4732.05,,2942.215
2026-07-19 10:30:00,SA1,,1221.64,,776.205
2026-07-19 10:30:00,TAS1,,1212.0,,86.876
2026-07-19 10:30:00,VIC1,,5807.25,,1829.479
2026-07-19 11:00:00,NSW1,,6714.89,,2884.327
2026-07-19 11:00:00,QLD1,,4555.14,,3162.806
2026-07-19 11:00:00,SA1,,1047.12,,935.37
2026-07-19 11:00:00,TAS1,,1189.0,,103.614
2026-07-19 11:00:00,VIC1,,5236.69,,2017.962
2026-07-19 11:30:00,NSW1,,6446.29,,3087.764
2026-07-19 11:30:00,QLD1,,4490.01,,3320.673
2026-07-19 11:30:00,SA1,,888.31,,1067.266
2026-07-19 11:30:00,TAS1,,1158.0,,118.07
2026-07-19 11:30:00,VIC1,,4836.91,,2127.911
2026-07-19 12:00:00,NSW1,,6202.71,,3208.184
2026-07-19 12:00:00,QLD1,,4453.3,,3395.035
2026-07-19 12:00:00,SA1,,789.36,,1155.033
2026-07-19 12:00:00,TAS1,,1130.0,,124.397
2026-07-19 12:00:00,VIC1,,4549.89,,2194.74
2026-07-19 12:30:00,NSW1,,6049.14,2883.428,3356.847
2026-07-19 12:30:00,QLD1,,4370.53,3218.774,3439.393
2026-07-19 12:30:00,SA1,,709.51,1240.36,1204.989
2026-07-19 12:30:00,TAS1,,1103.0,101.178,134.861
2026-07-19 12:30:00,VIC1,,4347.64,2050.18,2219.926
2026-07-19 13:00:00,NSW1,,5920.15,2861.1,3329.697
2026-07-19 13:00:00,QLD1,,4275.9,3146.309,3387.76
2026-07-19 13:00:00,SA1,,656.34,1257.995,1211.263
2026-07-19 13:00:00,TAS1,,1088.0,91.622,133.214
2026-07-19 13:00:00,VIC1,,4231.8,2049.607,2211.715
2026-07-19 13:30:00,NSW1,,6689.73,,2656.92
2026-07-19 13:30:00,QLD1,,4168.87,,3425.136
2026-07-19 13:30:00,SA1,,502.33,,1236.059
2026-07-19 13:30:00,TAS1,,1114.0,,123.732
2026-07-19 13:30:00,VIC1,,4427.02,,2169.765
2026-07-19 13:40:00,NSW1,6612.25,,,
2026-07-19 13:40:00,QLD1,4418.45,,,
2026-07-19 13:40:00,SA1,519.31,,,
2026-07-19 13:40:00,TAS1,1083.08,,,
2026-07-19 13:40:00,VIC1,4315.63,,,
2026-07-19 13:45:00,NSW1,6630.94,,,
2026-07-19 13:45:00,QLD1,4430.35,,,
2026-07-19 13:45:00,SA1,501.56,,,
2026-07-19 13:45:00,TAS1,1083.95,,,
2026-07-19 13:45:00,VIC1,4373.43,,,
2026-07-19 14:00:00,NSW1,,6716.82,,2532.496
2026-07-19 14:00:00,QLD1,,4378.78,,3172.281
2026-07-19 14:00:00,SA1,,549.96,,1207.941
2026-07-19 14:00:00,TAS1,,1086.0,,94.252
2026-07-19 14:00:00,VIC1,,4266.44,,2015.866
2026-07-19 14:30:00,NSW1,,6841.21,,2287.291
2026-07-19 14:30:00,QLD1,,4585.32,,2798.467
2026-07-19 14:30:00,SA1,,589.79,,1102.911
2026-07-19 14:30:00,TAS1,,1113.0,,83.167
2026-07-19 14:30:00,VIC1,,4398.92,,1746.892
2026-07-19 15:00:00,NSW1,,7016.23,1937.948,1941.477
2026-07-19 15:00:00,QLD1,,4909.69,1639.687,2360.618
2026-07-19 15:00:00,SA1,,678.1,832.804,978.169
2026-07-19 15:00:00,TAS1,,1144.0,56.47,68.467
2026-07-19 15:00:00,VIC1,,4597.86,1393.237,1450.024
2026-07-19 15:30:00,NSW1,,7361.9,1502.279,1508.239
2026-07-19 15:30:00,QLD1,,5366.25,1221.069,1879.629
2026-07-19 15:30:00,SA1,,814.08,660.697,836.812
2026-07-19 15:30:00,TAS1,,1173.0,40.1,50.756
2026-07-19 15:30:00,VIC1,,4888.7,1069.791,1123.783
2026-07-19 16:00:00,NSW1,,7536.0,,979.588
2026-07-19 16:00:00,QLD1,,6021.43,,1297.984
2026-07-19 16:00:00,SA1,,980.11,,613.21
2026-07-19 16:00:00,TAS1,,1144.0,,31.784
2026-07-19 16:00:00,VIC1,,5077.49,,847.766
2026-07-19 16:10:00,NSW1,8107.43,,,
2026-07-19 16:10:00,QLD1,6339.42,,,
2026-07-19 16:10:00,SA1,1157.41,,,
2026-07-19 16:10:00,TAS1,1211.56,,,
2026-07-19 16:10:00,VIC1,5260.31,,,
2026-07-19 16:15:00,NSW1,8161.39,,,
2026-07-19 16:15:00,QLD1,6412.84,,,
2026-07-19 16:15:00,SA1,1185.16,,,
2026-07-19 16:15:00,TAS1,1213.38,,,
2026-07-19 16:15:00,VIC1,5407.27,,,
2026-07-19 16:30:00,NSW1,,8240.06,,177.575
2026-07-19 16:30:00,QLD1,,6392.59,,769.651
2026-07-19 16:30:00,SA1,,1092.96,,396.105
2026-07-19 16:30:00,TAS1,,1209.0,,3.173
2026-07-19 16:30:00,VIC1,,5412.51,,435.824
2026-07-19 17:00:00,NSW1,,8788.85,,40.166
2026-07-19 17:00:00,QLD1,,6787.58,,315.431
2026-07-19 17:00:00,SA1,,1344.65,,235.275
2026-07-19 17:00:00,TAS1,,1265.0,,0.964
2026-07-19 17:00:00,VIC1,,5942.6,,43.068
2026-07-19 17:30:00,NSW1,,9168.32,5.851,0.0
2026-07-19 17:30:00,QLD1,,7205.64,67.715,64.089
2026-07-19 17:30:00,SA1,,1566.06,90.86,43.57
2026-07-19 17:30:00,TAS1,,1330.0,0.0,0.0
2026-07-19 17:30:00,VIC1,,6506.96,14.032,0.0
2026-07-19 18:00:00,NSW1,,9890.63,0.0,0.0
2026-07-19 18:00:00,QLD1,,7271.06,8.527,0.0
2026-07-19 18:00:00,SA1,,1624.32,5.624,0.0
2026-07-19 18:00:00,TAS1,,1366.0,0.0,0.0
2026-07-19 18:00:00,VIC1,,7101.83,0.0,0.0
2026-07-19 18:30:00,NSW1,10016.49,10084.37,,0.0
2026-07-19 18:30:00,QLD1,7311.35,7357.71,,0.0
2026-07-19 18:30:00,SA1,1919.83,1751.61,,0.0
2026-07-19 18:30:00,TAS1,1391.76,1374.0,,0.0
2026-07-19 18:30:00,VIC1,7452.38,7480.71,,0.0
2026-07-19 18:35:00,NSW1,10032.64,,,
2026-07-19 18:35:00,QLD1,7391.7,,,
2026-07-19 18:35:00,SA1,1890.55,,,
2026-07-19 18:35:00,TAS1,1388.87,,,
2026-07-19 18:35:00,VIC1,7466.27,,,
2026-07-19 19:00:00,NSW1,,10019.56,0.0,0.0
2026-07-19 19:00:00,QLD1,,7249.4,0.0,0.0
2026-07-19 19:00:00,SA1,,1825.99,0.0,0.0
2026-07-19 19:00:00,TAS1,,1367.0,0.0,0.0
2026-07-19 19:00:00,VIC1,,7439.17,0.0,0.0
2026-07-19 19:30:00,NSW1,,9856.85,0.0,0.0
2026-07-19 19:30:00,QLD1,,7089.05,0.0,0.0
2026-07-19 19:30:00,SA1,,1862.24,0.0,0.0
2026-07-19 19:30:00,TAS1,,1352.0,0.0,0.0
2026-07-19 19:30:00,VIC1,,7333.11,0.0,0.0
2026-07-19 20:00:00,NSW1,,9746.62,0.0,0.0
2026-07-19 20:00:00,QLD1,,7012.78,0.0,0.0
2026-07-19 20:00:00,SA1,,1885.04,0.0,0.0
2026-07-19 20:00:00,TAS1,,1341.0,0.0,0.0
2026-07-19 20:00:00,VIC1,,7216.47,0.0,0.0
2026-07-19 20:05:00,NSW1,9590.36,,,
2026-07-19 20:05:00,QLD1,6874.8,,,
2026-07-19 20:05:00,SA1,1846.83,,,
2026-07-19 20:05:00,TAS1,1341.94,,,
2026-07-19 20:05:00,VIC1,7080.72,,,
2026-07-19 20:10:00,NSW1,9639.0,,,
2026-07-19 20:10:00,QLD1,6881.47,,,
2026-07-19 20:10:00,SA1,1844.93,,,
2026-07-19 20:10:00,TAS1,1340.72,,,
2026-07-19 20:10:00,VIC1,7098.94,,,
2026-07-19 20:30:00,NSW1,,9602.86,0.0,0.0
2026-07-19 20:30:00,QLD1,,6871.81,0.0,0.0
2026-07-19 20:30:00,SA1,,1870.47,0.0,0.0
2026-07-19 20:30:00,TAS1,,1324.0,0.0,0.0
2026-07-19 20:30:00,VIC1,,7131.01,0.0,0.0
2026-07-19 21:00:00,NSW1,,9450.7,0.0,0.0
2026-07-19 21:00:00,QLD1,,6666.76,0.0,0.0
2026-07-19 21:00:00,SA1,,1854.82,0.0,0.0
2026-07-19 21:00:00,TAS1,,1294.0,0.0,0.0
2026-07-19 21:00:00,VIC1,,6937.0,0.0,0.0
2026-07-19 21:20:00,NSW1,9173.63,,,
2026-07-19 21:20:00,QLD1,6683.97,,,
2026-07-19 21:20:00,SA1,1767.97,,,
2026-07-19 21:20:00,TAS1,1283.23,,,
2026-07-19 21:20:00,VIC1,6748.02,,,
2026-07-19 21:25:00,NSW1,9032.71,,,
2026-07-19 21:25:00,QLD1,6746.65,,,
2026-07-19 21:25:00,SA1,1773.29,,,
2026-07-19 21:25:00,TAS1,1275.59,,,
2026-07-19 21:25:00,VIC1,6598.21,,,
2026-07-19 21:30:00,NSW1,,9151.03,0.0,0.0
2026-07-19 21:30:00,QLD1,,6688.63,0.0,0.0
2026-07-19 21:30:00,SA1,,1813.37,0.0,0.0
2026-07-19 21:30:00,TAS1,,1259.0,0.0,0.0
2026-07-19 21:30:00,VIC1,,6735.51,0.0,0.0
2026-07-19 22:00:00,NSW1,,8889.35,,0.0
2026-07-19 22:00:00,QLD1,,6568.88,,0.0
2026-07-19 22:00:00,SA1,,1761.22,,0.0
2026-07-19 22:00:00,TAS1,,1234.0,,0.0
2026-07-19 22:00:00,VIC1,,6493.97,,0.0
2026-07-19 22:05:00,NSW1,8680.5,,,
2026-07-19 22:05:00,QLD1,6453.67,,,
2026-07-19 22:05:00,SA1,1677.18,,,
2026-07-19 22:05:00,TAS1,1236.09,,,
2026-07-19 22:05:00,VIC1,6268.79,,,
2026-07-19 22:10:00,NSW1,8644.03,,,
2026-07-19 22:10:00,QLD1,6458.6,,,
2026-07-19 22:10:00,SA1,1654.46,,,
2026-07-19 22:10:00,TAS1,1232.61,,,
2026-07-19 22:10:00,VIC1,6189.72,,,
2026-07-19 22:30:00,NSW1,,8662.89,0.0,0.0
2026-07-19 22:30:00,QLD1,,6407.33,0.0,0.0
2026-07-19 22:30:00,SA1,,1695.47,0.0,0.0
2026-07-19 22:30:00,TAS1,,1200.0,0.0,0.0
2026-07-19 22:30:00,VIC1,,6175.43,0.0,0.0
2026-07-19 23:00:00,NSW1,,8436.66,0.0,0.0
2026-07-19 23:00:00,QLD1,,6174.18,0.0,0.0
2026-07-19 23:00:00,SA1,,1618.96,0.0,0.0
2026-07-19 23:00:00,TAS1,,1164.0,0.0,0.0
2026-07-19 23:00:00,VIC1,,5942.91,0.0,0.0
2026-07-19 23:30:00,NSW1,,8124.98,0.0,0.0
2026-07-19 23:30:00,QLD1,,5998.81,0.0,0.0
2026-07-19 23:30:00,SA1,,1522.97,0.0,0.0
2026-07-19 23:30:00,TAS1,,1120.0,0.0,0.0
2026-07-19 23:30:00,VIC1,,5900.41,0.0,0.0
2026-07-19 23:45:00,NSW1,7892.92,,,
2026-07-19 23:45:00,QLD1,5892.51,,,
2026-07-19 23:45:00,SA1,1500.07,,,
2026-07-19 23:45:00,TAS1,1115.23,,,
2026-07-19 23:45:00,VIC1,5740.84,,,
2026-07-19 23:50:00,NSW1,7867.72,,,
2026-07-19 23:50:00,QLD1,5876.68,,,
2026-07-19 23:50:00,SA1,1501.16,,,
2026-07-19 23:50:00,TAS1,1114.28,,,
2026-07-19 23:50:00,VIC1,5766.51,,,
2026-07-20 00:00:00,NSW1,,7976.3,0.0,0.0
2026-07-20 00:00:00,QLD1,,5905.32,0.0,0.0
2026-07-20 00:00:00,SA1,,1543.35,0.0,0.0
2026-07-20 00:00:00,TAS1,,1095.0,0.0,0.0
2026-07-20 00:00:00,VIC1,,5809.78,0.0,0.0
2026-07-20 00:30:00,NSW1,,7754.27,0.0,0.0
2026-07-20 00:30:00,QLD1,,5740.64,0.0,0.0
2026-07-20 00:30:00,SA1,,1527.22,0.0,0.0
2026-07-20 00:30:00,TAS1,,1077.0,0.0,0.0
2026-07-20 00:30:00,VIC1,,5607.27,0.0,0.0
2026-07-20 00:40:00,NSW1,7932.62,,,
2026-07-20 00:40:00,QLD1,5562.75,,,
2026-07-20 00:40:00,SA1,1562.92,,,
2026-07-20 00:40:00,TAS1,1098.59,,,
2026-07-20 00:40:00,VIC1,5448.95,,,
2026-07-20 00:45:00,NSW1,7820.05,,,
2026-07-20 00:45:00,QLD1,5571.68,,,
2026-07-20 00:45:00,SA1,1557.21,,,
2026-07-20 00:45:00,TAS1,1094.55,,,
2026-07-20 00:45:00,VIC1,5518.04,,,
2026-07-20 01:00:00,NSW1,,7786.01,0.0,0.0
2026-07-20 01:00:00,QLD1,,5604.06,0.0,0.0
2026-07-20 01:00:00,SA1,,1543.32,0.0,0.0
2026-07-20 01:00:00,TAS1,,1073.0,0.0,0.0
2026-07-20 01:00:00,VIC1,,5503.02,0.0,0.0
2026-07-20 01:30:00,NSW1,,7687.21,0.0,0.0
2026-07-20 01:30:00,QLD1,,5513.71,0.0,0.0
2026-07-20 01:30:00,SA1,,1544.18,0.0,0.0
2026-07-20 01:30:00,TAS1,,1066.0,0.0,0.0
2026-07-20 01:30:00,VIC1,,5395.43,0.0,0.0
2026-07-20 01:35:00,NSW1,7386.2,,,
2026-07-20 01:35:00,QLD1,5446.56,,,
2026-07-20 01:35:00,SA1,1510.51,,,
2026-07-20 01:35:00,TAS1,1048.17,,,
2026-07-20 01:35:00,VIC1,5234.65,,,
2026-07-20 01:40:00,NSW1,7353.91,,,
2026-07-20 01:40:00,QLD1,5486.69,,,
2026-07-20 01:40:00,SA1,1508.21,,,
2026-07-20 01:40:00,TAS1,1054.93,,,
2026-07-20 01:40:00,VIC1,5224.08,,,
2026-07-20 02:00:00,NSW1,,7361.56,0.0,0.0
2026-07-20 02:00:00,QLD1,,5443.4,0.0,0.0
2026-07-20 02:00:00,SA1,,1509.69,0.0,0.0
2026-07-20 02:00:00,TAS1,,1035.0,0.0,0.0
2026-07-20 02:00:00,VIC1,,5198.94,0.0,0.0
2026-07-20 02:25:00,NSW1,7138.86,,,
2026-07-20 02:25:00,QLD1,5408.68,,,
2026-07-20 02:25:00,SA1,1470.7,,,
2026-07-20 02:25:00,TAS1,1036.32,,,
2026-07-20 02:25:00,VIC1,5070.48,,,
2026-07-20 02:30:00,NSW1,7094.14,7214.63,0.0,0.0
2026-07-20 02:30:00,QLD1,5404.83,5393.69,0.0,0.0
2026-07-20 02:30:00,SA1,1463.74,1475.05,0.0,0.0
2026-07-20 02:30:00,TAS1,1045.02,1033.0,0.0,0.0
2026-07-20 02:30:00,VIC1,4957.25,5059.58,0.0,0.0
2026-07-20 03:00:00,NSW1,,7084.93,0.0,0.0
2026-07-20 03:00:00,QLD1,,5381.55,0.0,0.0
2026-07-20 03:00:00,SA1,,1464.3,0.0,0.0
2026-07-20 03:00:00,TAS1,,1021.0,0.0,0.0
2026-07-20 03:00:00,VIC1,,5049.47,0.0,0.0
2026-07-20 03:30:00,NSW1,7155.3,7059.42,0.0,0.0
2026-07-20 03:30:00,QLD1,5410.46,5369.4,0.0,0.0
2026-07-20 03:30:00,SA1,1416.48,1439.27,0.0,0.0
2026-07-20 03:30:00,TAS1,1040.68,1023.0,0.0,0.0
2026-07-20 03:30:00,VIC1,4921.27,4957.52,0.0,0.0
2026-07-20 03:35:00,NSW1,7119.84,,,
2026-07-20 03:35:00,QLD1,5427.2,,,
2026-07-20 03:35:00,SA1,1400.1,,,
2026-07-20 03:35:00,TAS1,1032.4,,,
2026-07-20 03:35:00,VIC1,4918.87,,,
2026-07-20 04:00:00,NSW1,,7082.19,,0.0
2026-07-20 04:00:00,QLD1,,5404.18,,0.0
2026-07-20 04:00:00,SA1,,1422.82,,0.0
2026-07-20 04:00:00,TAS1,,1029.0,,0.0
2026-07-20 04:00:00,VIC1,,4911.47,,0.0
2026-07-20 04:30:00,NSW1,7171.0,7179.54,0.0,0.0
2026-07-20 04:30:00,QLD1,5540.03,5533.78,0.0,0.0
2026-07-20 04:30:00,SA1,1371.29,1400.42,0.0,0.0
2026-07-20 04:30:00,TAS1,1034.76,1031.0,0.0,0.0
2026-07-20 04:30:00,VIC1,4991.31,4998.6,0.0,0.0
2026-07-20 04:35:00,NSW1,7197.72,,,
2026-07-20 04:35:00,QLD1,5600.56,,,
2026-07-20 04:35:00,SA1,1373.39,,,
2026-07-20 04:35:00,TAS1,1046.8,,,
2026-07-20 04:35:00,VIC1,5037.2,,,
2026-07-20 05:00:00,NSW1,,7280.58,0.0,0.0
2026-07-20 05:00:00,QLD1,,5657.88,0.0,0.0
2026-07-20 05:00:00,SA1,,1408.38,0.0,0.0
2026-07-20 05:00:00,TAS1,,1041.0,0.0,0.0
2026-07-20 05:00:00,VIC1,,5094.03,0.0,0.0
2026-07-20 05:30:00,NSW1,,7698.0,0.0,0.0
2026-07-20 05:30:00,QLD1,,5804.86,0.0,0.0
2026-07-20 05:30:00,SA1,,1350.95,0.0,0.0
2026-07-20 05:30:00,TAS1,,1080.0,0.0,0.0
2026-07-20 05:30:00,VIC1,,5379.05,0.0,0.0
2026-07-20 05:40:00,NSW1,8116.55,,,
2026-07-20 05:40:00,QLD1,6047.47,,,
2026-07-20 05:40:00,SA1,1414.54,,,
2026-07-20 05:40:00,TAS1,1131.5,,,
2026-07-20 05:40:00,VIC1,5761.82,,,
2026-07-20 05:45:00,NSW1,8128.48,,,
2026-07-20 05:45:00,QLD1,6125.29,,,
2026-07-20 05:45:00,SA1,1419.53,,,
2026-07-20 05:45:00,TAS1,1135.16,,,
2026-07-20 05:45:00,VIC1,5863.43,,,
2026-07-20 06:00:00,NSW1,,8131.96,0.0,0.0
2026-07-20 06:00:00,QLD1,,6078.16,0.0,0.0
2026-07-20 06:00:00,SA1,,1408.6,0.0,0.0
2026-07-20 06:00:00,TAS1,,1119.0,0.0,0.0
2026-07-20 06:00:00,VIC1,,5806.44,0.0,0.0
2026-07-20 06:25:00,NSW1,9032.1,,,
2026-07-20 06:25:00,QLD1,6577.09,,,
2026-07-20 06:25:00,SA1,1524.97,,,
2026-07-20 06:25:00,TAS1,1231.56,,,
2026-07-20 06:25:00,VIC1,6606.94,,,
2026-07-20 06:30:00,NSW1,9093.6,8767.9,0.0,0.0
2026-07-20 06:30:00,QLD1,6602.78,6442.1,0.852,0.0
2026-07-20 06:30:00,SA1,1532.29,1469.92,0.0,0.0
2026-07-20 06:30:00,TAS1,1235.18,1175.0,0.0,0.0
2026-07-20 06:30:00,VIC1,6683.05,6411.08,0.0,0.0
2026-07-20 07:00:00,NSW1,,9452.19,31.584,0.0
2026-07-20 07:00:00,QLD1,,6711.98,135.83,79.434
2026-07-20 07:00:00,SA1,,1556.27,0.0,0.0
2026-07-20 07:00:00,TAS1,,1242.0,0.0,0.0
2026-07-20 07:00:00,VIC1,,7044.75,0.0,0.0
2026-07-20 07:20:00,NSW1,9821.11,,,
2026-07-20 07:20:00,QLD1,7032.36,,,
2026-07-20 07:20:00,SA1,1746.15,,,
2026-07-20 07:20:00,TAS1,1308.51,,,
2026-07-20 07:20:00,VIC1,7783.46,,,
2026-07-20 07:25:00,NSW1,10044.91,,,
2026-07-20 07:25:00,QLD1,6992.72,,,
2026-07-20 07:25:00,SA1,1783.08,,,
2026-07-20 07:25:00,TAS1,1320.34,,,
2026-07-20 07:25:00,VIC1,7878.3,,,
2026-07-20 07:30:00,NSW1,,9882.18,248.425,125.459
2026-07-20 07:30:00,QLD1,,6972.27,468.75,255.32
2026-07-20 07:30:00,SA1,,1677.49,0.0,0.0
2026-07-20 07:30:00,TAS1,,1271.0,0.092,0.0
2026-07-20 07:30:00,VIC1,,7587.15,5.022,0.0
2026-07-20 08:00:00,NSW1,,10148.48,685.74,459.98
2026-07-20 08:00:00,QLD1,,6829.44,903.975,697.569
2026-07-20 08:00:00,SA1,,1811.46,4.536,0.0
2026-07-20 08:00:00,TAS1,,1327.0,1.262,4.296
2026-07-20 08:00:00,VIC1,,8148.69,41.045,52.789
2026-07-20 08:20:00,NSW1,9714.31,,,
2026-07-20 08:20:00,QLD1,6382.48,,,
2026-07-20 08:20:00,SA1,1967.47,,,
2026-07-20 08:20:00,TAS1,1380.21,,,
2026-07-20 08:20:00,VIC1,8116.81,,,
2026-07-20 08:25:00,NSW1,9671.65,,,
2026-07-20 08:25:00,QLD1,6312.08,,,
2026-07-20 08:25:00,SA1,1970.21,,,
2026-07-20 08:25:00,TAS1,1382.79,,,
2026-07-20 08:25:00,VIC1,8123.59,,,
2026-07-20 08:30:00,NSW1,,9742.72,1191.102,1036.631
2026-07-20 08:30:00,QLD1,,6422.5,1354.851,1161.439
2026-07-20 08:30:00,SA1,,1952.0,27.529,30.627
2026-07-20 08:30:00,TAS1,,1340.0,10.979,14.267
2026-07-20 08:30:00,VIC1,,8313.29,316.918,233.502
2026-07-20 09:00:00,NSW1,,9401.51,,1438.346
2026-07-20 09:00:00,QLD1,,6088.23,,1782.071
2026-07-20 09:00:00,SA1,,1927.51,,129.146
2026-07-20 09:00:00,TAS1,,1339.0,,31.713
2026-07-20 09:00:00,VIC1,,7853.76,,575.204
2026-07-20 09:20:00,NSW1,8756.42,,,
2026-07-20 09:20:00,QLD1,5548.98,,,
2026-07-20 09:20:00,SA1,1724.57,,,
2026-07-20 09:20:00,TAS1,1362.94,,,
2026-07-20 09:20:00,VIC1,7628.67,,,
2026-07-20 09:25:00,NSW1,8660.58,,,
2026-07-20 09:25:00,QLD1,5461.64,,,
2026-07-20 09:25:00,SA1,1701.28,,,
2026-07-20 09:25:00,TAS1,1365.39,,,
2026-07-20 09:25:00,VIC1,7492.45,,,
2026-07-20 09:30:00,NSW1,,8751.65,2173.61,2073.115
2026-07-20 09:30:00,QLD1,,5696.18,2247.964,2220.715
2026-07-20 09:30:00,SA1,,1853.58,369.491,255.162
2026-07-20 09:30:00,TAS1,,1329.0,40.147,35.812
2026-07-20 09:30:00,VIC1,,7660.99,957.151,957.605
2026-07-20 10:00:00,NSW1,,8291.61,2577.519,2610.059
2026-07-20 10:00:00,QLD1,,5485.8,2539.755,2577.397
2026-07-20 10:00:00,SA1,,1738.06,504.927,377.148
2026-07-20 10:00:00,TAS1,,1303.0,52.935,49.851
2026-07-20 10:00:00,VIC1,,7225.68,1238.579,1314.187
2026-07-20 10:30:00,NSW1,,8008.85,,3290.052
2026-07-20 10:30:00,QLD1,,5203.84,,2998.582
2026-07-20 10:30:00,SA1,,1524.53,,611.912
2026-07-20 10:30:00,TAS1,,1278.0,,51.238
2026-07-20 10:30:00,VIC1,,6869.61,,1587.184
2026-07-20 10:55:00,NSW1,7533.37,,,
2026-07-20 10:55:00,QLD1,4821.22,,,
2026-07-20 10:55:00,SA1,1457.25,,,
2026-07-20 10:55:00,TAS1,1212.64,,,
2026-07-20 10:55:00,VIC1,6194.01,,,
2026-07-20 11:00:00,NSW1,7427.12,7656.35,,3650.314
2026-07-20 11:00:00,QLD1,4770.29,5024.73,,3223.469
2026-07-20 11:00:00,SA1,1431.9,1446.2,,711.536
2026-07-20 11:00:00,TAS1,1204.68,1243.0,,63.495
2026-07-20 11:00:00,VIC1,6114.19,6417.64,,1746.119
2026-07-20 11:30:00,NSW1,,7304.86,,3865.06
2026-07-20 11:30:00,QLD1,,5026.08,,3341.371
2026-07-20 11:30:00,SA1,,1355.27,,784.03
2026-07-20 11:30:00,TAS1,,1216.0,,76.477
2026-07-20 11:30:00,VIC1,,6172.39,,1918.172
2026-07-20 12:00:00,NSW1,,6813.73,,3983.503
2026-07-20 12:00:00,QLD1,,5030.73,,3375.286
2026-07-20 12:00:00,SA1,,1336.07,,835.537
2026-07-20 12:00:00,TAS1,,1191.0,,83.572
2026-07-20 12:00:00,VIC1,,5943.57,,2034.373
2026-07-20 12:30:00,NSW1,,6457.79,,4011.643
2026-07-20 12:30:00,QLD1,,4969.26,,3360.12
2026-07-20 12:30:00,SA1,,1290.53,,861.939
2026-07-20 12:30:00,TAS1,,1159.0,,99.026
2026-07-20 12:30:00,VIC1,,5691.82,,2081.802
2026-07-20 13:00:00,NSW1,,6248.75,,3932.539
2026-07-20 13:00:00,QLD1,,4892.58,,3272.665
2026-07-20 13:00:00,SA1,,1254.32,,870.108
2026-07-20 13:00:00,TAS1,,1143.0,,96.981
2026-07-20 13:00:00,VIC1,,5566.38,,2061.635
2026-07-20 13:30:00,NSW1,,6177.23,3374.862,3900.198
2026-07-20 13:30:00,QLD1,,4921.41,2456.021,3168.129
2026-07-20 13:30:00,SA1,,1229.71,875.566,837.455
2026-07-20 13:30:00,TAS1,,1140.0,87.238,90.755
2026-07-20 13:30:00,VIC1,,5550.95,1776.168,2006.357
2026-07-20 14:00:00,NSW1,,6232.8,3080.384,3614.001
2026-07-20 14:00:00,QLD1,,5012.06,2283.409,2922.853
2026-07-20 14:00:00,SA1,,1222.06,819.66,810.823
2026-07-20 14:00:00,TAS1,,1137.0,72.541,81.35
2026-07-20 14:00:00,VIC1,,5572.02,1636.126,1871.545
2026-07-20 14:30:00,NSW1,,6690.18,,3197.188
2026-07-20 14:30:00,QLD1,,5423.98,,2476.167
2026-07-20 14:30:00,SA1,,1223.16,,739.06
2026-07-20 14:30:00,TAS1,,1115.0,,72.512
2026-07-20 14:30:00,VIC1,,5647.69,,1638.182
2026-07-20 14:35:00,NSW1,6820.93,,,
2026-07-20 14:35:00,QLD1,5435.19,,,
2026-07-20 14:35:00,SA1,1164.65,,,
2026-07-20 14:35:00,TAS1,1145.89,,,
2026-07-20 14:35:00,VIC1,5486.65,,,
2026-07-20 14:40:00,NSW1,6932.84,,,
2026-07-20 14:40:00,QLD1,5448.9,,,
2026-07-20 14:40:00,SA1,1218.79,,,
2026-07-20 14:40:00,TAS1,1142.31,,,
2026-07-20 14:40:00,VIC1,5487.08,,,
2026-07-20 15:00:00,NSW1,,6991.31,,2701.5
2026-07-20 15:00:00,QLD1,,5495.98,,2123.752
2026-07-20 15:00:00,SA1,,1261.22,,665.652
2026-07-20 15:00:00,TAS1,,1133.0,,53.467
2026-07-20 15:00:00,VIC1,,5581.47,,1421.209
2026-07-20 15:30:00,NSW1,,7418.09,,2088.847
2026-07-20 15:30:00,QLD1,,5848.03,,1692.102
2026-07-20 15:30:00,SA1,,1372.37,,572.981
2026-07-20 15:30:00,TAS1,,1156.0,,36.372
2026-07-20 15:30:00,VIC1,,5762.34,,1146.184
2026-07-20 16:00:00,NSW1,,7929.73,,1435.19
2026-07-20 16:00:00,QLD1,,6317.5,,1218.64
2026-07-20 16:00:00,SA1,,1437.8,,454.977
2026-07-20 16:00:00,TAS1,,1181.0,,22.218
2026-07-20 16:00:00,VIC1,,6119.69,,830.07
2026-07-20 16:30:00,NSW1,,8539.17,608.089,566.718
2026-07-20 16:30:00,QLD1,,6798.67,692.892,719.559
2026-07-20 16:30:00,SA1,,1533.18,334.992,325.069
2026-07-20 16:30:00,TAS1,,1212.0,12.231,1.604
2026-07-20 16:30:00,VIC1,,6551.01,379.845,477.678
2026-07-20 17:00:00,NSW1,,9202.41,176.265,176.434
2026-07-20 17:00:00,QLD1,,7236.85,295.405,275.668
2026-07-20 17:00:00,SA1,,1668.64,203.206,193.327
2026-07-20 17:00:00,TAS1,,1258.0,1.298,0.0
2026-07-20 17:00:00,VIC1,,7009.78,129.822,122.428
2026-07-20 17:30:00,NSW1,,9842.54,,0.0
2026-07-20 17:30:00,QLD1,,7482.19,,61.129
2026-07-20 17:30:00,SA1,,1713.78,,21.301
2026-07-20 17:30:00,TAS1,,1300.0,,0.0
2026-07-20 17:30:00,VIC1,,7715.0,,0.0
2026-07-20 17:40:00,NSW1,10292.04,,,
2026-07-20 17:40:00,QLD1,7736.66,,,
2026-07-20 17:40:00,SA1,1921.85,,,
2026-07-20 17:40:00,TAS1,1348.49,,,
2026-07-20 17:40:00,VIC1,8081.84,,,
2026-07-20 17:45:00,NSW1,10474.71,,,
2026-07-20 17:45:00,QLD1,7717.93,,,
2026-07-20 17:45:00,SA1,1960.4,,,
2026-07-20 17:45:00,TAS1,1355.6,,,
2026-07-20 17:45:00,VIC1,8116.73,,,
2026-07-20 18:00:00,NSW1,,10441.93,,0.0
2026-07-20 18:00:00,QLD1,,7655.29,,0.0
2026-07-20 18:00:00,SA1,,1901.6,,0.491
2026-07-20 18:00:00,TAS1,,1324.0,,0.0
2026-07-20 18:00:00,VIC1,,8075.79,,0.0
2026-07-20 18:30:00,NSW1,,10531.42,,0.0
2026-07-20 18:30:00,QLD1,,7698.66,,0.0
2026-07-20 18:30:00,SA1,,2038.37,,0.0
2026-07-20 18:30:00,TAS1,,1326.0,,0.0
2026-07-20 18:30:00,VIC1,,8151.94,,0.0
2026-07-20 19:00:00,NSW1,,10482.61,0.0,0.0
2026-07-20 19:00:00,QLD1,,7683.64,0.0,0.0
2026-07-20 19:00:00,SA1,,2101.88,0.0,0.0
2026-07-20 19:00:00,TAS1,,1312.0,0.0,0.0
2026-07-20 19:00:00,VIC1,,8138.66,0.0,0.0
2026-07-20 19:30:00,NSW1,,10367.38,0.0,0.0
2026-07-20 19:30:00,QLD1,,7555.31,0.0,0.0
2026-07-20 19:30:00,SA1,,2094.38,0.0,0.0
2026-07-20 19:30:00,TAS1,,1290.0,0.0,0.0
2026-07-20 19:30:00,VIC1,,8012.42,0.0,0.0
2026-07-20 20:00:00,NSW1,,10272.84,,0.0
2026-07-20 20:00:00,QLD1,,7373.7,,0.0
2026-07-20 20:00:00,SA1,,2079.96,,0.0
2026-07-20 20:00:00,TAS1,,1271.0,,0.0
2026-07-20 20:00:00,VIC1,,7857.86,,0.0
2026-07-20 20:25:00,NSW1,10147.85,,,
2026-07-20 20:25:00,QLD1,7120.27,,,
2026-07-20 20:25:00,SA1,2036.68,,,
2026-07-20 20:25:00,TAS1,1261.42,,,
2026-07-20 20:25:00,VIC1,7577.45,,,
2026-07-20 20:30:00,NSW1,10101.74,10142.13,,0.0
2026-07-20 20:30:00,QLD1,7098.83,7198.98,,0.0
2026-07-20 20:30:00,SA1,2030.71,2045.91,,0.0
2026-07-20 20:30:00,TAS1,1258.72,1239.0,,0.0
2026-07-20 20:30:00,VIC1,7544.13,7656.14,,0.0
2026-07-20 21:00:00,NSW1,,9973.37,,0.0
2026-07-20 21:00:00,QLD1,,7104.52,,0.0
2026-07-20 21:00:00,SA1,,2001.37,,0.0
2026-07-20 21:00:00,TAS1,,1216.0,,0.0
2026-07-20 21:00:00,VIC1,,7462.74,,0.0
2026-07-20 21:30:00,NSW1,,9741.05,0.0,0.0
2026-07-20 21:30:00,QLD1,,7047.35,0.0,0.0
2026-07-20 21:30:00,SA1,,1954.46,0.0,0.0
2026-07-20 21:30:00,TAS1,,1195.0,0.0,0.0
2026-07-20 21:30:00,VIC1,,7233.99,0.0,0.0
2026-07-20 22:00:00,NSW1,,9358.04,0.0,0.0
2026-07-20 22:00:00,QLD1,,6849.83,0.0,0.0
2026-07-20 22:00:00,SA1,,1884.03,0.0,0.0
2026-07-20 22:00:00,TAS1,,1198.0,0.0,0.0
2026-07-20 22:00:00,VIC1,,6871.49,0.0,0.0
2026-07-20 22:30:00,NSW1,9102.69,9145.63,,0.0
2026-07-20 22:30:00,QLD1,6448.52,6633.64,,0.0
2026-07-20 22:30:00,SA1,1719.05,1790.79,,0.0
2026-07-20 22:30:00,TAS1,1154.87,1157.0,,0.0
2026-07-20 22:30:00,VIC1,6308.54,6519.95,,0.0
2026-07-20 22:35:00,NSW1,8932.99,,,
2026-07-20 22:35:00,QLD1,6401.21,,,
2026-07-20 22:35:00,SA1,1707.76,,,
2026-07-20 22:35:00,TAS1,1147.02,,,
2026-07-20 22:35:00,VIC1,6268.2,,,
2026-07-20 23:00:00,NSW1,,8884.99,,0.0
2026-07-20 23:00:00,QLD1,,6376.55,,0.0
2026-07-20 23:00:00,SA1,,1685.91,,0.0
2026-07-20 23:00:00,TAS1,,1126.0,,0.0
2026-07-20 23:00:00,VIC1,,6209.77,,0.0
2026-07-20 23:30:00,NSW1,,8652.63,0.0,0.0
2026-07-20 23:30:00,QLD1,,6117.17,0.0,0.0
2026-07-20 23:30:00,SA1,,1604.55,0.0,0.0
2026-07-20 23:30:00,TAS1,,1097.0,0.0,0.0
2026-07-20 23:30:00,VIC1,,6119.1,0.0,0.0
2026-07-21 00:00:00,NSW1,,8455.83,0.0,0.0
2026-07-21 00:00:00,QLD1,,5959.42,0.0,0.0
2026-07-21 00:00:00,SA1,,1587.08,0.0,0.0
2026-07-21 00:00:00,TAS1,,1073.0,0.0,0.0
2026-07-21 00:00:00,VIC1,,5983.45,0.0,0.0
2026-07-21 00:30:00,NSW1,,8198.62,,0.0
2026-07-21 00:30:00,QLD1,,5871.58,,0.0
2026-07-21 00:30:00,SA1,,1547.9,,0.0
2026-07-21 00:30:00,TAS1,,1019.0,,0.0
2026-07-21 00:30:00,VIC1,,5860.69,,0.0
2026-07-21 00:50:00,NSW1,8188.16,,,
2026-07-21 00:50:00,QLD1,5657.55,,,
2026-07-21 00:50:00,SA1,1582.8,,,
2026-07-21 00:50:00,TAS1,1033.42,,,
2026-07-21 00:50:00,VIC1,5644.54,,,
2026-07-21 00:55:00,NSW1,8159.02,,,
2026-07-21 00:55:00,QLD1,5678.19,,,
2026-07-21 00:55:00,SA1,1580.52,,,
2026-07-21 00:55:00,TAS1,1025.89,,,
2026-07-21 00:55:00,VIC1,5623.71,,,
2026-07-21 01:00:00,NSW1,,8192.38,0.0,0.0
2026-07-21 01:00:00,QLD1,,5717.1,0.0,0.0
2026-07-21 01:00:00,SA1,,1582.7,0.0,0.0
2026-07-21 01:00:00,TAS1,,994.0,0.0,0.0
2026-07-21 01:00:00,VIC1,,5715.13,0.0,0.0
2026-07-21 01:30:00,NSW1,,8017.4,0.0,0.0
2026-07-21 01:30:00,QLD1,,5621.49,0.0,0.0
2026-07-21 01:30:00,SA1,,1552.94,0.0,0.0
2026-07-21 01:30:00,TAS1,,990.0,0.0,0.0
2026-07-21 01:30:00,VIC1,,5559.65,0.0,0.0
2026-07-21 02:00:00,NSW1,,7760.85,,0.0
2026-07-21 02:00:00,QLD1,,5571.29,,0.0
2026-07-21 02:00:00,SA1,,1526.29,,0.0
2026-07-21 02:00:00,TAS1,,988.0,,0.0
2026-07-21 02:00:00,VIC1,,5437.03,,0.0
2026-07-21 02:15:00,NSW1,7679.19,,,
2026-07-21 02:15:00,QLD1,5440.78,,,
2026-07-21 02:15:00,SA1,1486.73,,,
2026-07-21 02:15:00,TAS1,1006.5,,,
2026-07-21 02:15:00,VIC1,5272.67,,,
2026-07-21 02:20:00,NSW1,7615.63,,,
2026-07-21 02:20:00,QLD1,5470.97,,,
2026-07-21 02:20:00,SA1,1463.55,,,
2026-07-21 02:20:00,TAS1,1006.98,,,
2026-07-21 02:20:00,VIC1,5270.98,,,
2026-07-21 02:30:00,NSW1,,7571.38,,0.0
2026-07-21 02:30:00,QLD1,,5461.08,,0.0
2026-07-21 02:30:00,SA1,,1495.04,,0.0
2026-07-21 02:30:00,TAS1,,975.0,,0.0
2026-07-21 02:30:00,VIC1,,5316.13,,0.0
2026-07-21 03:00:00,NSW1,,7446.46,0.0,0.0
2026-07-21 03:00:00,QLD1,,5443.88,0.0,0.0
2026-07-21 03:00:00,SA1,,1453.16,0.0,0.0
2026-07-21 03:00:00,TAS1,,979.0,0.0,0.0
2026-07-21 03:00:00,VIC1,,5202.82,0.0,0.0
2026-07-21 03:30:00,NSW1,,7426.37,0.0,0.0
2026-07-21 03:30:00,QLD1,,5465.37,0.0,0.0
2026-07-21 03:30:00,SA1,,1424.39,0.0,0.0
2026-07-21 03:30:00,TAS1,,984.0,0.0,0.0
2026-07-21 03:30:00,VIC1,,5161.19,0.0,0.0
2026-07-21 04:00:00,NSW1,,7494.33,,0.0
2026-07-21 04:00:00,QLD1,,5494.19,,0.0
2026-07-21 04:00:00,SA1,,1464.16,,0.0
2026-07-21 04:00:00,TAS1,,1001.0,,0.0
2026-07-21 04:00:00,VIC1,,5164.41,,0.0
2026-07-21 04:20:00,NSW1,7552.9,,,
2026-07-21 04:20:00,QLD1,5618.24,,,
2026-07-21 04:20:00,SA1,1407.54,,,
2026-07-21 04:20:00,TAS1,1042.61,,,
2026-07-21 04:20:00,VIC1,5208.31,,,
2026-07-21 04:25:00,NSW1,7564.34,,,
2026-07-21 04:25:00,QLD1,5640.46,,,
2026-07-21 04:25:00,SA1,1401.45,,,
2026-07-21 04:25:00,TAS1,1049.62,,,
2026-07-21 04:25:00,VIC1,5276.33,,,
2026-07-21 04:30:00,NSW1,,7583.35,0.0,0.0
2026-07-21 04:30:00,QLD1,,5566.9,0.0,0.0
2026-07-21 04:30:00,SA1,,1422.41,0.0,0.0
2026-07-21 04:30:00,TAS1,,1006.0,0.0,0.0
2026-07-21 04:30:00,VIC1,,5212.76,0.0,0.0
2026-07-21 05:00:00,NSW1,,7679.24,0.0,0.0
2026-07-21 05:00:00,QLD1,,5683.83,0.0,0.0
2026-07-21 05:00:00,SA1,,1427.82,0.0,0.0
2026-07-21 05:00:00,TAS1,,1020.0,0.0,0.0
2026-07-21 05:00:00,VIC1,,5292.59,0.0,0.0
2026-07-21 05:30:00,NSW1,,7966.21,,0.0
2026-07-21 05:30:00,QLD1,,5931.54,,0.0
2026-07-21 05:30:00,SA1,,1395.67,,0.0
2026-07-21 05:30:00,TAS1,,1060.0,,0.0
2026-07-21 05:30:00,VIC1,,5526.08,,0.0
2026-07-21 05:55:00,NSW1,8490.87,,,
2026-07-21 05:55:00,QLD1,6340.61,,,
2026-07-21 05:55:00,SA1,1480.73,,,
2026-07-21 05:55:00,TAS1,1136.77,,,
2026-07-21 05:55:00,VIC1,5957.58,,,
2026-07-21 06:00:00,NSW1,8638.29,8384.13,0.0,0.0
2026-07-21 06:00:00,QLD1,6399.95,6206.91,0.0,0.0
2026-07-21 06:00:00,SA1,1486.17,1426.61,0.0,0.0
2026-07-21 06:00:00,TAS1,1145.31,1089.0,0.0,0.0
2026-07-21 06:00:00,VIC1,6047.68,5826.18,0.0,0.0
2026-07-21 06:30:00,NSW1,,9073.27,0.0,0.0
2026-07-21 06:30:00,QLD1,,6563.26,1.633,0.0
2026-07-21 06:30:00,SA1,,1495.56,0.0,0.0
2026-07-21 06:30:00,TAS1,,1146.0,0.0,0.0
2026-07-21 06:30:00,VIC1,,6335.69,0.0,0.0
2026-07-21 07:00:00,NSW1,,9900.59,34.866,0.0
2026-07-21 07:00:00,QLD1,,6841.12,140.611,81.0
2026-07-21 07:00:00,SA1,,1581.81,0.0,0.0
2026-07-21 07:00:00,TAS1,,1210.0,0.0,0.0
2026-07-21 07:00:00,VIC1,,6946.27,0.0,0.0
2026-07-21 07:15:00,NSW1,10489.5,,,
2026-07-21 07:15:00,QLD1,7114.64,,,
2026-07-21 07:15:00,SA1,1734.55,,,
2026-07-21 07:15:00,TAS1,1276.57,,,
2026-07-21 07:15:00,VIC1,7585.29,,,
2026-07-21 07:20:00,NSW1,10559.01,,,
2026-07-21 07:20:00,QLD1,7116.92,,,
2026-07-21 07:20:00,SA1,1719.13,,,
2026-07-21 07:20:00,TAS1,1289.37,,,
2026-07-21 07:20:00,VIC1,7674.13,,,
2026-07-21 07:30:00,NSW1,,10510.03,242.55,130.606
2026-07-21 07:30:00,QLD1,,7041.31,469.162,255.17
2026-07-21 07:30:00,SA1,,1671.3,0.0,0.0
2026-07-21 07:30:00,TAS1,,1247.0,0.29,0.0
2026-07-21 07:30:00,VIC1,,7553.66,3.796,0.0
2026-07-21 08:00:00,NSW1,,10576.93,707.086,484.852
2026-07-21 08:00:00,QLD1,,6892.34,886.581,650.662
2026-07-21 08:00:00,SA1,,1791.75,4.47,0.0
2026-07-21 08:00:00,TAS1,,1294.0,3.943,4.182
2026-07-21 08:00:00,VIC1,,7919.32,37.817,52.478
2026-07-21 08:10:00,NSW1,10397.87,,,
2026-07-21 08:10:00,QLD1,6548.18,,,
2026-07-21 08:10:00,SA1,1957.12,,,
2026-07-21 08:10:00,TAS1,1353.49,,,
2026-07-21 08:10:00,VIC1,8071.55,,,
2026-07-21 08:15:00,NSW1,10353.2,,,
2026-07-21 08:15:00,QLD1,6495.47,,,
2026-07-21 08:15:00,SA1,1957.5,,,
2026-07-21 08:15:00,TAS1,1352.95,,,
2026-07-21 08:15:00,VIC1,8093.87,,,
2026-07-21 08:30:00,NSW1,,10348.96,1263.999,1073.683
2026-07-21 08:30:00,QLD1,,6512.82,1288.742,1110.971
2026-07-21 08:30:00,SA1,,1901.01,37.612,28.936
2026-07-21 08:30:00,TAS1,,1303.0,15.426,11.967
2026-07-21 08:30:00,VIC1,,8111.8,307.952,214.628
2026-07-21 09:00:00,NSW1,,9762.48,1795.868,1651.728
2026-07-21 09:00:00,QLD1,,6101.76,1699.761,1547.717
2026-07-21 09:00:00,SA1,,1902.96,212.92,122.948
2026-07-21 09:00:00,TAS1,,1310.0,28.64,24.815
2026-07-21 09:00:00,VIC1,,7842.79,646.269,506.174
2026-07-21 09:10:00,NSW1,9070.1,,,
2026-07-21 09:10:00,QLD1,5755.08,,,
2026-07-21 09:10:00,SA1,1841.39,,,
2026-07-21 09:10:00,TAS1,1328.55,,,
2026-07-21 09:10:00,VIC1,7643.98,,,
2026-07-21 09:15:00,NSW1,9081.6,,,
2026-07-21 09:15:00,QLD1,5703.31,,,
2026-07-21 09:15:00,SA1,1823.65,,,
2026-07-21 09:15:00,TAS1,1321.79,,,
2026-07-21 09:15:00,VIC1,7608.0,,,
2026-07-21 09:30:00,NSW1,,9029.32,2297.012,2317.791
2026-07-21 09:30:00,QLD1,,5712.28,2096.252,1977.899
2026-07-21 09:30:00,SA1,,1877.03,332.603,244.659
2026-07-21 09:30:00,TAS1,,1282.0,37.835,30.166
2026-07-21 09:30:00,VIC1,,7752.68,988.464,827.542
2026-07-21 10:00:00,NSW1,,8447.4,,2882.481
2026-07-21 10:00:00,QLD1,,5413.28,,2250.681
2026-07-21 10:00:00,SA1,,1751.31,,359.649
2026-07-21 10:00:00,TAS1,,1278.0,,39.736
2026-07-21 10:00:00,VIC1,,7140.19,,1049.376
2026-07-21 10:05:00,NSW1,8245.42,,,
2026-07-21 10:05:00,QLD1,5468.67,,,
2026-07-21 10:05:00,SA1,1646.57,,,
2026-07-21 10:05:00,TAS1,1266.3,,,
2026-07-21 10:05:00,VIC1,6540.81,,,
2026-07-21 10:10:00,NSW1,8280.14,,,
2026-07-21 10:10:00,QLD1,5457.64,,,
2026-07-21 10:10:00,SA1,1625.02,,,
2026-07-21 10:10:00,TAS1,1272.93,,,
2026-07-21 10:10:00,VIC1,6603.65,,,
2026-07-21 10:30:00,NSW1,,8063.9,,3300.822
2026-07-21 10:30:00,QLD1,,5441.4,,2497.881
2026-07-21 10:30:00,SA1,,1651.71,,454.079
2026-07-21 10:30:00,TAS1,,1240.0,,52.209
2026-07-21 10:30:00,VIC1,,6459.93,,1347.359
2026-07-21 11:00:00,NSW1,,7601.17,,3569.745
2026-07-21 11:00:00,QLD1,,5360.46,,2681.315
2026-07-21 11:00:00,SA1,,1591.84,,560.532
2026-07-21 11:00:00,TAS1,,1221.0,,61.902
2026-07-21 11:00:00,VIC1,,6174.78,,1564.46
2026-07-21 11:30:00,NSW1,,7080.66,,3784.542
2026-07-21 11:30:00,QLD1,,5358.62,,2796.895
2026-07-21 11:30:00,SA1,,1523.97,,645.676
2026-07-21 11:30:00,TAS1,,1210.0,,68.775
2026-07-21 11:30:00,VIC1,,6064.47,,1724.956
2026-07-21 12:00:00,NSW1,,6658.67,,3907.171
2026-07-21 12:00:00,QLD1,,5345.71,,2825.013
2026-07-21 12:00:00,SA1,,1450.22,,708.03
2026-07-21 12:00:00,TAS1,,1194.0,,75.096
2026-07-21 12:00:00,VIC1,,5925.24,,1798.862
2026-07-21 12:30:00,NSW1,,6364.91,3611.674,3929.651
2026-07-21 12:30:00,QLD1,,5300.2,2310.859,2816.981
2026-07-21 12:30:00,SA1,,1376.09,1087.284,756.369
2026-07-21 12:30:00,TAS1,,1183.0,67.756,73.718
2026-07-21 12:30:00,VIC1,,5817.15,1864.763,1791.071
2026-07-21 13:00:00,NSW1,,6190.85,3502.225,3860.587
2026-07-21 13:00:00,QLD1,,5250.35,2252.527,2683.328
2026-07-21 13:00:00,SA1,,1322.94,973.242,793.616
2026-07-21 13:00:00,TAS1,,1174.0,59.643,69.171
2026-07-21 13:00:00,VIC1,,5770.6,1778.018,1732.233
2026-07-21 13:30:00,NSW1,,6736.26,,3642.636
2026-07-21 13:30:00,QLD1,,5531.07,,2514.317
2026-07-21 13:30:00,SA1,,1147.36,,1020.277
2026-07-21 13:30:00,TAS1,,1182.0,,76.321
2026-07-21 13:30:00,VIC1,,5746.43,,1741.335
2026-07-21 13:40:00,NSW1,6597.89,,,
2026-07-21 13:40:00,QLD1,5292.48,,,
2026-07-21 13:40:00,SA1,1183.12,,,
2026-07-21 13:40:00,TAS1,1230.58,,,
2026-07-21 13:40:00,VIC1,6096.06,,,
2026-07-21 13:45:00,NSW1,6528.01,,,
2026-07-21 13:45:00,QLD1,5335.82,,,
2026-07-21 13:45:00,SA1,1143.12,,,
2026-07-21 13:45:00,TAS1,1239.35,,,
2026-07-21 13:45:00,VIC1,6172.22,,,
2026-07-21 14:00:00,NSW1,,6684.81,,3352.7
2026-07-21 14:00:00,QLD1,,5409.44,,2298.794
2026-07-21 14:00:00,SA1,,1203.89,,860.735
2026-07-21 14:00:00,TAS1,,1198.0,,59.209
2026-07-21 14:00:00,VIC1,,5987.91,,1520.753
2026-07-21 14:30:00,NSW1,,6830.41,,2954.022
2026-07-21 14:30:00,QLD1,,5507.08,,2053.518
2026-07-21 14:30:00,SA1,,1225.77,,790.04
2026-07-21 14:30:00,TAS1,,1211.0,,48.257
2026-07-21 14:30:00,VIC1,,5973.49,,1280.8
2026-07-21 15:00:00,NSW1,,7117.41,2186.014,2470.86
2026-07-21 15:00:00,QLD1,,5739.21,1439.851,1737.939
2026-07-21 15:00:00,SA1,,1279.74,724.183,695.475
2026-07-21 15:00:00,TAS1,,1217.0,26.84,35.965
2026-07-21 15:00:00,VIC1,,5969.19,914.229,1041.719
2026-07-21 15:30:00,NSW1,,7540.21,1668.063,1896.375
2026-07-21 15:30:00,QLD1,,6090.64,1129.992,1366.3
2026-07-21 15:30:00,SA1,,1352.53,566.854,587.616
2026-07-21 15:30:00,TAS1,,1228.0,23.033,25.268
2026-07-21 15:30:00,VIC1,,6083.67,741.365,803.661
2026-07-21 16:00:00,NSW1,,7988.86,,1293.712
2026-07-21 16:00:00,QLD1,,6495.8,,905.067
2026-07-21 16:00:00,SA1,,1324.05,,490.907
2026-07-21 16:00:00,TAS1,,1220.0,,15.469
2026-07-21 16:00:00,VIC1,,6576.67,,560.242
2026-07-21 16:10:00,NSW1,8487.97,,,
2026-07-21 16:10:00,QLD1,6748.13,,,
2026-07-21 16:10:00,SA1,1350.45,,,
2026-07-21 16:10:00,TAS1,1219.55,,,
2026-07-21 16:10:00,VIC1,6850.15,,,
2026-07-21 16:15:00,NSW1,8597.81,,,
2026-07-21 16:15:00,QLD1,6868.24,,,
2026-07-21 16:15:00,SA1,1365.06,,,
2026-07-21 16:15:00,TAS1,1228.8,,,
2026-07-21 16:15:00,VIC1,6930.75,,,
2026-07-21 16:30:00,NSW1,,8522.66,,254.438
2026-07-21 16:30:00,QLD1,,6899.79,,531.691
2026-07-21 16:30:00,SA1,,1427.52,,336.727
2026-07-21 16:30:00,TAS1,,1222.0,,1.685
2026-07-21 16:30:00,VIC1,,6929.59,,311.722
2026-07-21 17:00:00,NSW1,,9248.54,,49.516
2026-07-21 17:00:00,QLD1,,7279.63,,165.988
2026-07-21 17:00:00,SA1,,1587.51,,199.464
2026-07-21 17:00:00,TAS1,,1262.0,,0.251
2026-07-21 17:00:00,VIC1,,7260.09,,12.723
2026-07-21 17:30:00,NSW1,,9790.22,5.382,0.0
2026-07-21 17:30:00,QLD1,,7599.54,53.07,27.602
2026-07-21 17:30:00,SA1,,1755.96,90.086,22.831
2026-07-21 17:30:00,TAS1,,1309.0,0.0,0.0
2026-07-21 17:30:00,VIC1,,7580.02,7.767,0.0
2026-07-21 18:00:00,NSW1,,10354.06,0.0,0.0
2026-07-21 18:00:00,QLD1,,7946.51,7.148,0.0
2026-07-21 18:00:00,SA1,,1903.69,6.382,9.215
2026-07-21 18:00:00,TAS1,,1344.0,0.0,0.0
2026-07-21 18:00:00,VIC1,,7917.16,0.0,0.0
2026-07-21 18:30:00,NSW1,,10643.42,,0.0
2026-07-21 18:30:00,QLD1,,7787.07,,0.0
2026-07-21 18:30:00,SA1,,1950.94,,0.0
2026-07-21 18:30:00,TAS1,,1301.0,,0.0
2026-07-21 18:30:00,VIC1,,8095.61,,0.0
2026-07-21 18:45:00,NSW1,10653.37,,,
2026-07-21 18:45:00,QLD1,7703.03,,,
2026-07-21 18:45:00,SA1,2054.24,,,
2026-07-21 18:45:00,TAS1,1311.65,,,
2026-07-21 18:45:00,VIC1,8061.43,,,
2026-07-21 18:50:00,NSW1,10612.24,,,
2026-07-21 18:50:00,QLD1,7739.51,,,
2026-07-21 18:50:00,SA1,2062.61,,,
2026-07-21 18:50:00,TAS1,1304.79,,,
2026-07-21 18:50:00,VIC1,8009.99,,,
2026-07-21 19:00:00,NSW1,,10702.33,,0.0
2026-07-21 19:00:00,QLD1,,7762.85,,0.0
2026-07-21 19:00:00,SA1,,2031.45,,0.0
2026-07-21 19:00:00,TAS1,,1298.0,,0.0
2026-07-21 19:00:00,VIC1,,8103.14,,0.0
2026-07-21 19:30:00,NSW1,,10562.94,0.0,0.0
2026-07-21 19:30:00,QLD1,,7604.19,0.0,0.0
2026-07-21 19:30:00,SA1,,2035.59,0.0,0.0
2026-07-21 19:30:00,TAS1,,1276.0,0.0,0.0
2026-07-21 19:30:00,VIC1,,7923.31,0.0,0.0
2026-07-21 20:00:00,NSW1,,10397.41,0.0,0.0
2026-07-21 20:00:00,QLD1,,7478.82,0.0,0.0
2026-07-21 20:00:00,SA1,,2014.45,0.0,0.0
2026-07-21 20:00:00,TAS1,,1252.0,0.0,0.0
2026-07-21 20:00:00,VIC1,,7735.41,0.0,0.0
2026-07-21 20:30:00,NSW1,,10241.04,,0.0
2026-07-21 20:30:00,QLD1,,7346.53,,0.0
2026-07-21 20:30:00,SA1,,1988.71,,0.0
2026-07-21 20:30:00,TAS1,,1241.0,,0.0
2026-07-21 20:30:00,VIC1,,7653.87,,0.0
2026-07-21 20:50:00,NSW1,10070.74,,,
2026-07-21 20:50:00,QLD1,7282.05,,,
2026-07-21 20:50:00,SA1,1934.72,,,
2026-07-21 20:50:00,TAS1,1250.41,,,
2026-07-21 20:50:00,VIC1,7350.03,,,
2026-07-21 20:55:00,NSW1,10009.89,,,
2026-07-21 20:55:00,QLD1,7358.82,,,
2026-07-21 20:55:00,SA1,1938.36,,,
2026-07-21 20:55:00,TAS1,1243.58,,,
2026-07-21 20:55:00,VIC1,7247.54,,,
2026-07-21 21:00:00,NSW1,,10090.1,0.0,0.0
2026-07-21 21:00:00,QLD1,,7158.1,0.0,0.0
2026-07-21 21:00:00,SA1,,1920.63,0.0,0.0
2026-07-21 21:00:00,TAS1,,1221.0,0.0,0.0
2026-07-21 21:00:00,VIC1,,7404.42,0.0,0.0
2026-07-21 21:30:00,NSW1,,9819.43,0.0,0.0
2026-07-21 21:30:00,QLD1,,7080.15,0.0,0.0
2026-07-21 21:30:00,SA1,,1880.85,0.0,0.0
2026-07-21 21:30:00,TAS1,,1195.0,0.0,0.0
2026-07-21 21:30:00,VIC1,,7141.4,0.0,0.0
2026-07-21 22:00:00,NSW1,,9457.4,,0.0
2026-07-21 22:00:00,QLD1,,7007.37,,0.0
2026-07-21 22:00:00,SA1,,1819.91,,0.0
2026-07-21 22:00:00,TAS1,,1154.0,,0.0
2026-07-21 22:00:00,VIC1,,6798.78,,0.0
2026-07-21 22:10:00,NSW1,9299.37,,,
2026-07-21 22:10:00,QLD1,6744.67,,,
2026-07-21 22:10:00,SA1,1746.27,,,
2026-07-21 22:10:00,TAS1,1118.22,,,
2026-07-21 22:10:00,VIC1,6544.11,,,
2026-07-21 22:15:00,NSW1,9210.9,,,
2026-07-21 22:15:00,QLD1,6780.77,,,
2026-07-21 22:15:00,SA1,1738.03,,,
2026-07-21 22:15:00,TAS1,1106.25,,,
2026-07-21 22:15:00,VIC1,6487.9,,,
2026-07-21 22:30:00,NSW1,,9229.19,,0.0
2026-07-21 22:30:00,QLD1,,6793.41,,0.0
2026-07-21 22:30:00,SA1,,1730.71,,0.0
2026-07-21 22:30:00,TAS1,,1095.0,,0.0
2026-07-21 22:30:00,VIC1,,6464.04,,0.0
2026-07-21 23:00:00,NSW1,,8956.95,0.0,0.0
2026-07-21 23:00:00,QLD1,,6519.09,0.0,0.0
2026-07-21 23:00:00,SA1,,1643.88,0.0,0.0
2026-07-21 23:00:00,TAS1,,1057.0,0.0,0.0
2026-07-21 23:00:00,VIC1,,6194.08,0.0,0.0
2026-07-21 23:30:00,NSW1,,8731.87,0.0,0.0
2026-07-21 23:30:00,QLD1,,6244.76,0.0,0.0
2026-07-21 23:30:00,SA1,,1561.93,0.0,0.0
2026-07-21 23:30:00,TAS1,,1023.0,0.0,0.0
2026-07-21 23:30:00,VIC1,,6118.64,0.0,0.0
2026-07-22 00:00:00,NSW1,,8478.9,,0.0
2026-07-22 00:00:00,QLD1,,6129.58,,0.0
2026-07-22 00:00:00,SA1,,1561.07,,0.0
2026-07-22 00:00:00,TAS1,,995.0,,0.0
2026-07-22 00:00:00,VIC1,,5990.98,,0.0
2026-07-22 00:20:00,NSW1,8418.04,,,
2026-07-22 00:20:00,QLD1,5926.44,,,
2026-07-22 00:20:00,SA1,1558.15,,,
2026-07-22 00:20:00,TAS1,940.68,,,
2026-07-22 00:20:00,VIC1,5749.29,,,
2026-07-22 00:25:00,NSW1,8374.63,,,
2026-07-22 00:25:00,QLD1,5906.98,,,
2026-07-22 00:25:00,SA1,1537.74,,,
2026-07-22 00:25:00,TAS1,942.3,,,
2026-07-22 00:25:00,VIC1,5768.88,,,
2026-07-22 00:30:00,NSW1,,8226.26,0.0,0.0
2026-07-22 00:30:00,QLD1,,5967.4,0.0,0.0
2026-07-22 00:30:00,SA1,,1559.98,0.0,0.0
2026-07-22 00:30:00,TAS1,,959.0,0.0,0.0
2026-07-22 00:30:00,VIC1,,5792.19,0.0,0.0
2026-07-22 01:00:00,NSW1,,8093.39,0.0,0.0
2026-07-22 01:00:00,QLD1,,5817.91,0.0,0.0
2026-07-22 01:00:00,SA1,,1567.43,0.0,0.0
2026-07-22 01:00:00,TAS1,,945.0,0.0,0.0
2026-07-22 01:00:00,VIC1,,5620.97,0.0,0.0
2026-07-22 01:30:00,NSW1,,8106.7,,0.0
2026-07-22 01:30:00,QLD1,,5715.65,,0.0
2026-07-22 01:30:00,SA1,,1555.92,,0.0
2026-07-22 01:30:00,TAS1,,913.0,,0.0
2026-07-22 01:30:00,VIC1,,5497.66,,0.0
2026-07-22 01:55:00,NSW1,7746.9,,,
2026-07-22 01:55:00,QLD1,5557.48,,,
2026-07-22 01:55:00,SA1,1545.37,,,
2026-07-22 01:55:00,TAS1,931.69,,,
2026-07-22 01:55:00,VIC1,5247.79,,,
2026-07-22 02:00:00,NSW1,7615.12,7751.48,0.0,0.0
2026-07-22 02:00:00,QLD1,5584.63,5626.86,0.0,0.0
2026-07-22 02:00:00,SA1,1558.68,1529.57,0.0,0.0
2026-07-22 02:00:00,TAS1,938.68,894.0,0.0,0.0
2026-07-22 02:00:00,VIC1,5187.5,5378.8,0.0,0.0
2026-07-22 02:30:00,NSW1,,7580.99,0.0,0.0
2026-07-22 02:30:00,QLD1,,5587.43,0.0,0.0
2026-07-22 02:30:00,SA1,,1494.71,0.0,0.0
2026-07-22 02:30:00,TAS1,,902.0,0.0,0.0
2026-07-22 02:30:00,VIC1,,5238.99,0.0,0.0
2026-07-22 03:00:00,NSW1,,7441.21,,0.0
2026-07-22 03:00:00,QLD1,,5520.75,,0.0
2026-07-22 03:00:00,SA1,,1490.87,,0.0
2026-07-22 03:00:00,TAS1,,916.0,,0.0
2026-07-22 03:00:00,VIC1,,5073.65,,0.0
2026-07-22 03:20:00,NSW1,7424.96,,,
2026-07-22 03:20:00,QLD1,5492.87,,,
2026-07-22 03:20:00,SA1,1452.91,,,
2026-07-22 03:20:00,TAS1,964.79,,,
2026-07-22 03:20:00,VIC1,4948.45,,,
2026-07-22 03:25:00,NSW1,7413.14,,,
2026-07-22 03:25:00,QLD1,5526.76,,,
2026-07-22 03:25:00,SA1,1472.67,,,
2026-07-22 03:25:00,TAS1,976.18,,,
2026-07-22 03:25:00,VIC1,4990.4,,,
2026-07-22 03:30:00,NSW1,,7333.42,0.0,0.0
2026-07-22 03:30:00,QLD1,,5530.12,0.0,0.0
2026-07-22 03:30:00,SA1,,1460.8,0.0,0.0
2026-07-22 03:30:00,TAS1,,947.0,0.0,0.0
2026-07-22 03:30:00,VIC1,,5040.71,0.0,0.0
2026-07-22 04:00:00,NSW1,,7305.39,0.0,0.0
2026-07-22 04:00:00,QLD1,,5553.8,0.0,0.0
2026-07-22 04:00:00,SA1,,1434.33,0.0,0.0
2026-07-22 04:00:00,TAS1,,956.0,0.0,0.0
2026-07-22 04:00:00,VIC1,,5012.6,0.0,0.0
2026-07-22 04:30:00,NSW1,,7452.07,0.0,0.0
2026-07-22 04:30:00,QLD1,,5637.29,0.0,0.0
2026-07-22 04:30:00,SA1,,1438.63,0.0,0.0
2026-07-22 04:30:00,TAS1,,974.0,0.0,0.0
2026-07-22 04:30:00,VIC1,,4999.08,0.0,0.0
2026-07-22 04:40:00,NSW1,7544.73,,,
2026-07-22 04:40:00,QLD1,5775.05,,,
2026-07-22 04:40:00,SA1,1413.32,,,
2026-07-22 04:40:00,TAS1,950.93,,,
2026-07-22 04:40:00,VIC1,5136.45,,,
2026-07-22 04:45:00,NSW1,7581.59,,,
2026-07-22 04:45:00,QLD1,5743.19,,,
2026-07-22 04:45:00,SA1,1386.58,,,
2026-07-22 04:45:00,TAS1,956.35,,,
2026-07-22 04:45:00,VIC1,5113.49,,,
2026-07-22 05:00:00,NSW1,,7572.6,0.0,0.0
2026-07-22 05:00:00,QLD1,,5751.87,0.0,0.0
2026-07-22 05:00:00,SA1,,1396.26,0.0,0.0
2026-07-22 05:00:00,TAS1,,972.0,0.0,0.0
2026-07-22 05:00:00,VIC1,,5127.06,0.0,0.0
2026-07-22 05:30:00,NSW1,,7854.26,,0.0
2026-07-22 05:30:00,QLD1,,5971.29,,0.0
2026-07-22 05:30:00,SA1,,1413.83,,0.0
2026-07-22 05:30:00,TAS1,,1007.0,,0.0
2026-07-22 05:30:00,VIC1,,5266.67,,0.0
2026-07-22 06:00:00,NSW1,8454.88,8182.16,0.0,0.0
2026-07-22 06:00:00,QLD1,6354.96,6163.66,0.0,0.0
2026-07-22 06:00:00,SA1,1487.64,1441.69,0.0,0.0
2026-07-22 06:00:00,TAS1,1003.7,1004.0,0.0,0.0
2026-07-22 06:00:00,VIC1,5729.67,5538.91,0.0,0.0
2026-07-22 06:05:00,NSW1,8579.33,,,
2026-07-22 06:05:00,QLD1,6367.43,,,
2026-07-22 06:05:00,SA1,1484.65,,,
2026-07-22 06:05:00,TAS1,1013.75,,,
2026-07-22 06:05:00,VIC1,5786.56,,,
2026-07-22 06:30:00,NSW1,,8869.57,0.0,0.0
2026-07-22 06:30:00,QLD1,,6524.07,2.79,0.0
2026-07-22 06:30:00,SA1,,1497.93,0.0,0.0
2026-07-22 06:30:00,TAS1,,1066.0,0.0,0.0
2026-07-22 06:30:00,VIC1,,6031.34,0.0,0.0
2026-07-22 07:00:00,NSW1,,9601.14,33.016,0.0
2026-07-22 07:00:00,QLD1,,6816.65,146.629,74.258
2026-07-22 07:00:00,SA1,,1533.04,0.0,0.0
2026-07-22 07:00:00,TAS1,,1071.0,0.0,0.0
2026-07-22 07:00:00,VIC1,,6614.44,0.0,0.0
2026-07-22 07:20:00,NSW1,10348.83,,,
2026-07-22 07:20:00,QLD1,7092.52,,,
2026-07-22 07:20:00,SA1,1710.7,,,
2026-07-22 07:20:00,TAS1,1184.49,,,
2026-07-22 07:20:00,VIC1,7357.68,,,
2026-07-22 07:25:00,NSW1,10455.19,,,
2026-07-22 07:25:00,QLD1,7052.36,,,
2026-07-22 07:25:00,SA1,1722.56,,,
2026-07-22 07:25:00,TAS1,1176.84,,,
2026-07-22 07:25:00,VIC1,7401.54,,,
2026-07-22 07:30:00,NSW1,,10231.35,239.776,138.827
2026-07-22 07:30:00,QLD1,,7026.68,484.995,251.825
2026-07-22 07:30:00,SA1,,1646.72,0.0,0.0
2026-07-22 07:30:00,TAS1,,1165.0,0.636,0.0
2026-07-22 07:30:00,VIC1,,7145.33,9.758,0.0
2026-07-22 08:00:00,NSW1,,10439.25,700.114,490.762
2026-07-22 08:00:00,QLD1,,6903.37,889.04,688.506
2026-07-22 08:00:00,SA1,,1755.6,21.218,0.0
2026-07-22 08:00:00,TAS1,,1222.0,6.354,4.357
2026-07-22 08:00:00,VIC1,,7670.2,89.971,55.867
2026-07-22 08:10:00,NSW1,10160.61,,,
2026-07-22 08:10:00,QLD1,6668.72,,,
2026-07-22 08:10:00,SA1,1897.6,,,
2026-07-22 08:10:00,TAS1,1207.48,,,
2026-07-22 08:10:00,VIC1,7787.49,,,
2026-07-22 08:15:00,NSW1,10138.27,,,
2026-07-22 08:15:00,QLD1,6592.18,,,
2026-07-22 08:15:00,SA1,1893.79,,,
2026-07-22 08:15:00,TAS1,1201.54,,,
2026-07-22 08:15:00,VIC1,7837.17,,,
2026-07-22 08:30:00,NSW1,,10088.52,1227.764,1062.473
2026-07-22 08:30:00,QLD1,,6587.59,1299.409,1175.736
2026-07-22 08:30:00,SA1,,1892.49,132.69,30.608
2026-07-22 08:30:00,TAS1,,1215.0,13.949,14.899
2026-07-22 08:30:00,VIC1,,7846.78,309.527,228.724
2026-07-22 09:00:00,NSW1,,9484.39,1759.142,1721.691
2026-07-22 09:00:00,QLD1,,6170.25,1725.949,1698.132
2026-07-22 09:00:00,SA1,,1823.57,297.778,134.508
2026-07-22 09:00:00,TAS1,,1208.0,24.487,32.105
2026-07-22 09:00:00,VIC1,,7635.74,501.814,534.315
2026-07-22 09:10:00,NSW1,8915.0,,,
2026-07-22 09:10:00,QLD1,5802.48,,,
2026-07-22 09:10:00,SA1,1626.88,,,
2026-07-22 09:10:00,TAS1,1217.84,,,
2026-07-22 09:10:00,VIC1,7438.0,,,
2026-07-22 09:15:00,NSW1,8793.18,,,
2026-07-22 09:15:00,QLD1,5760.2,,,
2026-07-22 09:15:00,SA1,1575.0,,,
2026-07-22 09:15:00,TAS1,1216.33,,,
2026-07-22 09:15:00,VIC1,7422.66,,,
2026-07-22 09:30:00,NSW1,,8820.99,2262.581,2277.651
2026-07-22 09:30:00,QLD1,,5704.67,2099.222,2034.337
2026-07-22 09:30:00,SA1,,1713.86,462.352,273.567
2026-07-22 09:30:00,TAS1,,1203.0,41.537,43.317
2026-07-22 09:30:00,VIC1,,7402.12,754.989,841.5
2026-07-22 10:00:00,NSW1,,8285.63,,2846.795
2026-07-22 10:00:00,QLD1,,5388.43,,2372.033
2026-07-22 10:00:00,SA1,,1456.6,,405.514
2026-07-22 10:00:00,TAS1,,1207.0,,63.752
2026-07-22 10:00:00,VIC1,,7060.17,,881.902
2026-07-22 10:05:00,NSW1,7905.63,,,
2026-07-22 10:05:00,QLD1,5334.31,,,
2026-07-22 10:05:00,SA1,1385.85,,,
2026-07-22 10:05:00,TAS1,1169.47,,,
2026-07-22 10:05:00,VIC1,6561.48,,,
2026-07-22 10:10:00,NSW1,7949.32,,,
2026-07-22 10:10:00,QLD1,5448.78,,,
2026-07-22 10:10:00,SA1,1357.89,,,
2026-07-22 10:10:00,TAS1,1148.28,,,
2026-07-22 10:10:00,VIC1,6608.35,,,
2026-07-22 10:30:00,NSW1,,7837.53,,3265.068
2026-07-22 10:30:00,QLD1,,5240.1,,2561.238
2026-07-22 10:30:00,SA1,,1386.76,,563.931
2026-07-22 10:30:00,TAS1,,1185.0,,59.886
2026-07-22 10:30:00,VIC1,,6736.78,,1232.9
2026-07-22 11:00:00,NSW1,,7341.67,,3486.06
2026-07-22 11:00:00,QLD1,,5226.99,,2687.97
2026-07-22 11:00:00,SA1,,1428.21,,644.899
2026-07-22 11:00:00,TAS1,,1164.0,,76.06
2026-07-22 11:00:00,VIC1,,6360.08,,1566.338
2026-07-22 11:30:00,NSW1,,6932.82,,3620.042
2026-07-22 11:30:00,QLD1,,5290.35,,2766.629
2026-07-22 11:30:00,SA1,,1390.83,,702.572
2026-07-22 11:30:00,TAS1,,1136.0,,90.09
2026-07-22 11:30:00,VIC1,,6072.26,,1812.473
2026-07-22 12:00:00,NSW1,,6615.3,,3666.724
2026-07-22 12:00:00,QLD1,,5339.01,,2826.36
2026-07-22 12:00:00,SA1,,1354.56,,742.165
2026-07-22 12:00:00,TAS1,,1109.0,,104.452
2026-07-22 12:00:00,VIC1,,5788.84,,1954.129
2026-07-22 12:30:00,NSW1,,6377.64,3434.251,3676.324
2026-07-22 12:30:00,QLD1,,5330.97,2461.839,2849.23
2026-07-22 12:30:00,SA1,,1305.11,651.61,783.26
2026-07-22 12:30:00,TAS1,,1085.0,89.021,115.987
2026-07-22 12:30:00,VIC1,,5512.27,1627.467,2008.318
2026-07-22 13:00:00,NSW1,,6574.27,3292.054,3554.77
2026-07-22 13:00:00,QLD1,,5293.49,2522.6,2698.888
2026-07-22 13:00:00,SA1,,1521.07,746.305,801.147
2026-07-22 13:00:00,TAS1,,1011.0,84.3,125.155
2026-07-22 13:00:00,VIC1,,5626.71,1575.285,1979.886
2026-07-22 13:30:00,NSW1,,6615.51,,3548.007
2026-07-22 13:30:00,QLD1,,5403.19,,2562.287
2026-07-22 13:30:00,SA1,,1412.16,,718.334
2026-07-22 13:30:00,TAS1,,998.0,,116.681
2026-07-22 13:30:00,VIC1,,5481.5,,1830.575
2026-07-22 13:35:00,NSW1,6479.59,,,
2026-07-22 13:35:00,QLD1,5386.49,,,
2026-07-22 13:35:00,SA1,1470.91,,,
2026-07-22 13:35:00,TAS1,984.14,,,
2026-07-22 13:35:00,VIC1,5113.14,,,
2026-07-22 13:40:00,NSW1,6623.06,,,
2026-07-22 13:40:00,QLD1,5356.79,,,
2026-07-22 13:40:00,SA1,1481.1,,,
2026-07-22 13:40:00,TAS1,985.01,,,
2026-07-22 13:40:00,VIC1,5131.41,,,
2026-07-22 14:00:00,NSW1,,6595.27,,3207.009
2026-07-22 14:00:00,QLD1,,5497.8,,2326.097
2026-07-22 14:00:00,SA1,,1363.84,,729.663
2026-07-22 14:00:00,TAS1,,1010.0,,112.684
2026-07-22 14:00:00,VIC1,,5438.71,,1702.538
2026-07-22 14:30:00,NSW1,,6593.29,,2791.256
2026-07-22 14:30:00,QLD1,,5646.84,,2066.303
2026-07-22 14:30:00,SA1,,1337.5,,734.006
2026-07-22 14:30:00,TAS1,,1030.0,,101.53
2026-07-22 14:30:00,VIC1,,5339.68,,1556.728
2026-07-22 15:00:00,NSW1,,6916.61,1892.346,2304.24
2026-07-22 15:00:00,QLD1,,5871.81,1557.049,1744.494
2026-07-22 15:00:00,SA1,,1344.72,481.089,699.438
2026-07-22 15:00:00,TAS1,,1033.0,61.371,83.694
2026-07-22 15:00:00,VIC1,,5442.66,1005.609,1341.557
2026-07-22 15:30:00,NSW1,,7376.24,1442.474,1752.165
2026-07-22 15:30:00,QLD1,,6167.32,1233.339,1378.186
2026-07-22 15:30:00,SA1,,1370.88,500.58,620.756
2026-07-22 15:30:00,TAS1,,1055.0,47.078,62.918
2026-07-22 15:30:00,VIC1,,5623.4,747.1,1066.403
2026-07-22 16:00:00,NSW1,,7977.93,,1145.983
2026-07-22 16:00:00,QLD1,,6475.23,,952.178
2026-07-22 16:00:00,SA1,,1388.52,,411.406
2026-07-22 16:00:00,TAS1,,1069.0,,42.315
2026-07-22 16:00:00,VIC1,,5991.6,,682.148
2026-07-22 16:10:00,NSW1,8554.96,,,
2026-07-22 16:10:00,QLD1,6659.75,,,
2026-07-22 16:10:00,SA1,1434.77,,,
2026-07-22 16:10:00,TAS1,1119.29,,,
2026-07-22 16:10:00,VIC1,6600.94,,,
2026-07-22 16:15:00,NSW1,8589.25,,,
2026-07-22 16:15:00,QLD1,6759.23,,,
2026-07-22 16:15:00,SA1,1469.94,,,
2026-07-22 16:15:00,TAS1,1132.14,,,
2026-07-22 16:15:00,VIC1,6674.56,,,
2026-07-22 16:30:00,NSW1,,8732.88,,293.274
2026-07-22 16:30:00,QLD1,,6834.49,,576.368
2026-07-22 16:30:00,SA1,,1429.16,,335.593
2026-07-22 16:30:00,TAS1,,1111.0,,5.138
2026-07-22 16:30:00,VIC1,,6703.36,,357.037
2026-07-22 17:00:00,NSW1,,9394.15,,47.212
2026-07-22 17:00:00,QLD1,,7223.21,,199.906
2026-07-22 17:00:00,SA1,,1597.33,,212.266
2026-07-22 17:00:00,TAS1,,1166.0,,1.707
2026-07-22 17:00:00,VIC1,,7066.26,,33.936
2026-07-22 17:30:00,NSW1,,9927.08,6.135,0.0
2026-07-22 17:30:00,QLD1,,7578.4,71.813,36.117
2026-07-22 17:30:00,SA1,,1774.2,111.331,29.177
2026-07-22 17:30:00,TAS1,,1218.0,0.0,0.0
2026-07-22 17:30:00,VIC1,,7422.67,26.679,0.0
2026-07-22 18:00:00,NSW1,,10477.42,0.0,0.0
2026-07-22 18:00:00,QLD1,,7907.88,6.906,0.0
2026-07-22 18:00:00,SA1,,1923.33,19.763,0.0
2026-07-22 18:00:00,TAS1,,1264.0,0.0,0.0
2026-07-22 18:00:00,VIC1,,7794.67,0.0,0.0
2026-07-22 18:30:00,NSW1,,10476.5,,0.0
2026-07-22 18:30:00,QLD1,,7631.5,,0.0
2026-07-22 18:30:00,SA1,,1973.93,,0.0
2026-07-22 18:30:00,TAS1,,1205.0,,0.0
2026-07-22 18:30:00,VIC1,,7896.67,,0.0
2026-07-22 18:40:00,NSW1,10474.23,,,
2026-07-22 18:40:00,QLD1,7591.74,,,
2026-07-22 18:40:00,SA1,2112.14,,,
2026-07-22 18:40:00,TAS1,1286.44,,,
2026-07-22 18:40:00,VIC1,7792.32,,,
2026-07-22 18:45:00,NSW1,10468.43,,,
2026-07-22 18:45:00,QLD1,7636.4,,,
2026-07-22 18:45:00,SA1,2142.97,,,
2026-07-22 18:45:00,TAS1,1291.26,,,
2026-07-22 18:45:00,VIC1,7800.81,,,
2026-07-22 19:00:00,NSW1,,10496.92,,0.0
2026-07-22 19:00:00,QLD1,,7585.62,,0.0
2026-07-22 19:00:00,SA1,,2123.92,,0.0
2026-07-22 19:00:00,TAS1,,1195.0,,0.0
2026-07-22 19:00:00,VIC1,,7849.39,,0.0
2026-07-22 19:30:00,NSW1,,10373.0,0.0,0.0
2026-07-22 19:30:00,QLD1,,7456.23,0.0,0.0
2026-07-22 19:30:00,SA1,,2121.8,0.0,0.0
2026-07-22 19:30:00,TAS1,,1185.0,0.0,0.0
2026-07-22 19:30:00,VIC1,,7711.22,0.0,0.0
2026-07-22 20:00:00,NSW1,,10236.62,0.0,0.0
2026-07-22 20:00:00,QLD1,,7363.65,0.0,0.0
2026-07-22 20:00:00,SA1,,2088.25,0.0,0.0
2026-07-22 20:00:00,TAS1,,1174.0,0.0,0.0
2026-07-22 20:00:00,VIC1,,7606.22,0.0,0.0
2026-07-22 20:30:00,NSW1,,10087.82,,0.0
2026-07-22 20:30:00,QLD1,,7165.47,,0.0
2026-07-22 20:30:00,SA1,,2069.67,,0.0
2026-07-22 20:30:00,TAS1,,1235.0,,0.0
2026-07-22 20:30:00,VIC1,,7441.44,,0.0
2026-07-22 20:45:00,NSW1,9909.35,,,
2026-07-22 20:45:00,QLD1,7147.63,,,
2026-07-22 20:45:00,SA1,1984.62,,,
2026-07-22 20:45:00,TAS1,1258.43,,,
2026-07-22 20:45:00,VIC1,7210.7,,,
2026-07-22 20:50:00,NSW1,9841.56,,,
2026-07-22 20:50:00,QLD1,7098.85,,,
2026-07-22 20:50:00,SA1,1993.09,,,
2026-07-22 20:50:00,TAS1,1274.0,,,
2026-07-22 20:50:00,VIC1,7268.94,,,
2026-07-22 21:00:00,NSW1,,9893.88,0.0,0.0
2026-07-22 21:00:00,QLD1,,7001.67,0.0,0.0
2026-07-22 21:00:00,SA1,,1988.63,0.0,0.0
2026-07-22 21:00:00,TAS1,,1232.0,0.0,0.0
2026-07-22 21:00:00,VIC1,,7216.53,0.0,0.0
2026-07-22 21:30:00,NSW1,,9642.49,0.0,0.0
2026-07-22 21:30:00,QLD1,,6960.89,0.0,0.0
2026-07-22 21:30:00,SA1,,1933.9,0.0,0.0
2026-07-22 21:30:00,TAS1,,1212.0,0.0,0.0
2026-07-22 21:30:00,VIC1,,6980.29,0.0,0.0
2026-07-22 22:00:00,NSW1,,9300.82,,0.0
2026-07-22 22:00:00,QLD1,,6905.51,,0.0
2026-07-22 22:00:00,SA1,,1876.92,,0.0
2026-07-22 22:00:00,TAS1,,1184.0,,0.0
2026-07-22 22:00:00,VIC1,,6740.21,,0.0
2026-07-22 22:15:00,NSW1,9098.85,,,
2026-07-22 22:15:00,QLD1,6760.6,,,
2026-07-22 22:15:00,SA1,1776.12,,,
2026-07-22 22:15:00,TAS1,1166.72,,,
2026-07-22 22:15:00,VIC1,6423.46,,,
2026-07-22 22:20:00,NSW1,9136.01,,,
2026-07-22 22:20:00,QLD1,6658.98,,,
2026-07-22 22:20:00,SA1,1777.01,,,
2026-07-22 22:20:00,TAS1,1154.64,,,
2026-07-22 22:20:00,VIC1,6304.43,,,
2026-07-22 22:30:00,NSW1,,9079.99,,0.0
2026-07-22 22:30:00,QLD1,,6719.98,,0.0
2026-07-22 22:30:00,SA1,,1818.64,,0.0
2026-07-22 22:30:00,TAS1,,1145.0,,0.0
2026-07-22 22:30:00,VIC1,,6422.34,,0.0
2026-07-22 23:00:00,NSW1,,8843.1,0.0,0.0
2026-07-22 23:00:00,QLD1,,6465.72,0.0,0.0
2026-07-22 23:00:00,SA1,,1713.34,0.0,0.0
2026-07-22 23:00:00,TAS1,,1102.0,0.0,0.0
2026-07-22 23:00:00,VIC1,,6143.48,0.0,0.0
2026-07-22 23:30:00,NSW1,,8627.74,0.0,0.0
2026-07-22 23:30:00,QLD1,,6221.5,0.0,0.0
2026-07-22 23:30:00,SA1,,1623.95,0.0,0.0
2026-07-22 23:30:00,TAS1,,1063.0,0.0,0.0
2026-07-22 23:30:00,VIC1,,6048.29,0.0,0.0
2026-07-23 00:00:00,NSW1,,8407.5,,0.0
2026-07-23 00:00:00,QLD1,,6109.59,,0.0
2026-07-23 00:00:00,SA1,,1567.65,,0.0
2026-07-23 00:00:00,TAS1,,1027.0,,0.0
2026-07-23 00:00:00,VIC1,,5899.15,,0.0
2026-07-23 00:25:00,NSW1,8361.31,,,
2026-07-23 00:25:00,QLD1,5861.81,,,
2026-07-23 00:25:00,SA1,1563.46,,,
2026-07-23 00:25:00,TAS1,1068.61,,,
2026-07-23 00:25:00,VIC1,5702.87,,,
2026-07-23 00:30:00,NSW1,8335.9,8205.28,0.0,0.0
2026-07-23 00:30:00,QLD1,5852.36,5953.75,0.0,0.0
2026-07-23 00:30:00,SA1,1550.11,1559.37,0.0,0.0
2026-07-23 00:30:00,TAS1,1060.67,1031.0,0.0,0.0
2026-07-23 00:30:00,VIC1,5682.69,5720.82,0.0,0.0
2026-07-23 01:00:00,NSW1,,8057.16,0.0,0.0
2026-07-23 01:00:00,QLD1,,5810.34,0.0,0.0
2026-07-23 01:00:00,SA1,,1572.53,0.0,0.0
2026-07-23 01:00:00,TAS1,,1010.0,0.0,0.0
2026-07-23 01:00:00,VIC1,,5534.89,0.0,0.0
2026-07-23 01:30:00,NSW1,,8032.18,,0.0
2026-07-23 01:30:00,QLD1,,5653.91,,0.0
2026-07-23 01:30:00,SA1,,1560.57,,0.0
2026-07-23 01:30:00,TAS1,,1020.0,,0.0
2026-07-23 01:30:00,VIC1,,5447.12,,0.0
2026-07-23 01:55:00,NSW1,7778.68,,,
2026-07-23 01:55:00,QLD1,5555.11,,,
2026-07-23 01:55:00,SA1,1531.32,,,
2026-07-23 01:55:00,TAS1,1001.41,,,
2026-07-23 01:55:00,VIC1,5139.03,,,
2026-07-23 02:00:00,NSW1,7690.53,7769.69,0.0,0.0
2026-07-23 02:00:00,QLD1,5565.21,5590.03,0.0,0.0
2026-07-23 02:00:00,SA1,1525.38,1530.4,0.0,0.0
2026-07-23 02:00:00,TAS1,987.67,993.0,0.0,0.0
2026-07-23 02:00:00,VIC1,5123.61,5297.52,0.0,0.0
2026-07-23 02:30:00,NSW1,,7605.34,0.0,0.0
2026-07-23 02:30:00,QLD1,,5554.0,0.0,0.0
2026-07-23 02:30:00,SA1,,1493.45,0.0,0.0
2026-07-23 02:30:00,TAS1,,991.0,0.0,0.0
2026-07-23 02:30:00,VIC1,,5172.53,0.0,0.0
2026-07-23 03:00:00,NSW1,,7551.21,,0.0
2026-07-23 03:00:00,QLD1,,5505.31,,0.0
2026-07-23 03:00:00,SA1,,1516.07,,0.0
2026-07-23 03:00:00,TAS1,,973.0,,0.0
2026-07-23 03:00:00,VIC1,,5015.01,,0.0
2026-07-23 03:20:00,NSW1,7252.92,,,
2026-07-23 03:20:00,QLD1,5526.01,,,
2026-07-23 03:20:00,SA1,1469.98,,,
2026-07-23 03:20:00,TAS1,1051.9,,,
2026-07-23 03:20:00,VIC1,4980.15,,,
2026-07-23 03:25:00,NSW1,7216.08,,,
2026-07-23 03:25:00,QLD1,5526.94,,,
2026-07-23 03:25:00,SA1,1464.5,,,
2026-07-23 03:25:00,TAS1,1056.47,,,
2026-07-23 03:25:00,VIC1,5007.49,,,
2026-07-23 03:30:00,NSW1,,7378.06,0.0,0.0
2026-07-23 03:30:00,QLD1,,5531.82,0.0,0.0
2026-07-23 03:30:00,SA1,,1476.08,0.0,0.0
2026-07-23 03:30:00,TAS1,,1032.0,0.0,0.0
2026-07-23 03:30:00,VIC1,,4945.61,0.0,0.0
2026-07-23 04:00:00,NSW1,,7353.43,0.0,0.0
2026-07-23 04:00:00,QLD1,,5552.87,0.0,0.0
2026-07-23 04:00:00,SA1,,1463.36,0.0,0.0
2026-07-23 04:00:00,TAS1,,1031.0,0.0,0.0
2026-07-23 04:00:00,VIC1,,4942.08,0.0,0.0
2026-07-23 04:30:00,NSW1,,7280.1,0.0,0.0
2026-07-23 04:30:00,QLD1,,5637.79,0.0,0.0
2026-07-23 04:30:00,SA1,,1429.08,0.0,0.0
2026-07-23 04:30:00,TAS1,,1043.0,0.0,0.0
2026-07-23 04:30:00,VIC1,,4994.76,0.0,0.0
2026-07-23 04:35:00,NSW1,7303.73,,,
2026-07-23 04:35:00,QLD1,5641.42,,,
2026-07-23 04:35:00,SA1,1404.02,,,
2026-07-23 04:35:00,TAS1,1075.93,,,
2026-07-23 04:35:00,VIC1,5036.39,,,
2026-07-23 04:40:00,NSW1,7342.69,,,
2026-07-23 04:40:00,QLD1,5735.35,,,
2026-07-23 04:40:00,SA1,1413.54,,,
2026-07-23 04:40:00,TAS1,1072.07,,,
2026-07-23 04:40:00,VIC1,5132.12,,,
2026-07-23 05:00:00,NSW1,,7333.42,0.0,0.0
2026-07-23 05:00:00,QLD1,,5762.01,0.0,0.0
2026-07-23 05:00:00,SA1,,1397.83,0.0,0.0
2026-07-23 05:00:00,TAS1,,1054.0,0.0,0.0
2026-07-23 05:00:00,VIC1,,5056.17,0.0,0.0
2026-07-23 05:30:00,NSW1,,7689.22,0.0,0.0
2026-07-23 05:30:00,QLD1,,5985.57,0.0,0.0
2026-07-23 05:30:00,SA1,,1421.47,0.0,0.0
2026-07-23 05:30:00,TAS1,,1077.0,0.0,0.0
2026-07-23 05:30:00,VIC1,,5359.62,0.0,0.0
2026-07-23 05:50:00,NSW1,8114.47,,,
2026-07-23 05:50:00,QLD1,6295.66,,,
2026-07-23 05:50:00,SA1,1471.47,,,
2026-07-23 05:50:00,TAS1,1140.25,,,
2026-07-23 05:50:00,VIC1,5641.89,,,
2026-07-23 05:55:00,NSW1,8239.52,,,
2026-07-23 05:55:00,QLD1,6315.28,,,
2026-07-23 05:55:00,SA1,1475.6,,,
2026-07-23 05:55:00,TAS1,1151.18,,,
2026-07-23 05:55:00,VIC1,5741.92,,,
2026-07-23 06:00:00,NSW1,,8079.68,0.0,0.0
2026-07-23 06:00:00,QLD1,,6240.94,0.0,0.0
2026-07-23 06:00:00,SA1,,1463.59,0.0,0.0
2026-07-23 06:00:00,TAS1,,1108.0,0.0,0.0
2026-07-23 06:00:00,VIC1,,5678.87,0.0,0.0
2026-07-23 06:30:00,NSW1,,8750.95,,0.0
2026-07-23 06:30:00,QLD1,,6609.55,,0.0
2026-07-23 06:30:00,SA1,,1501.88,,0.0
2026-07-23 06:30:00,TAS1,,1182.0,,0.0
2026-07-23 06:30:00,VIC1,,6162.54,,0.0
2026-07-23 06:55:00,NSW1,9764.31,,,
2026-07-23 06:55:00,QLD1,7028.57,,,
2026-07-23 06:55:00,SA1,1677.54,,,
2026-07-23 06:55:00,TAS1,1239.26,,,
2026-07-23 06:55:00,VIC1,6803.14,,,
2026-07-23 07:00:00,NSW1,9753.2,9450.94,41.022,0.0
2026-07-23 07:00:00,QLD1,7083.07,6895.89,112.29,67.558
2026-07-23 07:00:00,SA1,1668.47,1644.96,0.0,0.0
2026-07-23 07:00:00,TAS1,1243.42,1219.0,0.0,0.0
2026-07-23 07:00:00,VIC1,6892.43,6582.48,0.0,0.0
2026-07-23 07:30:00,NSW1,,10116.16,302.367,139.97
2026-07-23 07:30:00,QLD1,,7110.93,495.332,276.263
2026-07-23 07:30:00,SA1,,1705.78,0.0,0.0
2026-07-23 07:30:00,TAS1,,1250.0,0.877,0.0
2026-07-23 07:30:00,VIC1,,7187.16,15.138,0.0
2026-07-23 08:00:00,NSW1,9909.48,10236.44,782.91,533.313
2026-07-23 08:00:00,QLD1,6788.3,6994.77,954.958,771.224
2026-07-23 08:00:00,SA1,1974.2,1842.75,27.623,0.0
2026-07-23 08:00:00,TAS1,1345.54,1308.0,9.093,4.958
2026-07-23 08:00:00,VIC1,7834.65,7681.24,133.876,57.877
2026-07-23 08:05:00,NSW1,9819.21,,,
2026-07-23 08:05:00,QLD1,6702.01,,,
2026-07-23 08:05:00,SA1,1980.47,,,
2026-07-23 08:05:00,TAS1,1350.4,,,
2026-07-23 08:05:00,VIC1,7850.36,,,
2026-07-23 08:30:00,NSW1,,9907.55,1322.565,1140.747
2026-07-23 08:30:00,QLD1,,6610.93,1388.645,1315.266
2026-07-23 08:30:00,SA1,,1916.73,134.974,43.998
2026-07-23 08:30:00,TAS1,,1316.0,25.87,22.353
2026-07-23 08:30:00,VIC1,,7741.75,405.406,247.887
2026-07-23 09:00:00,NSW1,,8908.82,1844.788,1769.172
2026-07-23 09:00:00,QLD1,,6189.28,1783.37,1929.277
2026-07-23 09:00:00,SA1,,1954.81,311.05,173.56
2026-07-23 09:00:00,TAS1,,1317.0,48.76,51.161
2026-07-23 09:00:00,VIC1,,7548.6,724.265,586.614
2026-07-23 09:10:00,NSW1,8403.25,,,
2026-07-23 09:10:00,QLD1,5882.51,,,
2026-07-23 09:10:00,SA1,1719.44,,,
2026-07-23 09:10:00,TAS1,1297.11,,,
2026-07-23 09:10:00,VIC1,7317.11,,,
2026-07-23 09:15:00,NSW1,8311.78,,,
2026-07-23 09:15:00,QLD1,5811.85,,,
2026-07-23 09:15:00,SA1,1705.33,,,
2026-07-23 09:15:00,TAS1,1274.93,,,
2026-07-23 09:15:00,VIC1,7240.25,,,
2026-07-23 09:30:00,NSW1,,8350.91,2344.704,2395.687
2026-07-23 09:30:00,QLD1,,5831.55,2171.831,2387.927
2026-07-23 09:30:00,SA1,,1786.24,485.663,334.853
2026-07-23 09:30:00,TAS1,,1254.0,67.914,73.945
2026-07-23 09:30:00,VIC1,,7275.93,1048.564,859.562
2026-07-23 10:00:00,NSW1,,7626.33,,2917.164
2026-07-23 10:00:00,QLD1,,5429.79,,2802.015
2026-07-23 10:00:00,SA1,,1567.5,,503.67
2026-07-23 10:00:00,TAS1,,1214.0,,100.155
2026-07-23 10:00:00,VIC1,,6828.71,,1411.636
2026-07-23 10:10:00,NSW1,7496.22,,,
2026-07-23 10:10:00,QLD1,5168.88,,,
2026-07-23 10:10:00,SA1,1391.06,,,
2026-07-23 10:10:00,TAS1,1204.02,,,
2026-07-23 10:10:00,VIC1,6354.18,,,
2026-07-23 10:15:00,NSW1,7352.6,,,
2026-07-23 10:15:00,QLD1,5096.1,,,
2026-07-23 10:15:00,SA1,1396.47,,,
2026-07-23 10:15:00,TAS1,1206.09,,,
2026-07-23 10:15:00,VIC1,6306.58,,,
2026-07-23 10:30:00,NSW1,,7453.91,,3258.338
2026-07-23 10:30:00,QLD1,,5170.96,,3150.917
2026-07-23 10:30:00,SA1,,1416.3,,674.014
2026-07-23 10:30:00,TAS1,,1188.0,,121.739
2026-07-23 10:30:00,VIC1,,6243.95,,1723.37
2026-07-23 11:00:00,NSW1,,7051.0,,3527.289
2026-07-23 11:00:00,QLD1,,4971.26,,3420.738
2026-07-23 11:00:00,SA1,,1325.31,,801.533
2026-07-23 11:00:00,TAS1,,1146.0,,135.774
2026-07-23 11:00:00,VIC1,,5948.61,,1964.882
2026-07-23 11:30:00,NSW1,,6665.05,,3725.276
2026-07-23 11:30:00,QLD1,,4824.98,,3611.894
2026-07-23 11:30:00,SA1,,1225.4,,911.177
2026-07-23 11:30:00,TAS1,,1108.0,,143.87
2026-07-23 11:30:00,VIC1,,5795.48,,2130.629
2026-07-23 12:00:00,NSW1,,6410.04,,3830.581
2026-07-23 12:00:00,QLD1,,4730.34,,3711.4
2026-07-23 12:00:00,SA1,,1156.54,,1012.421
2026-07-23 12:00:00,TAS1,,1075.0,,147.197
2026-07-23 12:00:00,VIC1,,5619.2,,2227.933
2026-07-23 12:30:00,NSW1,,6240.99,3179.431,3828.886
2026-07-23 12:30:00,QLD1,,4652.69,3217.661,3710.424
2026-07-23 12:30:00,SA1,,1086.05,1068.936,1080.95
2026-07-23 12:30:00,TAS1,,1054.0,112.523,147.314
2026-07-23 12:30:00,VIC1,,5428.91,1827.211,2274.375
2026-07-23 13:00:00,NSW1,,6160.85,2993.367,3688.443
2026-07-23 13:00:00,QLD1,,4571.3,3093.698,3677.642
2026-07-23 13:00:00,SA1,,1029.1,1096.906,1075.913
2026-07-23 13:00:00,TAS1,,1042.0,105.336,144.75
2026-07-23 13:00:00,VIC1,,5358.24,1826.535,2329.746
2026-07-23 13:30:00,NSW1,,6901.33,,3317.676
2026-07-23 13:30:00,QLD1,,4911.64,,3337.487
2026-07-23 13:30:00,SA1,,1016.05,,1097.105
2026-07-23 13:30:00,TAS1,,1124.0,,137.475
2026-07-23 13:30:00,VIC1,,5639.15,,2102.11
2026-07-23 13:40:00,NSW1,6825.77,,,
2026-07-23 13:40:00,QLD1,4872.31,,,
2026-07-23 13:40:00,SA1,951.82,,,
2026-07-23 13:40:00,TAS1,1145.49,,,
2026-07-23 13:40:00,VIC1,5550.81,,,
2026-07-23 13:45:00,NSW1,6702.66,,,
2026-07-23 13:45:00,QLD1,4910.99,,,
2026-07-23 13:45:00,SA1,940.69,,,
2026-07-23 13:45:00,TAS1,1143.7,,,
2026-07-23 13:45:00,VIC1,5579.06,,,
2026-07-23 14:00:00,NSW1,,6796.65,,3094.94
2026-07-23 14:00:00,QLD1,,4929.97,,3069.134
2026-07-23 14:00:00,SA1,,985.53,,1115.891
2026-07-23 14:00:00,TAS1,,1116.0,,130.205
2026-07-23 14:00:00,VIC1,,5685.16,,2024.341
2026-07-23 14:30:00,NSW1,,6904.18,,2715.038
2026-07-23 14:30:00,QLD1,,5099.47,,2731.052
2026-07-23 14:30:00,SA1,,1000.25,,1011.588
2026-07-23 14:30:00,TAS1,,1125.0,,113.787
2026-07-23 14:30:00,VIC1,,5639.96,,1829.828
2026-07-23 15:00:00,NSW1,,7165.5,2024.337,2248.034
2026-07-23 15:00:00,QLD1,,5360.44,2045.301,2333.848
2026-07-23 15:00:00,SA1,,1063.74,832.835,868.645
2026-07-23 15:00:00,TAS1,,1118.0,55.931,92.595
2026-07-23 15:00:00,VIC1,,5665.35,1325.64,1578.269
2026-07-23 15:30:00,NSW1,,7600.8,1594.686,1720.752
2026-07-23 15:30:00,QLD1,,5731.13,1681.752,1892.068
2026-07-23 15:30:00,SA1,,1168.1,716.429,746.007
2026-07-23 15:30:00,TAS1,,1132.0,47.617,69.555
2026-07-23 15:30:00,VIC1,,5804.59,1084.517,1268.913
2026-07-23 16:00:00,NSW1,,7922.74,,1149.608
2026-07-23 16:00:00,QLD1,,6060.31,,1374.968
2026-07-23 16:00:00,SA1,,1141.74,,623.087
2026-07-23 16:00:00,TAS1,,1223.0,,45.875
2026-07-23 16:00:00,VIC1,,6133.82,,847.066
2026-07-23 16:15:00,NSW1,8635.28,,,
2026-07-23 16:15:00,QLD1,6386.11,,,
2026-07-23 16:15:00,SA1,1225.9,,,
2026-07-23 16:15:00,TAS1,1259.87,,,
2026-07-23 16:15:00,VIC1,6470.03,,,
2026-07-23 16:20:00,NSW1,8646.15,,,
2026-07-23 16:20:00,QLD1,6441.15,,,
2026-07-23 16:20:00,SA1,1274.73,,,
2026-07-23 16:20:00,TAS1,1263.95,,,
2026-07-23 16:20:00,VIC1,6645.3,,,
2026-07-23 16:30:00,NSW1,,8537.14,,297.408
2026-07-23 16:30:00,QLD1,,6387.51,,831.264
2026-07-23 16:30:00,SA1,,1249.0,,444.515
2026-07-23 16:30:00,TAS1,,1266.0,,9.11
2026-07-23 16:30:00,VIC1,,6517.85,,486.174
2026-07-23 17:00:00,NSW1,,9219.91,,38.755
2026-07-23 17:00:00,QLD1,,6858.49,,292.083
2026-07-23 17:00:00,SA1,,1481.13,,256.267
2026-07-23 17:00:00,TAS1,,1307.0,,1.281
2026-07-23 17:00:00,VIC1,,7039.56,,49.08
2026-07-23 17:30:00,NSW1,,9784.23,8.877,0.0
2026-07-23 17:30:00,QLD1,,7278.87,77.042,65.196
2026-07-23 17:30:00,SA1,,1748.01,124.267,40.266
2026-07-23 17:30:00,TAS1,,1348.0,0.0,0.0
2026-07-23 17:30:00,VIC1,,7619.42,32.182,0.0
2026-07-23 18:00:00,NSW1,,10418.43,0.0,0.0
2026-07-23 18:00:00,QLD1,,7666.55,7.534,0.0
2026-07-23 18:00:00,SA1,,1973.02,20.777,0.0
2026-07-23 18:00:00,TAS1,,1380.0,0.0,0.0
2026-07-23 18:00:00,VIC1,,8090.28,0.0,0.0
2026-07-23 18:30:00,NSW1,,10707.3,,0.0
2026-07-23 18:30:00,QLD1,,7592.42,,0.0
2026-07-23 18:30:00,SA1,,2074.67,,0.0
2026-07-23 18:30:00,TAS1,,1433.0,,0.0
2026-07-23 18:30:00,VIC1,,8325.25,,0.0
2026-07-23 18:45:00,NSW1,10786.84,,,
2026-07-23 18:45:00,QLD1,7590.4,,,
2026-07-23 18:45:00,SA1,2209.07,,,
2026-07-23 18:45:00,TAS1,1467.82,,,
2026-07-23 18:45:00,VIC1,8398.48,,,
2026-07-23 18:50:00,NSW1,10821.43,,,
2026-07-23 18:50:00,QLD1,7572.41,,,
2026-07-23 18:50:00,SA1,2222.44,,,
2026-07-23 18:50:00,TAS1,1462.08,,,
2026-07-23 18:50:00,VIC1,8438.44,,,
2026-07-23 19:00:00,NSW1,,10772.11,,0.0
2026-07-23 19:00:00,QLD1,,7605.56,,0.0
2026-07-23 19:00:00,SA1,,2187.26,,0.0
2026-07-23 19:00:00,TAS1,,1434.0,,0.0
2026-07-23 19:00:00,VIC1,,8256.74,,0.0
2026-07-23 19:30:00,NSW1,,10641.51,0.0,0.0
2026-07-23 19:30:00,QLD1,,7479.57,0.0,0.0
2026-07-23 19:30:00,SA1,,2202.77,0.0,0.0
2026-07-23 19:30:00,TAS1,,1410.0,0.0,0.0
2026-07-23 19:30:00,VIC1,,8149.95,0.0,0.0
2026-07-23 20:00:00,NSW1,,10539.76,0.0,0.0
2026-07-23 20:00:00,QLD1,,7384.48,0.0,0.0
2026-07-23 20:00:00,SA1,,2194.63,0.0,0.0
2026-07-23 20:00:00,TAS1,,1386.0,0.0,0.0
2026-07-23 20:00:00,VIC1,,8060.2,0.0,0.0
2026-07-23 20:30:00,NSW1,,10534.55,,0.0
2026-07-23 20:30:00,QLD1,,7231.59,,0.0
2026-07-23 20:30:00,SA1,,2165.62,,0.0
2026-07-23 20:30:00,TAS1,,1382.0,,0.0
2026-07-23 20:30:00,VIC1,,7994.92,,0.0
2026-07-23 20:50:00,NSW1,10350.13,,,
2026-07-23 20:50:00,QLD1,7258.57,,,
2026-07-23 20:50:00,SA1,2169.89,,,
2026-07-23 20:50:00,TAS1,1396.03,,,
2026-07-23 20:50:00,VIC1,7782.22,,,
2026-07-23 20:55:00,NSW1,10339.65,,,
2026-07-23 20:55:00,QLD1,7280.09,,,
2026-07-23 20:55:00,SA1,2169.31,,,
2026-07-23 20:55:00,TAS1,1368.93,,,
2026-07-23 20:55:00,VIC1,7753.67,,,
2026-07-23 21:00:00,NSW1,,10264.84,0.0,0.0
2026-07-23 21:00:00,QLD1,,7141.8,0.0,0.0
2026-07-23 21:00:00,SA1,,2154.01,0.0,0.0
2026-07-23 21:00:00,TAS1,,1349.0,0.0,0.0
2026-07-23 21:00:00,VIC1,,7815.06,0.0,0.0
2026-07-23 21:30:00,NSW1,,9979.84,0.0,0.0
2026-07-23 21:30:00,QLD1,,7069.96,0.0,0.0
2026-07-23 21:30:00,SA1,,2097.76,0.0,0.0
2026-07-23 21:30:00,TAS1,,1321.0,0.0,0.0
2026-07-23 21:30:00,VIC1,,7537.04,0.0,0.0
2026-07-23 22:00:00,NSW1,,9711.84,,0.0
2026-07-23 22:00:00,QLD1,,6931.6,,0.0
2026-07-23 22:00:00,SA1,,2054.83,,0.0
2026-07-23 22:00:00,TAS1,,1272.0,,0.0
2026-07-23 22:00:00,VIC1,,7189.54,,0.0
2026-07-23 22:15:00,NSW1,9538.51,,,
2026-07-23 22:15:00,QLD1,6715.82,,,
2026-07-23 22:15:00,SA1,1939.92,,,
2026-07-23 22:15:00,TAS1,1278.87,,,
2026-07-23 22:15:00,VIC1,6814.18,,,
2026-07-23 22:20:00,NSW1,9494.62,,,
2026-07-23 22:20:00,QLD1,6746.24,,,
2026-07-23 22:20:00,SA1,1924.96,,,
2026-07-23 22:20:00,TAS1,1256.24,,,
2026-07-23 22:20:00,VIC1,6720.57,,,
2026-07-23 22:30:00,NSW1,,9460.36,,0.0
2026-07-23 22:30:00,QLD1,,6756.35,,0.0
2026-07-23 22:30:00,SA1,,1970.54,,0.0
2026-07-23 22:30:00,TAS1,,1229.0,,0.0
2026-07-23 22:30:00,VIC1,,6885.21,,0.0
2026-07-23 23:00:00,NSW1,,9177.44,,0.0
2026-07-23 23:00:00,QLD1,,6502.36,,0.0
2026-07-23 23:00:00,SA1,,1842.54,,0.0
2026-07-23 23:00:00,TAS1,,1181.0,,0.0
2026-07-23 23:00:00,VIC1,,6566.7,,0.0
2026-07-23 23:30:00,NSW1,,8925.01,0.0,0.0
2026-07-23 23:30:00,QLD1,,6267.28,0.0,0.0
2026-07-23 23:30:00,SA1,,1729.4,0.0,0.0
2026-07-23 23:30:00,TAS1,,1142.0,0.0,0.0
2026-07-23 23:30:00,VIC1,,6432.91,0.0,0.0
2026-07-24 00:00:00,NSW1,,8672.18,0.0,0.0
2026-07-24 00:00:00,QLD1,,6096.73,0.0,0.0
2026-07-24 00:00:00,SA1,,1664.53,0.0,0.0
2026-07-24 00:00:00,TAS1,,1114.0,0.0,0.0
2026-07-24 00:00:00,VIC1,,6231.01,0.0,0.0
2026-07-24 00:30:00,NSW1,8539.42,8428.28,,0.0
2026-07-24 00:30:00,QLD1,5864.05,5951.39,,0.0
2026-07-24 00:30:00,SA1,1650.14,1661.6,,0.0
2026-07-24 00:30:00,TAS1,1094.38,1085.0,,0.0
2026-07-24 00:30:00,VIC1,5873.81,5970.05,,0.0
2026-07-24 00:35:00,NSW1,8537.1,,,
2026-07-24 00:35:00,QLD1,5834.65,,,
2026-07-24 00:35:00,SA1,1637.26,,,
2026-07-24 00:35:00,TAS1,1089.89,,,
2026-07-24 00:35:00,VIC1,5812.9,,,
2026-07-24 01:00:00,NSW1,,8280.97,0.0,0.0
2026-07-24 01:00:00,QLD1,,5800.69,0.0,0.0
2026-07-24 01:00:00,SA1,,1666.24,0.0,0.0
2026-07-24 01:00:00,TAS1,,1068.0,0.0,0.0
2026-07-24 01:00:00,VIC1,,5785.73,0.0,0.0
2026-07-24 01:30:00,NSW1,,8120.87,0.0,0.0
2026-07-24 01:30:00,QLD1,,5689.16,0.0,0.0
2026-07-24 01:30:00,SA1,,1639.0,0.0,0.0
2026-07-24 01:30:00,TAS1,,1060.0,0.0,0.0
2026-07-24 01:30:00,VIC1,,5639.52,0.0,0.0
2026-07-24 02:00:00,NSW1,,7937.99,,0.0
2026-07-24 02:00:00,QLD1,,5617.34,,0.0
2026-07-24 02:00:00,SA1,,1593.48,,0.0
2026-07-24 02:00:00,TAS1,,1031.0,,0.0
2026-07-24 02:00:00,VIC1,,5553.25,,0.0
2026-07-24 02:10:00,NSW1,7844.34,,,
2026-07-24 02:10:00,QLD1,5621.03,,,
2026-07-24 02:10:00,SA1,1543.58,,,
2026-07-24 02:10:00,TAS1,1043.48,,,
2026-07-24 02:10:00,VIC1,5453.25,,,
2026-07-24 02:15:00,NSW1,7850.51,,,
2026-07-24 02:15:00,QLD1,5541.73,,,
2026-07-24 02:15:00,SA1,1532.5,,,
2026-07-24 02:15:00,TAS1,1039.35,,,
2026-07-24 02:15:00,VIC1,5417.09,,,
2026-07-24 02:30:00,NSW1,,7904.42,0.0,0.0
2026-07-24 02:30:00,QLD1,,5612.86,0.0,0.0
2026-07-24 02:30:00,SA1,,1550.14,0.0,0.0
2026-07-24 02:30:00,TAS1,,1027.0,0.0,0.0
2026-07-24 02:30:00,VIC1,,5406.37,0.0,0.0
2026-07-24 03:00:00,NSW1,,7776.08,0.0,0.0
2026-07-24 03:00:00,QLD1,,5597.41,0.0,0.0
2026-07-24 03:00:00,SA1,,1508.01,0.0,0.0
2026-07-24 03:00:00,TAS1,,1029.0,0.0,0.0
2026-07-24 03:00:00,VIC1,,5318.5,0.0,0.0
2026-07-24 03:30:00,NSW1,,7579.94,0.0,0.0
2026-07-24 03:30:00,QLD1,,5565.92,0.0,0.0
2026-07-24 03:30:00,SA1,,1521.62,0.0,0.0
2026-07-24 03:30:00,TAS1,,1049.0,0.0,0.0
2026-07-24 03:30:00,VIC1,,5243.04,0.0,0.0
2026-07-24 03:40:00,NSW1,7590.75,,,
2026-07-24 03:40:00,QLD1,5498.32,,,
2026-07-24 03:40:00,SA1,1481.2,,,
2026-07-24 03:40:00,TAS1,1073.16,,,
2026-07-24 03:40:00,VIC1,5215.93,,,
2026-07-24 03:45:00,NSW1,7587.97,,,
2026-07-24 03:45:00,QLD1,5571.68,,,
2026-07-24 03:45:00,SA1,1481.28,,,
2026-07-24 03:45:00,TAS1,1076.62,,,
2026-07-24 03:45:00,VIC1,5208.12,,,
2026-07-24 04:00:00,NSW1,,7625.03,0.0,0.0
2026-07-24 04:00:00,QLD1,,5574.04,0.0,0.0
2026-07-24 04:00:00,SA1,,1506.19,0.0,0.0
2026-07-24 04:00:00,TAS1,,1052.0,0.0,0.0
2026-07-24 04:00:00,VIC1,,5201.4,0.0,0.0
2026-07-24 04:30:00,NSW1,,7626.81,0.0,0.0
2026-07-24 04:30:00,QLD1,,5680.44,0.0,0.0
2026-07-24 04:30:00,SA1,,1497.84,0.0,0.0
2026-07-24 04:30:00,TAS1,,1057.0,0.0,0.0
2026-07-24 04:30:00,VIC1,,5265.52,0.0,0.0
2026-07-24 04:45:00,NSW1,7721.41,,,
2026-07-24 04:45:00,QLD1,5831.67,,,
2026-07-24 04:45:00,SA1,1435.25,,,
2026-07-24 04:45:00,TAS1,1081.21,,,
2026-07-24 04:45:00,VIC1,5389.21,,,
2026-07-24 04:50:00,NSW1,7672.42,,,
2026-07-24 04:50:00,QLD1,5762.87,,,
2026-07-24 04:50:00,SA1,1435.83,,,
2026-07-24 04:50:00,TAS1,1094.12,,,
2026-07-24 04:50:00,VIC1,5318.3,,,
2026-07-24 05:00:00,NSW1,,7652.37,0.0,0.0
2026-07-24 05:00:00,QLD1,,5818.09,0.0,0.0
2026-07-24 05:00:00,SA1,,1447.2,0.0,0.0
2026-07-24 05:00:00,TAS1,,1064.0,0.0,0.0
2026-07-24 05:00:00,VIC1,,5350.13,0.0,0.0
2026-07-24 05:30:00,NSW1,,8001.38,,0.0
2026-07-24 05:30:00,QLD1,,6049.07,,0.0
2026-07-24 05:30:00,SA1,,1451.43,,0.0
2026-07-24 05:30:00,TAS1,,1097.0,,0.0
2026-07-24 05:30:00,VIC1,,5559.01,,0.0
2026-07-24 06:00:00,NSW1,8741.31,8450.1,0.0,0.0
2026-07-24 06:00:00,QLD1,6430.58,6286.91,0.0,0.0
2026-07-24 06:00:00,SA1,1537.95,1500.75,0.0,0.0
2026-07-24 06:00:00,TAS1,1174.5,1137.0,0.0,0.0
2026-07-24 06:00:00,VIC1,5986.76,5887.19,0.0,0.0
2026-07-24 06:05:00,NSW1,8848.99,,,
2026-07-24 06:05:00,QLD1,6553.71,,,
2026-07-24 06:05:00,SA1,1540.61,,,
2026-07-24 06:05:00,TAS1,1179.51,,,
2026-07-24 06:05:00,VIC1,6124.0,,,
2026-07-24 06:30:00,NSW1,,9202.6,0.0,0.0
2026-07-24 06:30:00,QLD1,,6699.29,6.979,0.0
2026-07-24 06:30:00,SA1,,1562.13,0.0,0.0
2026-07-24 06:30:00,TAS1,,1194.0,0.0,0.0
2026-07-24 06:30:00,VIC1,,6422.15,0.0,0.0
2026-07-24 07:00:00,NSW1,,9975.14,48.955,0.0
2026-07-24 07:00:00,QLD1,,6990.52,176.011,69.438
2026-07-24 07:00:00,SA1,,1646.52,0.0,0.0
2026-07-24 07:00:00,TAS1,,1254.0,0.0,0.0
2026-07-24 07:00:00,VIC1,,6953.55,0.0,0.0
2026-07-24 07:15:00,NSW1,10678.18,,,
2026-07-24 07:15:00,QLD1,7190.5,,,
2026-07-24 07:15:00,SA1,1805.07,,,
2026-07-24 07:15:00,TAS1,1335.75,,,
2026-07-24 07:15:00,VIC1,7664.62,,,
2026-07-24 07:20:00,NSW1,10813.38,,,
2026-07-24 07:20:00,QLD1,7231.13,,,
2026-07-24 07:20:00,SA1,1823.65,,,
2026-07-24 07:20:00,TAS1,1336.68,,,
2026-07-24 07:20:00,VIC1,7639.7,,,
2026-07-24 07:30:00,NSW1,,10717.69,337.29,144.832
2026-07-24 07:30:00,QLD1,,7179.49,603.622,326.273
2026-07-24 07:30:00,SA1,,1762.27,0.0,0.0
2026-07-24 07:30:00,TAS1,,1297.0,0.687,0.0
2026-07-24 07:30:00,VIC1,,7568.61,18.345,0.0
2026-07-24 08:00:00,NSW1,,10753.88,845.443,532.206
2026-07-24 08:00:00,QLD1,,6874.36,1165.901,909.49
2026-07-24 08:00:00,SA1,,1864.2,27.038,0.0
2026-07-24 08:00:00,TAS1,,1364.0,7.991,4.029
2026-07-24 08:00:00,VIC1,,8006.08,150.81,51.946
2026-07-24 08:15:00,NSW1,10450.01,,,
2026-07-24 08:15:00,QLD1,6287.18,,,
2026-07-24 08:15:00,SA1,2075.1,,,
2026-07-24 08:15:00,TAS1,1384.25,,,
2026-07-24 08:15:00,VIC1,8218.47,,,
2026-07-24 08:20:00,NSW1,10348.15,,,
2026-07-24 08:20:00,QLD1,6192.35,,,
2026-07-24 08:20:00,SA1,2070.64,,,
2026-07-24 08:20:00,TAS1,1377.27,,,
2026-07-24 08:20:00,VIC1,8136.85,,,
2026-07-24 08:30:00,NSW1,,10591.19,1425.592,1176.289
2026-07-24 08:30:00,QLD1,,6336.73,1757.432,1614.483
2026-07-24 08:30:00,SA1,,2031.97,129.994,36.635
2026-07-24 08:30:00,TAS1,,1371.0,25.03,13.14
2026-07-24 08:30:00,VIC1,,8279.04,407.366,210.321
2026-07-24 09:00:00,NSW1,,9712.93,1991.554,1924.944
2026-07-24 09:00:00,QLD1,,5740.32,2324.234,2640.236
2026-07-24 09:00:00,SA1,,2031.22,282.042,146.335
2026-07-24 09:00:00,TAS1,,1354.0,43.631,27.87
2026-07-24 09:00:00,VIC1,,7940.26,677.535,482.038
2026-07-24 09:10:00,NSW1,9162.32,,,
2026-07-24 09:10:00,QLD1,5244.9,,,
2026-07-24 09:10:00,SA1,1883.99,,,
2026-07-24 09:10:00,TAS1,1324.73,,,
2026-07-24 09:10:00,VIC1,7605.16,,,
2026-07-24 09:15:00,NSW1,9070.74,,,
2026-07-24 09:15:00,QLD1,5140.43,,,
2026-07-24 09:15:00,SA1,1846.34,,,
2026-07-24 09:15:00,TAS1,1304.62,,,
2026-07-24 09:15:00,VIC1,7552.37,,,
2026-07-24 09:30:00,NSW1,,9068.16,2513.363,2752.829
2026-07-24 09:30:00,QLD1,,5181.98,2834.784,3246.973
2026-07-24 09:30:00,SA1,,2014.02,424.162,283.894
2026-07-24 09:30:00,TAS1,,1330.0,60.265,42.303
2026-07-24 09:30:00,VIC1,,7511.44,892.585,752.065
2026-07-24 10:00:00,NSW1,,8482.81,,3289.269
2026-07-24 10:00:00,QLD1,,4707.8,,3741.0
2026-07-24 10:00:00,SA1,,1765.13,,429.831
2026-07-24 10:00:00,TAS1,,1263.0,,80.444
2026-07-24 10:00:00,VIC1,,7288.11,,1155.229
2026-07-24 10:10:00,NSW1,8092.42,,,
2026-07-24 10:10:00,QLD1,4349.58,,,
2026-07-24 10:10:00,SA1,1623.66,,,
2026-07-24 10:10:00,TAS1,1258.1,,,
2026-07-24 10:10:00,VIC1,7006.91,,,
2026-07-24 10:15:00,NSW1,7978.07,,,
2026-07-24 10:15:00,QLD1,4368.61,,,
2026-07-24 10:15:00,SA1,1595.61,,,
2026-07-24 10:15:00,TAS1,1243.06,,,
2026-07-24 10:15:00,VIC1,6928.08,,,
2026-07-24 10:30:00,NSW1,,7904.95,,3731.849
2026-07-24 10:30:00,QLD1,,4460.32,,4125.949
2026-07-24 10:30:00,SA1,,1651.99,,544.304
2026-07-24 10:30:00,TAS1,,1237.0,,92.852
2026-07-24 10:30:00,VIC1,,7000.86,,1287.612
2026-07-24 11:00:00,NSW1,,7430.58,,4016.558
2026-07-24 11:00:00,QLD1,,4165.75,,4412.872
2026-07-24 11:00:00,SA1,,1570.66,,646.923
2026-07-24 11:00:00,TAS1,,1206.0,,97.569
2026-07-24 11:00:00,VIC1,,6720.12,,1460.237
2026-07-24 11:30:00,NSW1,,6999.96,,4189.41
2026-07-24 11:30:00,QLD1,,3926.66,,4586.824
2026-07-24 11:30:00,SA1,,1504.82,,734.305
2026-07-24 11:30:00,TAS1,,1188.0,,98.772
2026-07-24 11:30:00,VIC1,,6565.64,,1562.085
2026-07-24 12:00:00,NSW1,,6639.3,,4266.148
2026-07-24 12:00:00,QLD1,,3797.43,,4681.526
2026-07-24 12:00:00,SA1,,1472.34,,763.232
2026-07-24 12:00:00,TAS1,,1172.0,,96.67
2026-07-24 12:00:00,VIC1,,6362.82,,1571.812
2026-07-24 12:30:00,NSW1,,6416.31,3805.271,4263.099
2026-07-24 12:30:00,QLD1,,3680.94,4077.043,4674.42
2026-07-24 12:30:00,SA1,,1437.18,692.823,758.232
2026-07-24 12:30:00,TAS1,,1162.0,80.459,93.487
2026-07-24 12:30:00,VIC1,,6196.73,1188.689,1510.884
2026-07-24 13:00:00,NSW1,,6248.61,3677.516,4156.962
2026-07-24 13:00:00,QLD1,,3594.84,3950.213,4602.205
2026-07-24 13:00:00,SA1,,1399.07,702.335,751.05
2026-07-24 13:00:00,TAS1,,1157.0,67.008,82.506
2026-07-24 13:00:00,VIC1,,6076.23,1228.04,1439.366
2026-07-24 13:30:00,NSW1,,6650.88,,4012.453
2026-07-24 13:30:00,QLD1,,3969.1,,4339.831
2026-07-24 13:30:00,SA1,,1654.62,,717.45
2026-07-24 13:30:00,TAS1,,1103.0,,79.413
2026-07-24 13:30:00,VIC1,,6654.98,,1301.729
2026-07-24 13:40:00,NSW1,6606.13,,,
2026-07-24 13:40:00,QLD1,4064.44,,,
2026-07-24 13:40:00,SA1,1505.51,,,
2026-07-24 13:40:00,TAS1,1115.09,,,
2026-07-24 13:40:00,VIC1,6704.38,,,
2026-07-24 13:45:00,NSW1,6523.1,,,
2026-07-24 13:45:00,QLD1,4118.85,,,
2026-07-24 13:45:00,SA1,1567.47,,,
2026-07-24 13:45:00,TAS1,1111.72,,,
2026-07-24 13:45:00,VIC1,6706.18,,,
2026-07-24 14:00:00,NSW1,,6641.5,,3689.678
2026-07-24 14:00:00,QLD1,,4123.82,,3986.28
2026-07-24 14:00:00,SA1,,1562.47,,658.133
2026-07-24 14:00:00,TAS1,,1098.0,,72.755
2026-07-24 14:00:00,VIC1,,6684.65,,1178.518
2026-07-24 14:30:00,NSW1,,6818.73,,3247.187
2026-07-24 14:30:00,QLD1,,4311.34,,3562.421
2026-07-24 14:30:00,SA1,,1517.09,,604.757
2026-07-24 14:30:00,TAS1,,1109.0,,59.398
2026-07-24 14:30:00,VIC1,,6584.8,,1001.694
2026-07-24 15:00:00,NSW1,,7183.25,2289.4,2701.744
2026-07-24 15:00:00,QLD1,,4640.56,2526.35,3050.975
2026-07-24 15:00:00,SA1,,1521.04,472.012,538.193
2026-07-24 15:00:00,TAS1,,1113.0,43.916,45.193
2026-07-24 15:00:00,VIC1,,6573.1,806.347,822.816
2026-07-24 15:30:00,NSW1,,7678.42,1765.064,2090.487
2026-07-24 15:30:00,QLD1,,5098.67,1985.198,2441.234
2026-07-24 15:30:00,SA1,,1548.4,424.765,487.69
2026-07-24 15:30:00,TAS1,,1125.0,32.307,31.427
2026-07-24 15:30:00,VIC1,,6618.14,552.072,641.99
2026-07-24 16:00:00,NSW1,,7971.39,,1415.056
2026-07-24 16:00:00,QLD1,,5585.0,,1741.658
2026-07-24 16:00:00,SA1,,1670.03,,329.013
2026-07-24 16:00:00,TAS1,,1158.0,,24.432
2026-07-24 16:00:00,VIC1,,6869.39,,473.392
2026-07-24 16:10:00,NSW1,8685.61,,,
2026-07-24 16:10:00,QLD1,6167.18,,,
2026-07-24 16:10:00,SA1,1699.64,,,
2026-07-24 16:10:00,TAS1,1200.41,,,
2026-07-24 16:10:00,VIC1,7294.37,,,
2026-07-24 16:15:00,NSW1,8692.07,,,
2026-07-24 16:15:00,QLD1,6240.39,,,
2026-07-24 16:15:00,SA1,1671.95,,,
2026-07-24 16:15:00,TAS1,1197.67,,,
2026-07-24 16:15:00,VIC1,7319.09,,,
2026-07-24 16:30:00,NSW1,,8826.52,,356.17
2026-07-24 16:30:00,QLD1,,6304.14,,1055.501
2026-07-24 16:30:00,SA1,,1677.73,,250.421
2026-07-24 16:30:00,TAS1,,1194.0,,4.883
2026-07-24 16:30:00,VIC1,,7458.11,,266.57
2026-07-24 17:00:00,NSW1,,9600.19,,60.265
2026-07-24 17:00:00,QLD1,,6851.94,,381.82
2026-07-24 17:00:00,SA1,,1815.94,,143.723
2026-07-24 17:00:00,TAS1,,1226.0,,0.701
2026-07-24 17:00:00,VIC1,,7658.46,,8.34
2026-07-24 17:30:00,NSW1,,10243.76,10.043,0.0
2026-07-24 17:30:00,QLD1,,7232.74,77.681,82.83
2026-07-24 17:30:00,SA1,,1968.69,101.989,12.643
2026-07-24 17:30:00,TAS1,,1268.0,0.012,0.0
2026-07-24 17:30:00,VIC1,,7831.63,34.932,0.0
2026-07-24 18:00:00,NSW1,,10889.48,0.0,0.0
2026-07-24 18:00:00,QLD1,,7597.84,7.276,0.0
2026-07-24 18:00:00,SA1,,2112.0,21.538,0.0
2026-07-24 18:00:00,TAS1,,1300.0,0.0,0.0
2026-07-24 18:00:00,VIC1,,8043.38,0.0,0.0
2026-07-24 18:30:00,NSW1,,11119.04,,0.0
2026-07-24 18:30:00,QLD1,,7365.07,,0.0
2026-07-24 18:30:00,SA1,,2192.26,,0.0
2026-07-24 18:30:00,TAS1,,1315.0,,0.0
2026-07-24 18:30:00,VIC1,,8106.96,,0.0
2026-07-24 18:40:00,NSW1,11187.25,,,
2026-07-24 18:40:00,QLD1,7261.15,,,
2026-07-24 18:40:00,SA1,2222.17,,,
2026-07-24 18:40:00,TAS1,1348.46,,,
2026-07-24 18:40:00,VIC1,8073.3,,,
2026-07-24 18:45:00,NSW1,11125.2,,,
2026-07-24 18:45:00,QLD1,7274.43,,,
2026-07-24 18:45:00,SA1,2240.45,,,
2026-07-24 18:45:00,TAS1,1351.38,,,
2026-07-24 18:45:00,VIC1,8006.5,,,
2026-07-24 19:00:00,NSW1,,11107.68,,0.0
2026-07-24 19:00:00,QLD1,,7337.53,,0.0
2026-07-24 19:00:00,SA1,,2245.19,,0.0
2026-07-24 19:00:00,TAS1,,1322.0,,0.0
2026-07-24 19:00:00,VIC1,,7954.93,,0.0
2026-07-24 19:30:00,NSW1,,11050.43,0.0,0.0
2026-07-24 19:30:00,QLD1,,7236.55,0.0,0.0
2026-07-24 19:30:00,SA1,,2216.88,0.0,0.0
2026-07-24 19:30:00,TAS1,,1303.0,0.0,0.0
2026-07-24 19:30:00,VIC1,,7776.98,0.0,0.0
2026-07-24 20:00:00,NSW1,,11040.09,0.0,0.0
2026-07-24 20:00:00,QLD1,,7163.32,0.0,0.0
2026-07-24 20:00:00,SA1,,2175.69,0.0,0.0
2026-07-24 20:00:00,TAS1,,1283.0,0.0,0.0
2026-07-24 20:00:00,VIC1,,7626.76,0.0,0.0
2026-07-24 20:30:00,NSW1,,10828.56,,0.0
2026-07-24 20:30:00,QLD1,,7026.36,,0.0
2026-07-24 20:30:00,SA1,,2160.92,,0.0
2026-07-24 20:30:00,TAS1,,1241.0,,0.0
2026-07-24 20:30:00,VIC1,,7610.33,,0.0
2026-07-24 20:45:00,NSW1,10678.55,,,
2026-07-24 20:45:00,QLD1,7068.73,,,
2026-07-24 20:45:00,SA1,2126.77,,,
2026-07-24 20:45:00,TAS1,1225.39,,,
2026-07-24 20:45:00,VIC1,7472.23,,,
2026-07-24 20:50:00,NSW1,10703.17,,,
2026-07-24 20:50:00,QLD1,7024.09,,,
2026-07-24 20:50:00,SA1,2115.4,,,
2026-07-24 20:50:00,TAS1,1216.35,,,
2026-07-24 20:50:00,VIC1,7422.93,,,
2026-07-24 21:00:00,NSW1,,10712.69,0.0,0.0
2026-07-24 21:00:00,QLD1,,7001.12,0.0,0.0
2026-07-24 21:00:00,SA1,,2138.17,0.0,0.0
2026-07-24 21:00:00,TAS1,,1213.0,0.0,0.0
2026-07-24 21:00:00,VIC1,,7403.18,0.0,0.0
2026-07-24 21:30:00,NSW1,,10474.06,0.0,0.0
2026-07-24 21:30:00,QLD1,,6975.22,0.0,0.0
2026-07-24 21:30:00,SA1,,2072.07,0.0,0.0
2026-07-24 21:30:00,TAS1,,1194.0,0.0,0.0
2026-07-24 21:30:00,VIC1,,7175.02,0.0,0.0
2026-07-24 22:00:00,NSW1,,10190.38,,0.0
2026-07-24 22:00:00,QLD1,,6847.54,,0.0
2026-07-24 22:00:00,SA1,,2027.74,,0.0
2026-07-24 22:00:00,TAS1,,1142.0,,0.0
2026-07-24 22:00:00,VIC1,,7017.13,,0.0
2026-07-24 22:05:00,NSW1,9918.69,,,
2026-07-24 22:05:00,QLD1,6699.59,,,
2026-07-24 22:05:00,SA1,1945.19,,,
2026-07-24 22:05:00,TAS1,1146.33,,,
2026-07-24 22:05:00,VIC1,6699.37,,,
2026-07-24 22:10:00,NSW1,10077.89,,,
2026-07-24 22:10:00,QLD1,6733.24,,,
2026-07-24 22:10:00,SA1,1922.93,,,
2026-07-24 22:10:00,TAS1,1127.41,,,
2026-07-24 22:10:00,VIC1,6711.03,,,
2026-07-24 22:30:00,NSW1,,10010.17,,0.0
2026-07-24 22:30:00,QLD1,,6708.41,,0.0
2026-07-24 22:30:00,SA1,,1937.1,,0.0
2026-07-24 22:30:00,TAS1,,1115.0,,0.0
2026-07-24 22:30:00,VIC1,,6714.7,,0.0
2026-07-24 23:00:00,NSW1,,9709.84,0.0,0.0
2026-07-24 23:00:00,QLD1,,6470.34,0.0,0.0
2026-07-24 23:00:00,SA1,,1812.76,0.0,0.0
2026-07-24 23:00:00,TAS1,,1081.0,0.0,0.0
2026-07-24 23:00:00,VIC1,,6405.34,0.0,0.0
2026-07-24 23:30:00,NSW1,,9393.42,0.0,0.0
2026-07-24 23:30:00,QLD1,,6243.95,0.0,0.0
2026-07-24 23:30:00,SA1,,1700.32,0.0,0.0
2026-07-24 23:30:00,TAS1,,1044.0,0.0,0.0
2026-07-24 23:30:00,VIC1,,6257.97,0.0,0.0
2026-07-25 00:00:00,NSW1,,9051.74,,0.0
2026-07-25 00:00:00,QLD1,,6083.97,,0.0
2026-07-25 00:00:00,SA1,,1681.34,,0.0
2026-07-25 00:00:00,TAS1,,1006.0,,0.0
2026-07-25 00:00:00,VIC1,,6113.78,,0.0
2026-07-25 00:05:00,NSW1,8813.62,,,
2026-07-25 00:05:00,QLD1,5970.43,,,
2026-07-25 00:05:00,SA1,1641.35,,,
2026-07-25 00:05:00,TAS1,1013.54,,,
2026-07-25 00:05:00,VIC1,5904.47,,,
2026-07-25 00:10:00,NSW1,8868.05,,,
2026-07-25 00:10:00,QLD1,5959.04,,,
2026-07-25 00:10:00,SA1,1618.21,,,
2026-07-25 00:10:00,TAS1,1005.38,,,
2026-07-25 00:10:00,VIC1,5892.09,,,
2026-07-25 00:30:00,NSW1,,8768.95,0.0,0.0
2026-07-25 00:30:00,QLD1,,5927.4,0.0,0.0
2026-07-25 00:30:00,SA1,,1636.06,0.0,0.0
2026-07-25 00:30:00,TAS1,,986.0,0.0,0.0
2026-07-25 00:30:00,VIC1,,5854.53,0.0,0.0
2026-07-25 01:00:00,NSW1,,8577.75,0.0,0.0
2026-07-25 01:00:00,QLD1,,5761.67,0.0,0.0
2026-07-25 01:00:00,SA1,,1630.53,0.0,0.0
2026-07-25 01:00:00,TAS1,,971.0,0.0,0.0
2026-07-25 01:00:00,VIC1,,5649.63,0.0,0.0
2026-07-25 01:30:00,NSW1,,8446.7,,0.0
2026-07-25 01:30:00,QLD1,,5680.32,,0.0
2026-07-25 01:30:00,SA1,,1626.42,,0.0
2026-07-25 01:30:00,TAS1,,947.0,,0.0
2026-07-25 01:30:00,VIC1,,5485.83,,0.0
2026-07-25 01:35:00,NSW1,8265.99,,,
2026-07-25 01:35:00,QLD1,5614.08,,,
2026-07-25 01:35:00,SA1,1536.9,,,
2026-07-25 01:35:00,TAS1,926.24,,,
2026-07-25 01:35:00,VIC1,5319.82,,,
2026-07-25 01:40:00,NSW1,8218.43,,,
2026-07-25 01:40:00,QLD1,5549.93,,,
2026-07-25 01:40:00,SA1,1557.52,,,
2026-07-25 01:40:00,TAS1,921.96,,,
2026-07-25 01:40:00,VIC1,5284.51,,,
2026-07-25 02:00:00,NSW1,,8148.14,0.0,0.0
2026-07-25 02:00:00,QLD1,,5597.37,0.0,0.0
2026-07-25 02:00:00,SA1,,1567.57,0.0,0.0
2026-07-25 02:00:00,TAS1,,925.0,0.0,0.0
2026-07-25 02:00:00,VIC1,,5275.84,0.0,0.0
2026-07-25 02:30:00,NSW1,,7955.6,0.0,0.0
2026-07-25 02:30:00,QLD1,,5553.34,0.0,0.0
2026-07-25 02:30:00,SA1,,1520.43,0.0,0.0
2026-07-25 02:30:00,TAS1,,920.0,0.0,0.0
2026-07-25 02:30:00,VIC1,,5107.05,0.0,0.0
2026-07-25 03:00:00,NSW1,,7846.87,,0.0
2026-07-25 03:00:00,QLD1,,5464.84,,0.0
2026-07-25 03:00:00,SA1,,1506.95,,0.0
2026-07-25 03:00:00,TAS1,,914.0,,0.0
2026-07-25 03:00:00,VIC1,,5003.94,,0.0
2026-07-25 03:05:00,NSW1,7799.41,,,
2026-07-25 03:05:00,QLD1,5482.5,,,
2026-07-25 03:05:00,SA1,1500.13,,,
2026-07-25 03:05:00,TAS1,904.06,,,
2026-07-25 03:05:00,VIC1,4818.22,,,
2026-07-25 03:10:00,NSW1,7816.3,,,
2026-07-25 03:10:00,QLD1,5467.46,,,
2026-07-25 03:10:00,SA1,1525.92,,,
2026-07-25 03:10:00,TAS1,907.94,,,
2026-07-25 03:10:00,VIC1,4791.14,,,
2026-07-25 03:30:00,NSW1,,7739.46,0.0,0.0
2026-07-25 03:30:00,QLD1,,5489.25,0.0,0.0
2026-07-25 03:30:00,SA1,,1530.18,0.0,0.0
2026-07-25 03:30:00,TAS1,,906.0,0.0,0.0
2026-07-25 03:30:00,VIC1,,4908.17,0.0,0.0
2026-07-25 04:00:00,NSW1,,7675.78,0.0,0.0
2026-07-25 04:00:00,QLD1,,5498.75,0.0,0.0
2026-07-25 04:00:00,SA1,,1486.57,0.0,0.0
2026-07-25 04:00:00,TAS1,,906.0,0.0,0.0
2026-07-25 04:00:00,VIC1,,4844.09,0.0,0.0
2026-07-25 04:30:00,NSW1,,7711.59,0.0,0.0
2026-07-25 04:30:00,QLD1,,5530.18,0.0,0.0
2026-07-25 04:30:00,SA1,,1442.04,0.0,0.0
2026-07-25 04:30:00,TAS1,,901.0,0.0,0.0
2026-07-25 04:30:00,VIC1,,4747.84,0.0,0.0
2026-07-25 04:40:00,NSW1,7580.09,,,
2026-07-25 04:40:00,QLD1,5579.16,,,
2026-07-25 04:40:00,SA1,1394.83,,,
2026-07-25 04:40:00,TAS1,916.49,,,
2026-07-25 04:40:00,VIC1,4778.59,,,
2026-07-25 04:45:00,NSW1,7653.65,,,
2026-07-25 04:45:00,QLD1,5588.0,,,
2026-07-25 04:45:00,SA1,1377.74,,,
2026-07-25 04:45:00,TAS1,912.62,,,
2026-07-25 04:45:00,VIC1,4724.77,,,
2026-07-25 05:00:00,NSW1,,7611.6,0.0,0.0
2026-07-25 05:00:00,QLD1,,5579.46,0.0,0.0
2026-07-25 05:00:00,SA1,,1416.94,0.0,0.0
2026-07-25 05:00:00,TAS1,,904.0,0.0,0.0
2026-07-25 05:00:00,VIC1,,4771.76,0.0,0.0
2026-07-25 05:30:00,NSW1,,7827.52,,0.0
2026-07-25 05:30:00,QLD1,,5695.13,,0.0
2026-07-25 05:30:00,SA1,,1390.58,,0.0
2026-07-25 05:30:00,TAS1,,918.0,,0.0
2026-07-25 05:30:00,VIC1,,4870.04,,0.0
2026-07-25 06:00:00,NSW1,8041.7,7974.34,0.0,0.0
2026-07-25 06:00:00,QLD1,5837.52,5828.23,0.0,0.0
2026-07-25 06:00:00,SA1,1392.29,1427.73,0.0,0.0
2026-07-25 06:00:00,TAS1,964.55,919.0,0.0,0.0
2026-07-25 06:00:00,VIC1,5014.43,4932.55,0.0,0.0
2026-07-25 06:05:00,NSW1,8112.69,,,
2026-07-25 06:05:00,QLD1,5922.79,,,
2026-07-25 06:05:00,SA1,1400.22,,,
2026-07-25 06:05:00,TAS1,966.16,,,
2026-07-25 06:05:00,VIC1,5033.57,,,
2026-07-25 06:30:00,NSW1,,8345.09,0.0,0.0
2026-07-25 06:30:00,QLD1,,6048.04,8.802,0.0
2026-07-25 06:30:00,SA1,,1432.07,0.0,0.0
2026-07-25 06:30:00,TAS1,,948.0,0.0,0.0
2026-07-25 06:30:00,VIC1,,5148.33,0.0,0.0
2026-07-25 07:00:00,NSW1,,8875.13,50.105,0.0
2026-07-25 07:00:00,QLD1,,6238.01,184.705,68.017
2026-07-25 07:00:00,SA1,,1417.82,0.0,0.0
2026-07-25 07:00:00,TAS1,,998.0,0.0,0.0
2026-07-25 07:00:00,VIC1,,5369.15,0.0,0.0
2026-07-25 07:10:00,NSW1,9227.06,,,
2026-07-25 07:10:00,QLD1,6313.73,,,
2026-07-25 07:10:00,SA1,1456.45,,,
2026-07-25 07:10:00,TAS1,1027.12,,,
2026-07-25 07:10:00,VIC1,5514.05,,,
2026-07-25 07:15:00,NSW1,9333.62,,,
2026-07-25 07:15:00,QLD1,6286.55,,,
2026-07-25 07:15:00,SA1,1462.79,,,
2026-07-25 07:15:00,TAS1,1028.72,,,
2026-07-25 07:15:00,VIC1,5605.7,,,
2026-07-25 07:30:00,NSW1,,9405.53,333.392,147.937
2026-07-25 07:30:00,QLD1,,6280.86,626.3,307.096
2026-07-25 07:30:00,SA1,,1459.83,0.0,0.0
2026-07-25 07:30:00,TAS1,,1021.0,0.888,0.0
2026-07-25 07:30:00,VIC1,,5711.5,18.467,0.0
2026-07-25 08:00:00,NSW1,,9578.17,848.912,523.602
2026-07-25 08:00:00,QLD1,,6050.21,1195.993,865.932
2026-07-25 08:00:00,SA1,,1508.37,31.13,0.0
2026-07-25 08:00:00,TAS1,,1055.0,8.77,4.26
2026-07-25 08:00:00,VIC1,,6005.07,166.339,42.601
2026-07-25 08:15:00,NSW1,9387.94,,,
2026-07-25 08:15:00,QLD1,5641.3,,,
2026-07-25 08:15:00,SA1,1608.85,,,
2026-07-25 08:15:00,TAS1,1119.07,,,
2026-07-25 08:15:00,VIC1,6053.84,,,
2026-07-25 08:20:00,NSW1,9417.45,,,
2026-07-25 08:20:00,QLD1,5594.13,,,
2026-07-25 08:20:00,SA1,1612.77,,,
2026-07-25 08:20:00,TAS1,1117.9,,,
2026-07-25 08:20:00,VIC1,6057.85,,,
2026-07-25 08:30:00,NSW1,,9338.7,1416.028,1147.3
2026-07-25 08:30:00,QLD1,,5662.56,1782.616,1496.834
2026-07-25 08:30:00,SA1,,1601.76,128.63,23.153
2026-07-25 08:30:00,TAS1,,1104.0,22.609,14.102
2026-07-25 08:30:00,VIC1,,6125.35,389.278,131.409
2026-07-25 09:00:00,NSW1,,8945.83,,1833.412
2026-07-25 09:00:00,QLD1,,5166.43,,2673.413
2026-07-25 09:00:00,SA1,,1598.62,,86.021
2026-07-25 09:00:00,TAS1,,1109.0,,29.443
2026-07-25 09:00:00,VIC1,,6018.82,,286.305
2026-07-25 09:25:00,NSW1,8233.53,,,
2026-07-25 09:25:00,QLD1,4614.74,,,
2026-07-25 09:25:00,SA1,1576.33,,,
2026-07-25 09:25:00,TAS1,1132.81,,,
2026-07-25 09:25:00,VIC1,6138.89,,,
2026-07-25 09:30:00,NSW1,8176.83,8522.05,2481.393,2577.266
2026-07-25 09:30:00,QLD1,4550.0,4755.05,2837.622,3301.419
2026-07-25 09:30:00,SA1,1559.24,1588.82,346.713,165.133
2026-07-25 09:30:00,TAS1,1130.3,1093.0,48.673,45.976
2026-07-25 09:30:00,VIC1,6137.96,5916.72,690.616,579.312
2026-07-25 10:00:00,NSW1,,7983.24,2918.533,3106.103
2026-07-25 10:00:00,QLD1,,4300.91,3265.814,3805.779
2026-07-25 10:00:00,SA1,,1551.91,445.443,240.996
2026-07-25 10:00:00,TAS1,,1097.0,60.177,62.755
2026-07-25 10:00:00,VIC1,,5734.73,766.897,752.8
2026-07-25 10:30:00,NSW1,,7506.55,,3485.983
2026-07-25 10:30:00,QLD1,,4023.61,,4187.369
2026-07-25 10:30:00,SA1,,1499.03,,310.813
2026-07-25 10:30:00,TAS1,,1086.0,,78.316
2026-07-25 10:30:00,VIC1,,5862.69,,901.106
2026-07-25 11:00:00,NSW1,6678.17,6931.1,,3836.578
2026-07-25 11:00:00,QLD1,3663.65,3678.02,,4472.514
2026-07-25 11:00:00,SA1,1406.87,1446.32,,557.605
2026-07-25 11:00:00,TAS1,1065.16,1038.0,,83.086
2026-07-25 11:00:00,VIC1,5698.42,5848.36,,995.29
2026-07-25 11:05:00,NSW1,6584.4,,,
2026-07-25 11:05:00,QLD1,3584.09,,,
2026-07-25 11:05:00,SA1,1407.04,,,
2026-07-25 11:05:00,TAS1,1059.33,,,
2026-07-25 11:05:00,VIC1,5714.52,,,
2026-07-25 11:30:00,NSW1,,6517.72,,4048.357
2026-07-25 11:30:00,QLD1,,3486.35,,4678.357
2026-07-25 11:30:00,SA1,,1408.09,,626.992
2026-07-25 11:30:00,TAS1,,1024.0,,101.886
2026-07-25 11:30:00,VIC1,,5754.02,,1099.527
2026-07-25 12:00:00,NSW1,,6084.55,,4102.264
2026-07-25 12:00:00,QLD1,,3286.34,,4766.293
2026-07-25 12:00:00,SA1,,1408.51,,718.286
2026-07-25 12:00:00,TAS1,,1012.0,,107.83
2026-07-25 12:00:00,VIC1,,5598.78,,1165.647
2026-07-25 12:30:00,NSW1,,5773.0,,4062.858
2026-07-25 12:30:00,QLD1,,3128.04,,4738.916
2026-07-25 12:30:00,SA1,,1392.62,,714.685
2026-07-25 12:30:00,TAS1,,999.0,,113.404
2026-07-25 12:30:00,VIC1,,5433.17,,1201.5
2026-07-25 13:00:00,NSW1,,5587.49,3592.025,3916.013
2026-07-25 13:00:00,QLD1,,3057.3,3950.552,4654.304
2026-07-25 13:00:00,SA1,,1385.39,967.694,635.104
2026-07-25 13:00:00,TAS1,,987.0,83.088,114.137
2026-07-25 13:00:00,VIC1,,5335.08,1390.429,1183.861
2026-07-25 13:30:00,NSW1,,5552.69,3350.889,3677.288
2026-07-25 13:30:00,QLD1,,3106.48,3724.403,4441.223
2026-07-25 13:30:00,SA1,,1378.89,951.969,584.431
2026-07-25 13:30:00,TAS1,,985.0,69.922,107.305
2026-07-25 13:30:00,VIC1,,5293.69,1210.948,1146.706
2026-07-25 14:00:00,NSW1,,6191.81,,3507.579
2026-07-25 14:00:00,QLD1,,3665.88,,4101.204
2026-07-25 14:00:00,SA1,,991.35,,929.806
2026-07-25 14:00:00,TAS1,,952.0,,93.622
2026-07-25 14:00:00,VIC1,,5295.68,,1072.246
2026-07-25 14:15:00,NSW1,6066.29,,,
2026-07-25 14:15:00,QLD1,3774.96,,,
2026-07-25 14:15:00,SA1,1004.54,,,
2026-07-25 14:15:00,TAS1,1007.74,,,
2026-07-25 14:15:00,VIC1,5126.99,,,
2026-07-25 14:20:00,NSW1,6048.46,,,
2026-07-25 14:20:00,QLD1,3902.8,,,
2026-07-25 14:20:00,SA1,1015.45,,,
2026-07-25 14:20:00,TAS1,998.06,,,
2026-07-25 14:20:00,VIC1,5178.24,,,
2026-07-25 14:30:00,NSW1,,6138.12,,3107.579
2026-07-25 14:30:00,QLD1,,3868.9,,3691.829
2026-07-25 14:30:00,SA1,,950.72,,910.059
2026-07-25 14:30:00,TAS1,,939.0,,75.054
2026-07-25 14:30:00,VIC1,,5282.11,,953.0
2026-07-25 15:00:00,NSW1,,6477.53,2172.326,2577.004
2026-07-25 15:00:00,QLD1,,4231.1,2547.358,3191.578
2026-07-25 15:00:00,SA1,,1029.77,684.938,771.839
2026-07-25 15:00:00,TAS1,,959.0,50.544,64.033
2026-07-25 15:00:00,VIC1,,5383.7,973.029,824.026
2026-07-25 15:30:00,NSW1,,7048.36,1663.108,1981.093
2026-07-25 15:30:00,QLD1,,4685.83,2015.971,2582.227
2026-07-25 15:30:00,SA1,,1186.19,567.342,603.869
2026-07-25 15:30:00,TAS1,,985.0,37.561,49.805
2026-07-25 15:30:00,VIC1,,5517.12,797.833,663.524
2026-07-25 16:00:00,NSW1,,7415.71,,1345.364
2026-07-25 16:00:00,QLD1,,5269.56,,1862.394
2026-07-25 16:00:00,SA1,,1132.33,,541.807
2026-07-25 16:00:00,TAS1,,1025.0,,33.175
2026-07-25 16:00:00,VIC1,,5404.33,,497.606
2026-07-25 16:30:00,NSW1,8237.83,8047.43,,348.108
2026-07-25 16:30:00,QLD1,6169.31,5848.16,,1128.215
2026-07-25 16:30:00,SA1,1258.63,1103.59,,365.641
2026-07-25 16:30:00,TAS1,1064.92,1022.0,,8.685
2026-07-25 16:30:00,VIC1,6033.32,5865.95,,304.976
2026-07-25 16:35:00,NSW1,8450.09,,,
2026-07-25 16:35:00,QLD1,6330.05,,,
2026-07-25 16:35:00,SA1,1295.69,,,
2026-07-25 16:35:00,TAS1,1067.79,,,
2026-07-25 16:35:00,VIC1,6068.66,,,
2026-07-25 17:00:00,NSW1,,8744.73,199.329,57.118
2026-07-25 17:00:00,QLD1,,6436.76,371.775,401.57
2026-07-25 17:00:00,SA1,,1330.02,234.6,215.967
2026-07-25 17:00:00,TAS1,,1070.0,3.532,1.058
2026-07-25 17:00:00,VIC1,,6198.34,192.383,66.02
2026-07-25 17:30:00,NSW1,,9243.7,10.862,0.0
2026-07-25 17:30:00,QLD1,,6942.13,84.031,86.04
2026-07-25 17:30:00,SA1,,1583.04,109.585,15.878
2026-07-25 17:30:00,TAS1,,1124.0,0.042,0.0
2026-07-25 17:30:00,VIC1,,6556.79,35.35,12.969
2026-07-25 18:00:00,NSW1,,9882.19,,0.0
2026-07-25 18:00:00,QLD1,,7099.17,,0.0
2026-07-25 18:00:00,SA1,,1604.24,,0.809
2026-07-25 18:00:00,TAS1,,1164.0,,0.0
2026-07-25 18:00:00,VIC1,,6891.52,,0.0
2026-07-25 18:30:00,NSW1,10003.8,10063.27,,0.0
2026-07-25 18:30:00,QLD1,7228.08,7210.74,,0.0
2026-07-25 18:30:00,SA1,1877.85,1759.15,,0.0
2026-07-25 18:30:00,TAS1,1204.17,1165.0,,0.0
2026-07-25 18:30:00,VIC1,7052.94,7038.81,,0.0
2026-07-25 18:35:00,NSW1,10021.45,,,
2026-07-25 18:35:00,QLD1,7206.14,,,
2026-07-25 18:35:00,SA1,1872.02,,,
2026-07-25 18:35:00,TAS1,1196.65,,,
2026-07-25 18:35:00,VIC1,7034.27,,,
2026-07-25 19:00:00,NSW1,,10000.23,0.0,0.0
2026-07-25 19:00:00,QLD1,,7162.15,0.0,0.0
2026-07-25 19:00:00,SA1,,1813.19,0.0,0.0
2026-07-25 19:00:00,TAS1,,1155.0,0.0,0.0
2026-07-25 19:00:00,VIC1,,6976.25,0.0,0.0
2026-07-25 19:30:00,NSW1,,9842.45,0.0,0.0
2026-07-25 19:30:00,QLD1,,7044.58,0.0,0.0
2026-07-25 19:30:00,SA1,,1867.57,0.0,0.0
2026-07-25 19:30:00,TAS1,,1148.0,0.0,0.0
2026-07-25 19:30:00,VIC1,,6923.65,0.0,0.0
2026-07-25 20:00:00,NSW1,,9828.12,0.0,0.0
2026-07-25 20:00:00,QLD1,,7074.18,0.0,0.0
2026-07-25 20:00:00,SA1,,1830.51,0.0,0.0
2026-07-25 20:00:00,TAS1,,1129.0,0.0,0.0
2026-07-25 20:00:00,VIC1,,6792.18,0.0,0.0
2026-07-25 20:05:00,NSW1,9770.17,,,
2026-07-25 20:05:00,QLD1,6983.2,,,
2026-07-25 20:05:00,SA1,1795.27,,,
2026-07-25 20:05:00,TAS1,1150.66,,,
2026-07-25 20:05:00,VIC1,6637.86,,,
2026-07-25 20:10:00,NSW1,9701.98,,,
2026-07-25 20:10:00,QLD1,6966.03,,,
2026-07-25 20:10:00,SA1,1790.76,,,
2026-07-25 20:10:00,TAS1,1159.8,,,
2026-07-25 20:10:00,VIC1,6682.56,,,
2026-07-25 20:30:00,NSW1,,9741.73,0.0,0.0
2026-07-25 20:30:00,QLD1,,6934.71,0.0,0.0
2026-07-25 20:30:00,SA1,,1798.28,0.0,0.0
2026-07-25 20:30:00,TAS1,,1127.0,0.0,0.0
2026-07-25 20:30:00,VIC1,,6633.38,0.0,0.0
2026-07-25 21:00:00,NSW1,,9643.24,,0.0
2026-07-25 21:00:00,QLD1,,6917.11,,0.0
2026-07-25 21:00:00,SA1,,1764.03,,0.0
2026-07-25 21:00:00,TAS1,,1115.0,,0.0
2026-07-25 21:00:00,VIC1,,6541.85,,0.0
2026-07-25 21:30:00,NSW1,9388.11,9472.49,0.0,0.0
2026-07-25 21:30:00,QLD1,6931.82,6887.08,0.0,0.0
2026-07-25 21:30:00,SA1,1707.09,1735.72,0.0,0.0
2026-07-25 21:30:00,TAS1,1125.26,1120.0,0.0,0.0
2026-07-25 21:30:00,VIC1,6420.06,6428.86,0.0,0.0
2026-07-25 21:35:00,NSW1,9390.05,,,
2026-07-25 21:35:00,QLD1,6875.29,,,
2026-07-25 21:35:00,SA1,1693.11,,,
2026-07-25 21:35:00,TAS1,1113.29,,,
2026-07-25 21:35:00,VIC1,6372.13,,,
2026-07-25 22:00:00,NSW1,,9308.29,0.0,0.0
2026-07-25 22:00:00,QLD1,,6844.08,0.0,0.0
2026-07-25 22:00:00,SA1,,1699.28,0.0,0.0
2026-07-25 22:00:00,TAS1,,1103.0,0.0,0.0
2026-07-25 22:00:00,VIC1,,6299.89,0.0,0.0
2026-07-25 22:30:00,NSW1,9057.37,9129.93,,0.0
2026-07-25 22:30:00,QLD1,6513.94,6679.45,,0.0
2026-07-25 22:30:00,SA1,1578.52,1634.04,,0.0
2026-07-25 22:30:00,TAS1,1081.41,1074.0,,0.0
2026-07-25 22:30:00,VIC1,5980.39,6106.85,,0.0
2026-07-25 22:35:00,NSW1,8969.65,,,
2026-07-25 22:35:00,QLD1,6438.78,,,
2026-07-25 22:35:00,SA1,1572.31,,,
2026-07-25 22:35:00,TAS1,1075.36,,,
2026-07-25 22:35:00,VIC1,6013.19,,,
2026-07-25 23:00:00,NSW1,,8929.96,0.0,0.0
2026-07-25 23:00:00,QLD1,,6462.03,0.0,0.0
2026-07-25 23:00:00,SA1,,1570.23,0.0,0.0
2026-07-25 23:00:00,TAS1,,1051.0,0.0,0.0
2026-07-25 23:00:00,VIC1,,5918.62,0.0,0.0
2026-07-25 23:30:00,NSW1,,8696.13,0.0,0.0
2026-07-25 23:30:00,QLD1,,6228.66,0.0,0.0
2026-07-25 23:30:00,SA1,,1508.0,0.0,0.0
2026-07-25 23:30:00,TAS1,,1028.0,0.0,0.0
2026-07-25 23:30:00,VIC1,,5863.2,0.0,0.0
2026-07-26 00:00:00,NSW1,,8409.88,0.0,0.0
2026-07-26 00:00:00,QLD1,,6184.64,0.0,0.0
2026-07-26 00:00:00,SA1,,1508.59,0.0,0.0
2026-07-26 00:00:00,TAS1,,1006.0,0.0,0.0
2026-07-26 00:00:00,VIC1,,5812.48,0.0,0.0
2026-07-26 00:10:00,NSW1,8417.73,,,
2026-07-26 00:10:00,QLD1,6078.56,,,
2026-07-26 00:10:00,SA1,1505.01,,,
2026-07-26 00:10:00,TAS1,1014.0,,,
2026-07-26 00:10:00,VIC1,5676.31,,,
2026-07-26 00:15:00,NSW1,8415.87,,,
2026-07-26 00:15:00,QLD1,6069.61,,,
2026-07-26 00:15:00,SA1,1491.65,,,
2026-07-26 00:15:00,TAS1,1005.37,,,
2026-07-26 00:15:00,VIC1,5680.73,,,
2026-07-26 00:30:00,NSW1,,8187.06,0.0,0.0
2026-07-26 00:30:00,QLD1,,6057.07,0.0,0.0
2026-07-26 00:30:00,SA1,,1508.56,0.0,0.0
2026-07-26 00:30:00,TAS1,,978.0,0.0,0.0
2026-07-26 00:30:00,VIC1,,5608.99,0.0,0.0
2026-07-26 01:00:00,NSW1,,8170.22,0.0,0.0
2026-07-26 01:00:00,QLD1,,5921.73,0.0,0.0
2026-07-26 01:00:00,SA1,,1509.22,0.0,0.0
2026-07-26 01:00:00,TAS1,,959.0,0.0,0.0
2026-07-26 01:00:00,VIC1,,5449.63,0.0,0.0
2026-07-26 01:15:00,NSW1,7958.43,,,
2026-07-26 01:15:00,QLD1,5740.35,,,
2026-07-26 01:15:00,SA1,1481.12,,,
2026-07-26 01:15:00,TAS1,1010.42,,,
2026-07-26 01:15:00,VIC1,5336.64,,,
2026-07-26 01:20:00,NSW1,7775.11,,,
2026-07-26 01:20:00,QLD1,5719.67,,,
2026-07-26 01:20:00,SA1,1481.6,,,
2026-07-26 01:20:00,TAS1,1006.07,,,
2026-07-26 01:20:00,VIC1,5322.33,,,
2026-07-26 01:30:00,NSW1,,7969.07,0.0,0.0
2026-07-26 01:30:00,QLD1,,5788.34,0.0,0.0
2026-07-26 01:30:00,SA1,,1487.28,0.0,0.0
2026-07-26 01:30:00,TAS1,,976.0,0.0,0.0
2026-07-26 01:30:00,VIC1,,5271.21,0.0,0.0
2026-07-26 02:00:00,NSW1,,7598.96,0.0,0.0
2026-07-26 02:00:00,QLD1,,5708.25,0.0,0.0
2026-07-26 02:00:00,SA1,,1446.2,0.0,0.0
2026-07-26 02:00:00,TAS1,,956.0,0.0,0.0
2026-07-26 02:00:00,VIC1,,5085.88,0.0,0.0
2026-07-26 02:10:00,NSW1,7531.42,,,
2026-07-26 02:10:00,QLD1,5705.8,,,
2026-07-26 02:10:00,SA1,1421.78,,,
2026-07-26 02:10:00,TAS1,984.22,,,
2026-07-26 02:10:00,VIC1,5050.6,,,
2026-07-26 02:15:00,NSW1,7523.43,,,
2026-07-26 02:15:00,QLD1,5702.73,,,
2026-07-26 02:15:00,SA1,1412.08,,,
2026-07-26 02:15:00,TAS1,985.96,,,
2026-07-26 02:15:00,VIC1,4969.11,,,
2026-07-26 02:30:00,NSW1,,7485.72,0.0,0.0
2026-07-26 02:30:00,QLD1,,5703.2,0.0,0.0
2026-07-26 02:30:00,SA1,,1418.01,0.0,0.0
2026-07-26 02:30:00,TAS1,,969.0,0.0,0.0
2026-07-26 02:30:00,VIC1,,4983.83,0.0,0.0
2026-07-26 03:00:00,NSW1,,7341.24,0.0,0.0
2026-07-26 03:00:00,QLD1,,5616.08,0.0,0.0
2026-07-26 03:00:00,SA1,,1394.22,0.0,0.0
2026-07-26 03:00:00,TAS1,,966.0,0.0,0.0
2026-07-26 03:00:00,VIC1,,4863.33,0.0,0.0
2026-07-26 03:15:00,NSW1,7266.8,,,
2026-07-26 03:15:00,QLD1,5715.76,,,
2026-07-26 03:15:00,SA1,1348.71,,,
2026-07-26 03:15:00,TAS1,963.24,,,
2026-07-26 03:15:00,VIC1,4845.69,,,
2026-07-26 03:20:00,NSW1,7330.41,,,
2026-07-26 03:20:00,QLD1,5673.24,,,
2026-07-26 03:20:00,SA1,1359.0,,,
2026-07-26 03:20:00,TAS1,971.59,,,
2026-07-26 03:20:00,VIC1,4812.93,,,
2026-07-26 03:30:00,NSW1,,7211.43,0.0,0.0
2026-07-26 03:30:00,QLD1,,5666.3,0.0,0.0
2026-07-26 03:30:00,SA1,,1352.22,0.0,0.0
2026-07-26 03:30:00,TAS1,,959.0,0.0,0.0
2026-07-26 03:30:00,VIC1,,4804.52,0.0,0.0
2026-07-26 04:00:00,NSW1,,7179.26,0.0,0.0
2026-07-26 04:00:00,QLD1,,5653.94,0.0,0.0
2026-07-26 04:00:00,SA1,,1334.28,0.0,0.0
2026-07-26 04:00:00,TAS1,,967.0,0.0,0.0
2026-07-26 04:00:00,VIC1,,4741.09,0.0,0.0
2026-07-26 04:05:00,NSW1,7172.78,,,
2026-07-26 04:05:00,QLD1,5632.32,,,
2026-07-26 04:05:00,SA1,1312.32,,,
2026-07-26 04:05:00,TAS1,987.09,,,
2026-07-26 04:05:00,VIC1,4719.56,,,
2026-07-26 04:10:00,NSW1,7167.05,,,
2026-07-26 04:10:00,QLD1,5735.28,,,
2026-07-26 04:10:00,SA1,1313.82,,,
2026-07-26 04:10:00,TAS1,977.35,,,
2026-07-26 04:10:00,VIC1,4750.35,,,
2026-07-26 04:30:00,NSW1,,7220.6,0.0,0.0
2026-07-26 04:30:00,QLD1,,5725.76,0.0,0.0
2026-07-26 04:30:00,SA1,,1305.67,0.0,0.0
2026-07-26 04:30:00,TAS1,,948.0,0.0,0.0
2026-07-26 04:30:00,VIC1,,4728.83,0.0,0.0
2026-07-26 05:00:00,NSW1,,7203.47,0.0,0.0
2026-07-26 05:00:00,QLD1,,5752.26,0.0,0.0
2026-07-26 05:00:00,SA1,,1324.29,0.0,0.0
2026-07-26 05:00:00,TAS1,,975.0,0.0,0.0
2026-07-26 05:00:00,VIC1,,4725.62,0.0,0.0
2026-07-26 05:30:00,NSW1,7433.84,7403.68,0.0,0.0
2026-07-26 05:30:00,QLD1,5831.0,5851.38,0.0,0.0
2026-07-26 05:30:00,SA1,1291.12,1324.04,0.0,0.0
2026-07-26 05:30:00,TAS1,972.97,972.0,0.0,0.0
2026-07-26 05:30:00,VIC1,4797.82,4773.84,0.0,0.0
2026-07-26 05:35:00,NSW1,7410.41,,,
2026-07-26 05:35:00,QLD1,5849.54,,,
2026-07-26 05:35:00,SA1,1284.77,,,
2026-07-26 05:35:00,TAS1,971.36,,,
2026-07-26 05:35:00,VIC1,4817.47,,,
2026-07-26 06:00:00,NSW1,,7478.72,0.0,0.0
2026-07-26 06:00:00,QLD1,,5905.22,0.0,0.0
2026-07-26 06:00:00,SA1,,1295.49,0.0,0.0
2026-07-26 06:00:00,TAS1,,972.0,0.0,0.0
2026-07-26 06:00:00,VIC1,,4854.83,0.0,0.0
2026-07-26 06:25:00,NSW1,7914.39,,,
2026-07-26 06:25:00,QLD1,6166.34,,,
2026-07-26 06:25:00,SA1,1283.48,,,
2026-07-26 06:25:00,TAS1,1022.08,,,
2026-07-26 06:25:00,VIC1,5097.22,,,
2026-07-26 06:30:00,NSW1,7845.77,7739.83,0.0,0.0
2026-07-26 06:30:00,QLD1,6214.65,6157.75,9.906,0.0
2026-07-26 06:30:00,SA1,1283.24,1287.27,0.0,0.0
2026-07-26 06:30:00,TAS1,1030.33,994.0,0.0,0.0
2026-07-26 06:30:00,VIC1,5104.73,5032.02,0.0,0.0
2026-07-26 07:00:00,NSW1,,8107.1,50.006,0.0
2026-07-26 07:00:00,QLD1,,6273.73,186.466,70.681
2026-07-26 07:00:00,SA1,,1271.73,0.0,0.0
2026-07-26 07:00:00,TAS1,,994.0,0.0,0.0
2026-07-26 07:00:00,VIC1,,5251.33,0.0,0.0
2026-07-26 07:20:00,NSW1,8581.42,,,
2026-07-26 07:20:00,QLD1,6361.99,,,
2026-07-26 07:20:00,SA1,1320.75,,,
2026-07-26 07:20:00,TAS1,1078.28,,,
2026-07-26 07:20:00,VIC1,5478.43,,,
2026-07-26 07:25:00,NSW1,8565.32,,,
2026-07-26 07:25:00,QLD1,6357.53,,,
2026-07-26 07:25:00,SA1,1334.15,,,
2026-07-26 07:25:00,TAS1,1081.11,,,
2026-07-26 07:25:00,VIC1,5492.25,,,
2026-07-26 07:30:00,NSW1,,8413.69,328.777,151.494
2026-07-26 07:30:00,QLD1,,6389.44,614.543,322.174
2026-07-26 07:30:00,SA1,,1325.14,0.0,0.0
2026-07-26 07:30:00,TAS1,,1044.0,0.376,0.0
2026-07-26 07:30:00,VIC1,,5425.23,18.957,0.0
2026-07-26 08:00:00,NSW1,,8604.41,816.07,539.934
2026-07-26 08:00:00,QLD1,,6171.53,1158.083,891.002
2026-07-26 08:00:00,SA1,,1323.42,32.925,0.0
2026-07-26 08:00:00,TAS1,,1086.0,2.117,4.28
2026-07-26 08:00:00,VIC1,,5662.96,165.342,48.554
2026-07-26 08:20:00,NSW1,8486.0,,,
2026-07-26 08:20:00,QLD1,5703.75,,,
2026-07-26 08:20:00,SA1,1429.23,,,
2026-07-26 08:20:00,TAS1,1144.81,,,
2026-07-26 08:20:00,VIC1,5815.51,,,
2026-07-26 08:25:00,NSW1,8430.76,,,
2026-07-26 08:25:00,QLD1,5662.48,,,
2026-07-26 08:25:00,SA1,1426.44,,,
2026-07-26 08:25:00,TAS1,1143.45,,,
2026-07-26 08:25:00,VIC1,5828.04,,,
2026-07-26 08:30:00,NSW1,,8452.95,1338.526,1145.64
2026-07-26 08:30:00,QLD1,,5801.56,1685.865,1528.569
2026-07-26 08:30:00,SA1,,1411.71,144.004,33.894
2026-07-26 08:30:00,TAS1,,1110.0,12.308,14.096
2026-07-26 08:30:00,VIC1,,5883.36,417.74,175.736
2026-07-26 09:00:00,NSW1,,8132.94,,1783.862
2026-07-26 09:00:00,QLD1,,5411.62,,2557.013
2026-07-26 09:00:00,SA1,,1372.44,,128.922
2026-07-26 09:00:00,TAS1,,1144.0,,29.282
2026-07-26 09:00:00,VIC1,,5758.86,,387.161
2026-07-26 09:25:00,NSW1,7795.92,,,
2026-07-26 09:25:00,QLD1,4737.0,,,
2026-07-26 09:25:00,SA1,1369.15,,,
2026-07-26 09:25:00,TAS1,1224.81,,,
2026-07-26 09:25:00,VIC1,5598.91,,,
2026-07-26 09:30:00,NSW1,7706.02,7793.93,,2420.814
2026-07-26 09:30:00,QLD1,4700.39,4935.11,,3117.593
2026-07-26 09:30:00,SA1,1328.36,1399.43,,253.866
2026-07-26 09:30:00,TAS1,1225.84,1166.0,,39.352
2026-07-26 09:30:00,VIC1,5539.34,5716.76,,676.837
2026-07-26 10:00:00,NSW1,,7380.69,2658.712,2912.206
2026-07-26 10:00:00,QLD1,,4476.56,3139.78,3587.6
2026-07-26 10:00:00,SA1,,1306.53,546.638,378.502
2026-07-26 10:00:00,TAS1,,1164.0,65.584,55.439
2026-07-26 10:00:00,VIC1,,5535.29,1125.014,886.772
2026-07-26 10:30:00,NSW1,,7256.22,2915.62,3254.295
2026-07-26 10:30:00,QLD1,,4205.25,3428.175,3946.199
2026-07-26 10:30:00,SA1,,1281.77,639.37,495.67
2026-07-26 10:30:00,TAS1,,1167.0,84.343,69.363
2026-07-26 10:30:00,VIC1,,5317.0,1271.625,1047.225
2026-07-26 11:00:00,NSW1,6791.27,6813.14,,3401.495
2026-07-26 11:00:00,QLD1,3662.95,3801.78,,4193.445
2026-07-26 11:00:00,SA1,1220.78,1222.49,,597.853
2026-07-26 11:00:00,TAS1,1108.05,1109.0,,80.319
2026-07-26 11:00:00,VIC1,4897.13,5104.39,,1323.166
2026-07-26 11:05:00,NSW1,6633.88,,,
2026-07-26 11:05:00,QLD1,3678.38,,,
2026-07-26 11:05:00,SA1,1226.87,,,
2026-07-26 11:05:00,TAS1,1080.68,,,
2026-07-26 11:05:00,VIC1,4878.81,,,
2026-07-26 11:30:00,NSW1,,6541.52,,3588.174
2026-07-26 11:30:00,QLD1,,3590.95,,4367.155
2026-07-26 11:30:00,SA1,,1133.6,,656.252
2026-07-26 11:30:00,TAS1,,1087.0,,104.534
2026-07-26 11:30:00,VIC1,,5037.17,,1456.305
2026-07-26 12:00:00,NSW1,,6265.65,,3642.208
2026-07-26 12:00:00,QLD1,,3430.79,,4437.692
2026-07-26 12:00:00,SA1,,1046.85,,731.809
2026-07-26 12:00:00,TAS1,,1065.0,,107.876
2026-07-26 12:00:00,VIC1,,4955.51,,1445.266
2026-07-26 12:30:00,NSW1,,6045.38,,3639.562
2026-07-26 12:30:00,QLD1,,3280.39,,4422.436
2026-07-26 12:30:00,SA1,,978.6,,796.914
2026-07-26 12:30:00,TAS1,,1044.0,,110.48
2026-07-26 12:30:00,VIC1,,4880.44,,1424.17
2026-07-26 13:00:00,NSW1,,5901.72,,3516.678
2026-07-26 13:00:00,QLD1,,3204.75,,4329.422
2026-07-26 13:00:00,SA1,,926.22,,843.238
2026-07-26 13:00:00,TAS1,,1029.0,,109.67
2026-07-26 13:00:00,VIC1,,4824.01,,1397.213
2026-07-26 13:30:00,NSW1,,5886.91,2897.569,3288.663
2026-07-26 13:30:00,QLD1,,3258.3,3493.102,4108.167
2026-07-26 13:30:00,SA1,,882.74,1087.9,860.088
2026-07-26 13:30:00,TAS1,,1032.0,82.057,105.55
2026-07-26 13:30:00,VIC1,,4808.49,1392.031,1341.288
2026-07-26 14:00:00,NSW1,,6043.92,2607.377,2968.933
2026-07-26 14:00:00,QLD1,,3401.72,3086.402,3812.983
2026-07-26 14:00:00,SA1,,858.27,1071.825,932.188
2026-07-26 14:00:00,TAS1,,1032.0,57.959,94.981
2026-07-26 14:00:00,VIC1,,4835.42,1375.61,1260.78
2026-07-26 14:30:00,NSW1,6622.04,6481.05,,2645.647
2026-07-26 14:30:00,QLD1,4160.24,4066.62,,3330.255
2026-07-26 14:30:00,SA1,702.0,755.65,,942.706
2026-07-26 14:30:00,TAS1,1095.67,1085.0,,78.834
2026-07-26 14:30:00,VIC1,4828.09,5010.48,,1239.081
2026-07-26 14:35:00,NSW1,6713.7,,,
2026-07-26 14:35:00,QLD1,4161.31,,,
2026-07-26 14:35:00,SA1,666.25,,,
2026-07-26 14:35:00,TAS1,1087.14,,,
2026-07-26 14:35:00,VIC1,4809.92,,,
2026-07-26 15:00:00,NSW1,,6830.91,,2137.222
2026-07-26 15:00:00,QLD1,,4376.38,,2819.491
2026-07-26 15:00:00,SA1,,747.31,,839.451
2026-07-26 15:00:00,TAS1,,1090.0,,57.107
2026-07-26 15:00:00,VIC1,,4922.44,,947.078
2026-07-26 15:30:00,NSW1,,7297.18,,1645.254
2026-07-26 15:30:00,QLD1,,4860.08,,2244.236
2026-07-26 15:30:00,SA1,,887.24,,715.682
2026-07-26 15:30:00,TAS1,,1115.0,,45.31
2026-07-26 15:30:00,VIC1,,5116.62,,760.458
2026-07-26 16:00:00,NSW1,,7916.5,1137.109,1118.696
2026-07-26 16:00:00,QLD1,,5424.12,1303.003,1610.61
2026-07-26 16:00:00,SA1,,1006.14,675.125,571.152
2026-07-26 16:00:00,TAS1,,1149.0,28.886,31.309
2026-07-26 16:00:00,VIC1,,5384.38,738.132,550.928
2026-07-26 16:30:00,NSW1,,8591.77,649.415,394.503
2026-07-26 16:30:00,QLD1,,6054.02,778.286,965.142
2026-07-26 16:30:00,SA1,,1143.14,500.194,409.301
2026-07-26 16:30:00,TAS1,,1190.0,15.325,7.63
2026-07-26 16:30:00,VIC1,,5754.34,466.629,336.268
2026-07-26 17:00:00,NSW1,,8952.51,,38.285
2026-07-26 17:00:00,QLD1,,6594.59,,322.344
2026-07-26 17:00:00,SA1,,1087.08,,280.345
2026-07-26 17:00:00,TAS1,,1138.0,,2.047
2026-07-26 17:00:00,VIC1,,6119.37,,84.906
2026-07-26 17:10:00,NSW1,9479.86,,,
2026-07-26 17:10:00,QLD1,7003.91,,,
2026-07-26 17:10:00,SA1,1360.43,,,
2026-07-26 17:10:00,TAS1,1189.24,,,
2026-07-26 17:10:00,VIC1,6569.65,,,
2026-07-26 17:15:00,NSW1,9563.05,,,
2026-07-26 17:15:00,QLD1,7021.79,,,
2026-07-26 17:15:00,SA1,1383.38,,,
2026-07-26 17:15:00,TAS1,1202.27,,,
2026-07-26 17:15:00,VIC1,6681.48,,,
2026-07-26 17:30:00,NSW1,,9574.1,,0.0
2026-07-26 17:30:00,QLD1,,7146.42,,62.429
2026-07-26 17:30:00,SA1,,1322.91,,41.583
2026-07-26 17:30:00,TAS1,,1191.0,,0.981
2026-07-26 17:30:00,VIC1,,6669.65,,9.216
2026-07-26 18:00:00,NSW1,,10115.39,0.0,0.0
2026-07-26 18:00:00,QLD1,,7549.42,7.727,0.0
2026-07-26 18:00:00,SA1,,1572.58,25.052,0.0
2026-07-26 18:00:00,TAS1,,1231.0,0.0,0.0
2026-07-26 18:00:00,VIC1,,6981.67,0.004,0.0
2026-07-26 18:30:00,NSW1,,10323.74,0.0,0.0
2026-07-26 18:30:00,QLD1,,7686.59,0.0,0.0
2026-07-26 18:30:00,SA1,,1749.0,0.049,0.0
2026-07-26 18:30:00,TAS1,,1241.0,0.0,0.0
2026-07-26 18:30:00,VIC1,,7157.1,0.0,0.0
2026-07-26 19:00:00,NSW1,,10345.15,,0.0
2026-07-26 19:00:00,QLD1,,7534.76,,0.0
2026-07-26 19:00:00,SA1,,1815.94,,0.0
2026-07-26 19:00:00,TAS1,,1253.0,,0.0
2026-07-26 19:00:00,VIC1,,7149.97,,0.0
2026-07-26 19:20:00,NSW1,10321.4,,,
2026-07-26 19:20:00,QLD1,7233.57,,,
2026-07-26 19:20:00,SA1,1793.47,,,
2026-07-26 19:20:00,TAS1,1258.73,,,
2026-07-26 19:20:00,VIC1,6963.07,,,
2026-07-26 19:25:00,NSW1,10365.54,,,
2026-07-26 19:25:00,QLD1,7239.64,,,
2026-07-26 19:25:00,SA1,1808.55,,,
2026-07-26 19:25:00,TAS1,1250.87,,,
2026-07-26 19:25:00,VIC1,6984.9,,,
2026-07-26 19:30:00,NSW1,,10357.01,0.0,0.0
2026-07-26 19:30:00,QLD1,,7349.72,0.0,0.0
2026-07-26 19:30:00,SA1,,1825.79,0.0,0.0
2026-07-26 19:30:00,TAS1,,1233.0,0.0,0.0
2026-07-26 19:30:00,VIC1,,7069.74,0.0,0.0
2026-07-26 20:00:00,NSW1,,10223.44,0.0,0.0
2026-07-26 20:00:00,QLD1,,7249.55,0.0,0.0
2026-07-26 20:00:00,SA1,,1813.61,0.0,0.0
2026-07-26 20:00:00,TAS1,,1220.0,0.0,0.0
2026-07-26 20:00:00,VIC1,,6950.03,0.0,0.0
2026-07-26 20:30:00,NSW1,,10134.46,0.0,0.0
2026-07-26 20:30:00,QLD1,,7051.18,0.0,0.0
2026-07-26 20:30:00,SA1,,1767.16,0.0,0.0
2026-07-26 20:30:00,TAS1,,1211.0,0.0,0.0
2026-07-26 20:30:00,VIC1,,6828.84,0.0,0.0
2026-07-26 20:50:00,NSW1,9911.27,,,
2026-07-26 20:50:00,QLD1,7130.23,,,
2026-07-26 20:50:00,SA1,1714.65,,,
2026-07-26 20:50:00,TAS1,1240.62,,,
2026-07-26 20:50:00,VIC1,6652.78,,,
2026-07-26 20:55:00,NSW1,9819.57,,,
2026-07-26 20:55:00,QLD1,7142.92,,,
2026-07-26 20:55:00,SA1,1700.92,,,
2026-07-26 20:55:00,TAS1,1239.99,,,
2026-07-26 20:55:00,VIC1,6604.52,,,
2026-07-26 21:00:00,NSW1,,9964.44,0.0,0.0
2026-07-26 21:00:00,QLD1,,6914.27,0.0,0.0
2026-07-26 21:00:00,SA1,,1726.69,0.0,0.0
2026-07-26 21:00:00,TAS1,,1197.0,0.0,0.0
2026-07-26 21:00:00,VIC1,,6668.14,0.0,0.0
2026-07-26 21:30:00,NSW1,,9611.44,,0.0
2026-07-26 21:30:00,QLD1,,7014.19,,0.0
2026-07-26 21:30:00,SA1,,1682.23,,0.0
2026-07-26 21:30:00,TAS1,,1171.0,,0.0
2026-07-26 21:30:00,VIC1,,6480.83,,0.0
2026-07-26 21:55:00,NSW1,9259.91,,,
2026-07-26 21:55:00,QLD1,6898.26,,,
2026-07-26 21:55:00,SA1,1631.07,,,
2026-07-26 21:55:00,TAS1,1147.13,,,
2026-07-26 21:55:00,VIC1,6068.88,,,
2026-07-26 22:00:00,NSW1,9246.33,9294.14,,0.0
2026-07-26 22:00:00,QLD1,6822.0,6825.41,,0.0
2026-07-26 22:00:00,SA1,1612.17,1654.35,,0.0
2026-07-26 22:00:00,TAS1,1147.15,1151.0,,0.0
2026-07-26 22:00:00,VIC1,6013.67,6255.79,,0.0
2026-07-26 22:30:00,NSW1,,9044.18,0.0,0.0
2026-07-26 22:30:00,QLD1,,6574.91,0.0,0.0
2026-07-26 22:30:00,SA1,,1580.87,0.0,0.0
2026-07-26 22:30:00,TAS1,,1113.0,0.0,0.0
2026-07-26 22:30:00,VIC1,,5979.21,0.0,0.0
2026-07-26 23:00:00,NSW1,,8796.57,0.0,0.0
2026-07-26 23:00:00,QLD1,,6328.45,0.0,0.0
2026-07-26 23:00:00,SA1,,1508.99,0.0,0.0
2026-07-26 23:00:00,TAS1,,1077.0,0.0,0.0
2026-07-26 23:00:00,VIC1,,5766.98,0.0,0.0
2026-07-26 23:30:00,NSW1,,8487.61,0.0,0.0
2026-07-26 23:30:00,QLD1,,6230.47,0.0,0.0
2026-07-26 23:30:00,SA1,,1438.05,0.0,0.0
2026-07-26 23:30:00,TAS1,,1010.0,0.0,0.0
2026-07-26 23:30:00,VIC1,,5723.23,0.0,0.0
2026-07-26 23:40:00,NSW1,8371.65,,,
2026-07-26 23:40:00,QLD1,6229.59,,,
2026-07-26 23:40:00,SA1,1455.25,,,
2026-07-26 23:40:00,TAS1,996.39,,,
2026-07-26 23:40:00,VIC1,5627.75,,,
2026-07-26 23:45:00,NSW1,8280.22,,,
2026-07-26 23:45:00,QLD1,6185.65,,,
2026-07-26 23:45:00,SA1,1438.97,,,
2026-07-26 23:45:00,TAS1,991.99,,,
2026-07-26 23:45:00,VIC1,5655.59,,,
2026-07-27 00:00:00,NSW1,,8239.27,0.0,0.0
2026-07-27 00:00:00,QLD1,,6166.18,0.0,0.0
2026-07-27 00:00:00,SA1,,1434.52,0.0,0.0
2026-07-27 00:00:00,TAS1,,985.0,0.0,0.0
2026-07-27 00:00:00,VIC1,,5668.66,0.0,0.0
2026-07-27 00:30:00,NSW1,,8180.35,0.0,0.0
2026-07-27 00:30:00,QLD1,,5974.49,0.0,0.0
2026-07-27 00:30:00,SA1,,1450.38,0.0,0.0
2026-07-27 00:30:00,TAS1,,972.0,0.0,0.0
2026-07-27 00:30:00,VIC1,,5494.31,0.0,0.0
2026-07-27 00:45:00,NSW1,8103.9,,,
2026-07-27 00:45:00,QLD1,5802.95,,,
2026-07-27 00:45:00,SA1,1475.03,,,
2026-07-27 00:45:00,TAS1,960.32,,,
2026-07-27 00:45:00,VIC1,5397.86,,,
2026-07-27 00:50:00,NSW1,8004.78,,,
2026-07-27 00:50:00,QLD1,5792.22,,,
2026-07-27 00:50:00,SA1,1480.27,,,
2026-07-27 00:50:00,TAS1,966.02,,,
2026-07-27 00:50:00,VIC1,5362.94,,,
2026-07-27 01:00:00,NSW1,,8100.84,0.0,0.0
2026-07-27 01:00:00,QLD1,,5804.76,0.0,0.0
2026-07-27 01:00:00,SA1,,1432.48,0.0,0.0
2026-07-27 01:00:00,TAS1,,956.0,0.0,0.0
2026-07-27 01:00:00,VIC1,,5384.7,0.0,0.0
2026-07-27 01:30:00,NSW1,,7847.34,0.0,0.0
2026-07-27 01:30:00,QLD1,,5733.75,0.0,0.0
2026-07-27 01:30:00,SA1,,1451.03,0.0,0.0
2026-07-27 01:30:00,TAS1,,938.0,0.0,0.0
2026-07-27 01:30:00,VIC1,,5236.08,0.0,0.0
2026-07-27 01:45:00,NSW1,7669.47,,,
2026-07-27 01:45:00,QLD1,5618.08,,,
2026-07-27 01:45:00,SA1,1450.86,,,
2026-07-27 01:45:00,TAS1,965.2,,,
2026-07-27 01:45:00,VIC1,5051.33,,,
2026-07-27 01:50:00,NSW1,7676.6,,,
2026-07-27 01:50:00,QLD1,5610.63,,,
2026-07-27 01:50:00,SA1,1430.27,,,
2026-07-27 01:50:00,TAS1,971.19,,,
2026-07-27 01:50:00,VIC1,5083.98,,,
2026-07-27 02:00:00,NSW1,,7662.34,0.0,0.0
2026-07-27 02:00:00,QLD1,,5632.34,0.0,0.0
2026-07-27 02:00:00,SA1,,1423.58,0.0,0.0
2026-07-27 02:00:00,TAS1,,931.0,0.0,0.0
2026-07-27 02:00:00,VIC1,,5099.16,0.0,0.0
2026-07-27 02:30:00,NSW1,,7481.54,0.0,0.0
2026-07-27 02:30:00,QLD1,,5574.06,0.0,0.0
2026-07-27 02:30:00,SA1,,1420.84,0.0,0.0
2026-07-27 02:30:00,TAS1,,945.0,0.0,0.0
2026-07-27 02:30:00,VIC1,,4981.51,0.0,0.0
2026-07-27 02:35:00,NSW1,7380.61,,,
2026-07-27 02:35:00,QLD1,5590.8,,,
2026-07-27 02:35:00,SA1,1385.77,,,
2026-07-27 02:35:00,TAS1,993.41,,,
2026-07-27 02:35:00,VIC1,4887.84,,,
2026-07-27 02:40:00,NSW1,7352.92,,,
2026-07-27 02:40:00,QLD1,5616.71,,,
2026-07-27 02:40:00,SA1,1389.72,,,
2026-07-27 02:40:00,TAS1,991.07,,,
2026-07-27 02:40:00,VIC1,4905.98,,,
2026-07-27 03:00:00,NSW1,,7360.92,0.0,0.0
2026-07-27 03:00:00,QLD1,,5552.16,0.0,0.0
2026-07-27 03:00:00,SA1,,1381.61,0.0,0.0
2026-07-27 03:00:00,TAS1,,957.0,0.0,0.0
2026-07-27 03:00:00,VIC1,,4845.44,0.0,0.0
2026-07-27 03:30:00,NSW1,,7352.45,0.0,0.0
2026-07-27 03:30:00,QLD1,,5598.7,0.0,0.0
2026-07-27 03:30:00,SA1,,1357.8,0.0,0.0
2026-07-27 03:30:00,TAS1,,954.0,0.0,0.0
2026-07-27 03:30:00,VIC1,,4848.29,0.0,0.0
2026-07-27 03:35:00,NSW1,7296.53,,,
2026-07-27 03:35:00,QLD1,5614.06,,,
2026-07-27 03:35:00,SA1,1331.57,,,
2026-07-27 03:35:00,TAS1,972.38,,,
2026-07-27 03:35:00,VIC1,4744.35,,,
2026-07-27 03:40:00,NSW1,7336.13,,,
2026-07-27 03:40:00,QLD1,5606.38,,,
2026-07-27 03:40:00,SA1,1343.59,,,
2026-07-27 03:40:00,TAS1,979.4,,,
2026-07-27 03:40:00,VIC1,4745.96,,,
2026-07-27 04:00:00,NSW1,,7354.68,0.0,0.0
2026-07-27 04:00:00,QLD1,,5638.33,0.0,0.0
2026-07-27 04:00:00,SA1,,1343.57,0.0,0.0
2026-07-27 04:00:00,TAS1,,967.0,0.0,0.0
2026-07-27 04:00:00,VIC1,,4782.37,0.0,0.0
2026-07-27 04:30:00,NSW1,,7442.94,0.0,0.0
2026-07-27 04:30:00,QLD1,,5760.29,0.0,0.0
2026-07-27 04:30:00,SA1,,1345.93,0.0,0.0
2026-07-27 04:30:00,TAS1,,973.0,0.0,0.0
2026-07-27 04:30:00,VIC1,,4793.63,0.0,0.0
2026-07-27 04:35:00,NSW1,7641.56,,,
2026-07-27 04:35:00,QLD1,5796.79,,,
2026-07-27 04:35:00,SA1,1337.02,,,
2026-07-27 04:35:00,TAS1,1011.63,,,
2026-07-27 04:35:00,VIC1,4809.98,,,
2026-07-27 04:40:00,NSW1,7654.77,,,
2026-07-27 04:40:00,QLD1,5831.95,,,
2026-07-27 04:40:00,SA1,1347.5,,,
2026-07-27 04:40:00,TAS1,1019.31,,,
2026-07-27 04:40:00,VIC1,4934.69,,,
2026-07-27 05:00:00,NSW1,,7636.34,0.0,0.0
2026-07-27 05:00:00,QLD1,,5890.33,0.0,0.0
2026-07-27 05:00:00,SA1,,1349.79,0.0,0.0
2026-07-27 05:00:00,TAS1,,982.0,0.0,0.0
2026-07-27 05:00:00,VIC1,,4864.22,0.0,0.0
2026-07-27 05:30:00,NSW1,,7961.19,0.0,0.0
2026-07-27 05:30:00,QLD1,,6158.01,0.0,0.0
2026-07-27 05:30:00,SA1,,1367.32,0.0,0.0
2026-07-27 05:30:00,TAS1,,1020.0,0.0,0.0
2026-07-27 05:30:00,VIC1,,5150.27,0.0,0.0
2026-07-27 05:45:00,NSW1,8346.23,,,
2026-07-27 05:45:00,QLD1,6495.11,,,
2026-07-27 05:45:00,SA1,1386.46,,,
2026-07-27 05:45:00,TAS1,1088.31,,,
2026-07-27 05:45:00,VIC1,5478.87,,,
2026-07-27 05:50:00,NSW1,8416.64,,,
2026-07-27 05:50:00,QLD1,6517.55,,,
2026-07-27 05:50:00,SA1,1386.09,,,
2026-07-27 05:50:00,TAS1,1091.45,,,
2026-07-27 05:50:00,VIC1,5538.23,,,
2026-07-27 06:00:00,NSW1,,8399.44,0.0,0.0
2026-07-27 06:00:00,QLD1,,6481.79,0.0,0.0
2026-07-27 06:00:00,SA1,,1394.34,0.0,0.0
2026-07-27 06:00:00,TAS1,,1052.0,0.0,0.0
2026-07-27 06:00:00,VIC1,,5433.17,0.0,0.0
2026-07-27 06:30:00,NSW1,,9039.54,0.0,0.0
2026-07-27 06:30:00,QLD1,,6962.95,10.392,0.0
2026-07-27 06:30:00,SA1,,1405.47,0.0,0.0
2026-07-27 06:30:00,TAS1,,1128.0,0.0,0.0
2026-07-27 06:30:00,VIC1,,5942.66,0.0,0.0
2026-07-27 06:40:00,NSW1,9821.64,,,
2026-07-27 06:40:00,QLD1,7322.28,,,
2026-07-27 06:40:00,SA1,1508.03,,,
2026-07-27 06:40:00,TAS1,1219.03,,,
2026-07-27 06:40:00,VIC1,6399.33,,,
2026-07-27 06:45:00,NSW1,9933.27,,,
2026-07-27 06:45:00,QLD1,7316.68,,,
2026-07-27 06:45:00,SA1,1500.13,,,
2026-07-27 06:45:00,TAS1,1228.65,,,
2026-07-27 06:45:00,VIC1,6445.54,,,
2026-07-27 07:00:00,NSW1,,9813.42,42.909,0.0
2026-07-27 07:00:00,QLD1,,7280.09,186.689,70.167
2026-07-27 07:00:00,SA1,,1503.09,0.0,0.0
2026-07-27 07:00:00,TAS1,,1187.0,0.0,0.0
2026-07-27 07:00:00,VIC1,,6537.23,0.0,0.0
2026-07-27 07:30:00,NSW1,,10291.94,308.691,155.27
2026-07-27 07:30:00,QLD1,,7444.69,616.048,302.552
2026-07-27 07:30:00,SA1,,1628.8,0.0,0.0
2026-07-27 07:30:00,TAS1,,1242.0,0.766,0.0
2026-07-27 07:30:00,VIC1,,7034.0,15.674,0.0
2026-07-27 07:35:00,NSW1,10626.73,,,
2026-07-27 07:35:00,QLD1,7261.02,,,
2026-07-27 07:35:00,SA1,1826.28,,,
2026-07-27 07:35:00,TAS1,1306.49,,,
2026-07-27 07:35:00,VIC1,7396.2,,,
2026-07-27 07:40:00,NSW1,10609.9,,,
2026-07-27 07:40:00,QLD1,7148.57,,,
2026-07-27 07:40:00,SA1,1865.38,,,
2026-07-27 07:40:00,TAS1,1333.19,,,
2026-07-27 07:40:00,VIC1,7432.62,,,
2026-07-27 08:00:00,NSW1,,10663.19,777.987,540.935
2026-07-27 08:00:00,QLD1,,7117.37,1143.807,809.731
2026-07-27 08:00:00,SA1,,1810.66,26.677,0.0
2026-07-27 08:00:00,TAS1,,1292.0,5.656,4.406
2026-07-27 08:00:00,VIC1,,7506.89,171.463,62.596
2026-07-27 08:30:00,NSW1,,10453.98,1262.612,1138.838
2026-07-27 08:30:00,QLD1,,6596.53,1666.359,1381.28
2026-07-27 08:30:00,SA1,,1960.2,137.886,48.483
2026-07-27 08:30:00,TAS1,,1321.0,22.083,14.608
2026-07-27 08:30:00,VIC1,,7557.98,449.236,260.176
2026-07-27 08:35:00,NSW1,10158.28,,,
2026-07-27 08:35:00,QLD1,6101.0,,,
2026-07-27 08:35:00,SA1,1916.66,,,
2026-07-27 08:35:00,TAS1,1313.15,,,
2026-07-27 08:35:00,VIC1,7332.63,,,
2026-07-27 08:40:00,NSW1,9999.18,,,
2026-07-27 08:40:00,QLD1,5989.32,,,
2026-07-27 08:40:00,SA1,1890.62,,,
2026-07-27 08:40:00,TAS1,1298.48,,,
2026-07-27 08:40:00,VIC1,7296.12,,,
2026-07-27 09:00:00,NSW1,,9908.9,1728.969,1698.645
2026-07-27 09:00:00,QLD1,,6009.38,2190.133,2287.669
2026-07-27 09:00:00,SA1,,1901.42,311.723,171.008
2026-07-27 09:00:00,TAS1,,1295.0,39.601,30.207
2026-07-27 09:00:00,VIC1,,7235.29,748.145,582.371
2026-07-27 09:30:00,NSW1,,9649.1,,2178.859
2026-07-27 09:30:00,QLD1,,5429.79,,2825.868
2026-07-27 09:30:00,SA1,,1745.95,,320.688
2026-07-27 09:30:00,TAS1,,1238.0,,45.71
2026-07-27 09:30:00,VIC1,,6845.85,,877.461
2026-07-27 09:35:00,NSW1,9377.28,,,
2026-07-27 09:35:00,QLD1,5199.34,,,
2026-07-27 09:35:00,SA1,1548.22,,,
2026-07-27 09:35:00,TAS1,1212.67,,,
2026-07-27 09:35:00,VIC1,6644.83,,,
2026-07-27 09:40:00,NSW1,9348.12,,,
2026-07-27 09:40:00,QLD1,5110.29,,,
2026-07-27 09:40:00,SA1,1577.29,,,
2026-07-27 09:40:00,TAS1,1207.5,,,
2026-07-27 09:40:00,VIC1,6609.73,,,
2026-07-27 10:00:00,NSW1,,9178.58,2623.379,2600.068
2026-07-27 10:00:00,QLD1,,5044.34,2957.033,3251.477
2026-07-27 10:00:00,SA1,,1455.25,568.274,603.508
2026-07-27 10:00:00,TAS1,,1203.0,66.79,70.406
2026-07-27 10:00:00,VIC1,,6551.77,1245.416,1377.476
2026-07-27 10:30:00,NSW1,,8780.15,2942.103,3020.916
2026-07-27 10:30:00,QLD1,,4770.93,3131.381,3541.417
2026-07-27 10:30:00,SA1,,1331.84,766.079,758.762
2026-07-27 10:30:00,TAS1,,1176.0,68.014,83.673
2026-07-27 10:30:00,VIC1,,6227.49,1380.836,1654.393
2026-07-27 11:00:00,NSW1,,8098.11,,3182.509
2026-07-27 11:00:00,QLD1,,4504.04,,3736.673
2026-07-27 11:00:00,SA1,,1474.09,,817.454
2026-07-27 11:00:00,TAS1,,1096.0,,102.869
2026-07-27 11:00:00,VIC1,,5991.81,,1852.075
2026-07-27 11:10:00,NSW1,7876.09,,,
2026-07-27 11:10:00,QLD1,4431.48,,,
2026-07-27 11:10:00,SA1,1349.53,,,
2026-07-27 11:10:00,TAS1,1087.08,,,
2026-07-27 11:10:00,VIC1,5987.85,,,
2026-07-27 11:15:00,NSW1,7771.88,,,
2026-07-27 11:15:00,QLD1,4388.53,,,
2026-07-27 11:15:00,SA1,1327.82,,,
2026-07-27 11:15:00,TAS1,1079.38,,,
2026-07-27 11:15:00,VIC1,5976.13,,,
2026-07-27 11:30:00,NSW1,,7810.22,,3576.317
2026-07-27 11:30:00,QLD1,,4353.8,,3860.026
2026-07-27 11:30:00,SA1,,1379.36,,832.665
2026-07-27 11:30:00,TAS1,,1044.0,,107.868
2026-07-27 11:30:00,VIC1,,5831.21,,1993.59
2026-07-27 12:00:00,NSW1,,7518.15,,3676.129
2026-07-27 12:00:00,QLD1,,4357.44,,3896.95
2026-07-27 12:00:00,SA1,,1269.14,,919.786
2026-07-27 12:00:00,TAS1,,1042.0,,107.852
2026-07-27 12:00:00,VIC1,,5662.73,,2078.783
2026-07-27 12:30:00,NSW1,,7165.39,,3655.516
2026-07-27 12:30:00,QLD1,,4350.26,,3851.673
2026-07-27 12:30:00,SA1,,1157.73,,983.619
2026-07-27 12:30:00,TAS1,,1044.0,,107.591
2026-07-27 12:30:00,VIC1,,5461.77,,2098.669
2026-07-27 13:00:00,NSW1,,6925.76,,3546.905
2026-07-27 13:00:00,QLD1,,4337.08,,3739.258
2026-07-27 13:00:00,SA1,,1084.38,,1013.54
2026-07-27 13:00:00,TAS1,,1041.0,,104.444
2026-07-27 13:00:00,VIC1,,5326.31,,2058.972
2026-07-27 13:30:00,NSW1,,6833.01,2951.317,3334.034
2026-07-27 13:30:00,QLD1,,4405.32,2750.7,3512.396
2026-07-27 13:30:00,SA1,,1014.31,929.693,1011.722
2026-07-27 13:30:00,TAS1,,1046.0,78.617,99.005
2026-07-27 13:30:00,VIC1,,5288.67,1348.583,1947.339
2026-07-27 14:00:00,NSW1,,6858.79,2702.813,3101.744
2026-07-27 14:00:00,QLD1,,4536.1,2569.567,3196.013
2026-07-27 14:00:00,SA1,,993.94,892.64,985.185
2026-07-27 14:00:00,TAS1,,1054.0,69.103,85.574
2026-07-27 14:00:00,VIC1,,5315.63,1217.817,1840.188
2026-07-27 14:30:00,NSW1,,7176.73,,2681.743
2026-07-27 14:30:00,QLD1,,4946.4,,2815.768
2026-07-27 14:30:00,SA1,,1126.91,,965.002
2026-07-27 14:30:00,TAS1,,1045.0,,80.228
2026-07-27 14:30:00,VIC1,,5869.86,,1505.748
2026-07-27 14:50:00,NSW1,7345.08,,,
2026-07-27 14:50:00,QLD1,5203.18,,,
2026-07-27 14:50:00,SA1,1032.98,,,
2026-07-27 14:50:00,TAS1,1044.2,,,
2026-07-27 14:50:00,VIC1,6052.84,,,
2026-07-27 14:55:00,NSW1,7461.94,,,
2026-07-27 14:55:00,QLD1,5287.48,,,
2026-07-27 14:55:00,SA1,1043.1,,,
2026-07-27 14:55:00,TAS1,1051.22,,,
2026-07-27 14:55:00,VIC1,6123.38,,,
2026-07-27 15:00:00,NSW1,,7345.77,,2168.835
2026-07-27 15:00:00,QLD1,,5157.2,,2399.437
2026-07-27 15:00:00,SA1,,1066.68,,842.51
2026-07-27 15:00:00,TAS1,,1044.0,,62.002
2026-07-27 15:00:00,VIC1,,5943.59,,1289.38
2026-07-27 15:30:00,NSW1,,7764.36,,1651.613
2026-07-27 15:30:00,QLD1,,5588.0,,1895.056
2026-07-27 15:30:00,SA1,,1158.74,,742.366
2026-07-27 15:30:00,TAS1,,1071.0,,46.592
2026-07-27 15:30:00,VIC1,,6011.06,,1056.832
2026-07-27 16:00:00,NSW1,,8325.3,,1122.978
2026-07-27 16:00:00,QLD1,,6141.62,,1353.092
2026-07-27 16:00:00,SA1,,1227.12,,607.977
2026-07-27 16:00:00,TAS1,,1099.0,,30.928
2026-07-27 16:00:00,VIC1,,6118.46,,789.368
2026-07-27 16:30:00,NSW1,,8956.16,,483.319
2026-07-27 16:30:00,QLD1,,6704.76,,806.5
2026-07-27 16:30:00,SA1,,1333.98,,450.591
2026-07-27 16:30:00,TAS1,,1132.0,,6.045
2026-07-27 16:30:00,VIC1,,6437.28,,501.708
2026-07-27 17:00:00,NSW1,,9626.99,221.85,63.944
2026-07-27 17:00:00,QLD1,,7235.36,315.368,263.062
2026-07-27 17:00:00,SA1,,1492.75,294.791,284.872
2026-07-27 17:00:00,TAS1,,1178.0,3.166,0.0
2026-07-27 17:00:00,VIC1,,6830.11,168.082,147.343
2026-07-27 17:30:00,NSW1,,10244.05,16.649,0.0
2026-07-27 17:30:00,QLD1,,7664.2,66.047,48.515
2026-07-27 17:30:00,SA1,,1687.02,139.042,48.554
2026-07-27 17:30:00,TAS1,,1232.0,0.067,0.0
2026-07-27 17:30:00,VIC1,,7214.05,28.041,33.505
2026-07-27 18:00:00,NSW1,,10613.56,,0.0
2026-07-27 18:00:00,QLD1,,7630.25,,0.0
2026-07-27 18:00:00,SA1,,1800.78,,5.861
2026-07-27 18:00:00,TAS1,,1240.0,,0.0
2026-07-27 18:00:00,VIC1,,8044.36,,0.0
2026-07-27 18:15:00,NSW1,10841.64,,,
2026-07-27 18:15:00,QLD1,7814.41,,,
2026-07-27 18:15:00,SA1,1980.25,,,
2026-07-27 18:15:00,TAS1,1285.31,,,
2026-07-27 18:15:00,VIC1,8178.31,,,
2026-07-27 18:20:00,NSW1,10662.93,,,
2026-07-27 18:20:00,QLD1,7731.13,,,
2026-07-27 18:20:00,SA1,1998.58,,,
2026-07-27 18:20:00,TAS1,1290.69,,,
2026-07-27 18:20:00,VIC1,8127.34,,,
2026-07-27 18:30:00,NSW1,,10737.99,,0.0
2026-07-27 18:30:00,QLD1,,7728.24,,0.0
2026-07-27 18:30:00,SA1,,1897.22,,0.0
2026-07-27 18:30:00,TAS1,,1259.0,,0.0
2026-07-27 18:30:00,VIC1,,7990.54,,0.0
2026-07-27 19:00:00,NSW1,,10723.55,,0.0
2026-07-27 19:00:00,QLD1,,7707.9,,0.0
2026-07-27 19:00:00,SA1,,1961.68,,0.0
2026-07-27 19:00:00,TAS1,,1250.0,,0.0
2026-07-27 19:00:00,VIC1,,7878.32,,0.0
2026-07-27 19:30:00,NSW1,,10602.53,,0.0
2026-07-27 19:30:00,QLD1,,7571.01,,0.0
2026-07-27 19:30:00,SA1,,2034.86,,0.0
2026-07-27 19:30:00,TAS1,,1230.0,,0.0
2026-07-27 19:30:00,VIC1,,7744.34,,0.0
2026-07-27 20:00:00,NSW1,,10445.32,,0.0
2026-07-27 20:00:00,QLD1,,7452.31,,0.0
2026-07-27 20:00:00,SA1,,2022.91,,0.0
2026-07-27 20:00:00,TAS1,,1208.0,,0.0
2026-07-27 20:00:00,VIC1,,7575.27,,0.0
2026-07-27 20:30:00,NSW1,,10294.46,0.0,0.0
2026-07-27 20:30:00,QLD1,,7335.71,0.0,0.0
2026-07-27 20:30:00,SA1,,1992.72,0.0,0.0
2026-07-27 20:30:00,TAS1,,1191.0,0.0,0.0
2026-07-27 20:30:00,VIC1,,7377.68,0.0,0.0
2026-07-27 21:00:00,NSW1,,10096.56,0.0,0.0
2026-07-27 21:00:00,QLD1,,7311.05,0.0,0.0
2026-07-27 21:00:00,SA1,,1957.82,0.0,0.0
2026-07-27 21:00:00,TAS1,,1166.0,0.0,0.0
2026-07-27 21:00:00,VIC1,,7144.98,0.0,0.0
2026-07-27 21:30:00,NSW1,,9890.84,,0.0
2026-07-27 21:30:00,QLD1,,7105.72,,0.0
2026-07-27 21:30:00,SA1,,1968.26,,0.0
2026-07-27 21:30:00,TAS1,,1144.0,,0.0
2026-07-27 21:30:00,VIC1,,6989.72,,0.0
2026-07-27 21:40:00,NSW1,9717.04,,,
2026-07-27 21:40:00,QLD1,7068.75,,,
2026-07-27 21:40:00,SA1,1882.21,,,
2026-07-27 21:40:00,TAS1,1121.01,,,
2026-07-27 21:40:00,VIC1,6917.69,,,
2026-07-27 21:45:00,NSW1,9616.38,,,
2026-07-27 21:45:00,QLD1,7014.97,,,
2026-07-27 21:45:00,SA1,1872.93,,,
2026-07-27 21:45:00,TAS1,1107.76,,,
2026-07-27 21:45:00,VIC1,6810.91,,,
2026-07-27 22:00:00,NSW1,,9601.42,,0.0
2026-07-27 22:00:00,QLD1,,6985.51,,0.0
2026-07-27 22:00:00,SA1,,1882.36,,0.0
2026-07-27 22:00:00,TAS1,,1097.0,,0.0
2026-07-27 22:00:00,VIC1,,6748.47,,0.0
2026-07-27 22:30:00,NSW1,,9354.88,0.0,0.0
2026-07-27 22:30:00,QLD1,,6726.16,0.0,0.0
2026-07-27 22:30:00,SA1,,1791.53,0.0,0.0
2026-07-27 22:30:00,TAS1,,1061.0,0.0,0.0
2026-07-27 22:30:00,VIC1,,6416.45,0.0,0.0
2026-07-27 23:00:00,NSW1,,9088.6,0.0,0.0
2026-07-27 23:00:00,QLD1,,6477.87,0.0,0.0
2026-07-27 23:00:00,SA1,,1689.91,0.0,0.0
2026-07-27 23:00:00,TAS1,,1024.0,0.0,0.0
2026-07-27 23:00:00,VIC1,,6103.9,0.0,0.0
2026-07-27 23:30:00,NSW1,,8718.78,,0.0
2026-07-27 23:30:00,QLD1,,6309.67,,0.0
2026-07-27 23:30:00,SA1,,1568.12,,0.0
2026-07-27 23:30:00,TAS1,,946.0,,0.0
2026-07-27 23:30:00,VIC1,,6018.97,,0.0
2026-07-27 23:55:00,NSW1,8241.4,,,
2026-07-27 23:55:00,QLD1,6074.47,,,
2026-07-27 23:55:00,SA1,1546.01,,,
2026-07-27 23:55:00,TAS1,877.84,,,
2026-07-27 23:55:00,VIC1,5804.39,,,
2026-07-28 00:00:00,NSW1,8387.83,8435.82,,0.0
2026-07-28 00:00:00,QLD1,6043.77,6161.88,,0.0
2026-07-28 00:00:00,SA1,1534.16,1564.39,,0.0
2026-07-28 00:00:00,TAS1,874.95,897.0,,0.0
2026-07-28 00:00:00,VIC1,5764.6,5836.03,,0.0
2026-07-28 00:30:00,NSW1,,8276.81,,0.0
2026-07-28 00:30:00,QLD1,,5997.84,,0.0
2026-07-28 00:30:00,SA1,,1552.21,,0.0
2026-07-28 00:30:00,TAS1,,885.0,,0.0
2026-07-28 00:30:00,VIC1,,5604.61,,0.0
2026-07-28 01:00:00,NSW1,,8136.66,0.0,0.0
2026-07-28 01:00:00,QLD1,,5865.41,0.0,0.0
2026-07-28 01:00:00,SA1,,1576.0,0.0,0.0
2026-07-28 01:00:00,TAS1,,870.0,0.0,0.0
2026-07-28 01:00:00,VIC1,,5417.81,0.0,0.0
2026-07-28 01:30:00,NSW1,,7958.95,0.0,0.0
2026-07-28 01:30:00,QLD1,,5755.12,0.0,0.0
2026-07-28 01:30:00,SA1,,1560.56,0.0,0.0
2026-07-28 01:30:00,TAS1,,861.0,0.0,0.0
2026-07-28 01:30:00,VIC1,,5242.74,0.0,0.0
2026-07-28 02:00:00,NSW1,,7910.92,,0.0
2026-07-28 02:00:00,QLD1,,5646.05,,0.0
2026-07-28 02:00:00,SA1,,1510.14,,0.0
2026-07-28 02:00:00,TAS1,,881.0,,0.0
2026-07-28 02:00:00,VIC1,,5207.66,,0.0
2026-07-28 02:20:00,NSW1,7595.96,,,
2026-07-28 02:20:00,QLD1,5565.32,,,
2026-07-28 02:20:00,SA1,1482.65,,,
2026-07-28 02:20:00,TAS1,882.06,,,
2026-07-28 02:20:00,VIC1,5062.49,,,
2026-07-28 02:25:00,NSW1,7572.65,,,
2026-07-28 02:25:00,QLD1,5552.44,,,
2026-07-28 02:25:00,SA1,1477.91,,,
2026-07-28 02:25:00,TAS1,872.8,,,
2026-07-28 02:25:00,VIC1,5053.77,,,
2026-07-28 02:30:00,NSW1,,7615.6,0.0,0.0
2026-07-28 02:30:00,QLD1,,5587.04,0.0,0.0
2026-07-28 02:30:00,SA1,,1478.01,0.0,0.0
2026-07-28 02:30:00,TAS1,,877.0,0.0,0.0
2026-07-28 02:30:00,VIC1,,5102.29,0.0,0.0
2026-07-28 03:00:00,NSW1,,7490.18,0.0,0.0
2026-07-28 03:00:00,QLD1,,5573.75,0.0,0.0
2026-07-28 03:00:00,SA1,,1442.28,0.0,0.0
2026-07-28 03:00:00,TAS1,,880.0,0.0,0.0
2026-07-28 03:00:00,VIC1,,4982.94,0.0,0.0
2026-07-28 03:30:00,NSW1,,7364.08,,0.0
2026-07-28 03:30:00,QLD1,,5540.32,,0.0
2026-07-28 03:30:00,SA1,,1423.71,,0.0
2026-07-28 03:30:00,TAS1,,908.0,,0.0
2026-07-28 03:30:00,VIC1,,4956.29,,0.0
2026-07-28 03:55:00,NSW1,7256.79,,,
2026-07-28 03:55:00,QLD1,5527.6,,,
2026-07-28 03:55:00,SA1,1415.78,,,
2026-07-28 03:55:00,TAS1,930.31,,,
2026-07-28 03:55:00,VIC1,4870.13,,,
2026-07-28 04:00:00,NSW1,7310.6,7271.18,,0.0
2026-07-28 04:00:00,QLD1,5571.24,5548.77,,0.0
2026-07-28 04:00:00,SA1,1390.32,1427.81,,0.0
2026-07-28 04:00:00,TAS1,918.96,909.0,,0.0
2026-07-28 04:00:00,VIC1,4853.8,4935.81,,0.0
2026-07-28 04:30:00,NSW1,,7332.87,0.0,0.0
2026-07-28 04:30:00,QLD1,,5640.98,0.0,0.0
2026-07-28 04:30:00,SA1,,1405.97,0.0,0.0
2026-07-28 04:30:00,TAS1,,917.0,0.0,0.0
2026-07-28 04:30:00,VIC1,,4950.51,0.0,0.0
2026-07-28 05:00:00,NSW1,,7450.16,0.0,0.0
2026-07-28 05:00:00,QLD1,,5781.37,0.0,0.0
2026-07-28 05:00:00,SA1,,1402.87,0.0,0.0
2026-07-28 05:00:00,TAS1,,931.0,0.0,0.0
2026-07-28 05:00:00,VIC1,,5016.44,0.0,0.0
2026-07-28 05:30:00,NSW1,,7686.62,0.0,0.0
2026-07-28 05:30:00,QLD1,,6008.69,0.0,0.0
2026-07-28 05:30:00,SA1,,1420.75,0.0,0.0
2026-07-28 05:30:00,TAS1,,986.0,0.0,0.0
2026-07-28 05:30:00,VIC1,,5178.08,0.0,0.0
2026-07-28 05:35:00,NSW1,7932.66,,,
2026-07-28 05:35:00,QLD1,6229.06,,,
2026-07-28 05:35:00,SA1,1400.38,,,
2026-07-28 05:35:00,TAS1,1018.18,,,
2026-07-28 05:35:00,VIC1,5325.88,,,
2026-07-28 05:40:00,NSW1,8072.2,,,
2026-07-28 05:40:00,QLD1,6220.35,,,
2026-07-28 05:40:00,SA1,1428.07,,,
2026-07-28 05:40:00,TAS1,1027.15,,,
2026-07-28 05:40:00,VIC1,5399.42,,,
2026-07-28 06:00:00,NSW1,,8071.31,0.0,0.0
2026-07-28 06:00:00,QLD1,,6296.66,0.0,0.0
2026-07-28 06:00:00,SA1,,1424.83,0.0,0.0
2026-07-28 06:00:00,TAS1,,1023.0,0.0,0.0
2026-07-28 06:00:00,VIC1,,5472.32,0.0,0.0
2026-07-28 06:30:00,NSW1,,8845.86,0.009,0.0
2026-07-28 06:30:00,QLD1,,6723.84,9.36,0.0
2026-07-28 06:30:00,SA1,,1456.14,0.0,0.0
2026-07-28 06:30:00,TAS1,,1088.0,0.0,0.0
2026-07-28 06:30:00,VIC1,,5908.68,0.0,0.0
2026-07-28 06:50:00,NSW1,9822.23,,,
2026-07-28 06:50:00,QLD1,7116.09,,,
2026-07-28 06:50:00,SA1,1601.75,,,
2026-07-28 06:50:00,TAS1,1158.9,,,
2026-07-28 06:50:00,VIC1,6736.2,,,
2026-07-28 06:55:00,NSW1,9996.39,,,
2026-07-28 06:55:00,QLD1,7110.95,,,
2026-07-28 06:55:00,SA1,1636.61,,,
2026-07-28 06:55:00,TAS1,1161.22,,,
2026-07-28 06:55:00,VIC1,6840.07,,,
2026-07-28 07:00:00,NSW1,,9654.51,47.264,0.0
2026-07-28 07:00:00,QLD1,,7026.6,133.907,70.345
2026-07-28 07:00:00,SA1,,1537.11,0.0,0.0
2026-07-28 07:00:00,TAS1,,1153.0,0.0,0.0
2026-07-28 07:00:00,VIC1,,6534.74,0.0,0.0
2026-07-28 07:30:00,NSW1,,10377.2,293.082,160.422
2026-07-28 07:30:00,QLD1,,7160.58,495.524,303.947
2026-07-28 07:30:00,SA1,,1662.71,0.0,0.0
2026-07-28 07:30:00,TAS1,,1194.0,1.14,0.0
2026-07-28 07:30:00,VIC1,,7197.43,24.673,0.0
2026-07-28 07:50:00,NSW1,10282.49,,,
2026-07-28 07:50:00,QLD1,6979.36,,,
2026-07-28 07:50:00,SA1,1899.75,,,
2026-07-28 07:50:00,TAS1,1250.89,,,
2026-07-28 07:50:00,VIC1,7618.99,,,
2026-07-28 07:55:00,NSW1,10358.92,,,
2026-07-28 07:55:00,QLD1,6892.19,,,
2026-07-28 07:55:00,SA1,1927.12,,,
2026-07-28 07:55:00,TAS1,1245.52,,,
2026-07-28 07:55:00,VIC1,7621.49,,,
2026-07-28 08:00:00,NSW1,,10415.71,819.746,560.891
2026-07-28 08:00:00,QLD1,,7102.52,933.349,822.596
2026-07-28 08:00:00,SA1,,1790.69,37.901,0.0
2026-07-28 08:00:00,TAS1,,1245.0,9.606,4.338
2026-07-28 08:00:00,VIC1,,7529.77,166.784,67.047
2026-07-28 08:30:00,NSW1,,9977.16,1367.172,1160.071
2026-07-28 08:30:00,QLD1,,6637.06,1404.009,1265.093
2026-07-28 08:30:00,SA1,,1920.01,132.469,31.524
2026-07-28 08:30:00,TAS1,,1235.0,22.565,12.9
2026-07-28 08:30:00,VIC1,,7635.69,481.682,278.451
2026-07-28 08:45:00,NSW1,9297.46,,,
2026-07-28 08:45:00,QLD1,6120.51,,,
2026-07-28 08:45:00,SA1,1939.81,,,
2026-07-28 08:45:00,TAS1,1226.21,,,
2026-07-28 08:45:00,VIC1,7335.87,,,
2026-07-28 08:50:00,NSW1,9188.42,,,
2026-07-28 08:50:00,QLD1,6062.98,,,
2026-07-28 08:50:00,SA1,1946.79,,,
2026-07-28 08:50:00,TAS1,1221.69,,,
2026-07-28 08:50:00,VIC1,7150.4,,,
2026-07-28 09:00:00,NSW1,,9348.81,1902.589,1723.003
2026-07-28 09:00:00,QLD1,,6102.07,1909.127,2149.705
2026-07-28 09:00:00,SA1,,1905.92,228.52,107.106
2026-07-28 09:00:00,TAS1,,1208.0,34.452,24.753
2026-07-28 09:00:00,VIC1,,7181.18,799.249,595.904
2026-07-28 09:30:00,NSW1,,8652.8,,2463.329
2026-07-28 09:30:00,QLD1,,5736.41,,2636.113
2026-07-28 09:30:00,SA1,,1884.58,,196.725
2026-07-28 09:30:00,TAS1,,1175.0,,40.724
2026-07-28 09:30:00,VIC1,,6730.09,,890.371
2026-07-28 09:45:00,NSW1,8002.71,,,
2026-07-28 09:45:00,QLD1,5199.51,,,
2026-07-28 09:45:00,SA1,1823.26,,,
2026-07-28 09:45:00,TAS1,1135.14,,,
2026-07-28 09:45:00,VIC1,6335.4,,,
2026-07-28 09:50:00,NSW1,7907.71,,,
2026-07-28 09:50:00,QLD1,5094.08,,,
2026-07-28 09:50:00,SA1,1800.3,,,
2026-07-28 09:50:00,TAS1,1123.41,,,
2026-07-28 09:50:00,VIC1,6181.18,,,
2026-07-28 10:00:00,NSW1,,8009.64,2825.167,2958.082
2026-07-28 10:00:00,QLD1,,5282.86,2869.863,3041.174
2026-07-28 10:00:00,SA1,,1828.22,393.81,280.876
2026-07-28 10:00:00,TAS1,,1142.0,51.188,50.911
2026-07-28 10:00:00,VIC1,,6503.81,1367.978,1367.955
2026-07-28 10:30:00,NSW1,,7533.18,3134.384,3393.825
2026-07-28 10:30:00,QLD1,,5010.26,3170.125,3382.769
2026-07-28 10:30:00,SA1,,1745.74,420.385,353.756
2026-07-28 10:30:00,TAS1,,1130.0,50.14,57.596
2026-07-28 10:30:00,VIC1,,6150.99,1603.112,1622.32
2026-07-28 11:00:00,NSW1,,7239.12,,3754.397
2026-07-28 11:00:00,QLD1,,4674.13,,3797.035
2026-07-28 11:00:00,SA1,,1790.94,,446.425
2026-07-28 11:00:00,TAS1,,1086.0,,69.731
2026-07-28 11:00:00,VIC1,,5630.12,,1837.265
2026-07-28 11:05:00,NSW1,6843.75,,,
2026-07-28 11:05:00,QLD1,4533.86,,,
2026-07-28 11:05:00,SA1,1780.32,,,
2026-07-28 11:05:00,TAS1,1085.96,,,
2026-07-28 11:05:00,VIC1,5313.91,,,
2026-07-28 11:10:00,NSW1,6891.82,,,
2026-07-28 11:10:00,QLD1,4668.72,,,
2026-07-28 11:10:00,SA1,1780.21,,,
2026-07-28 11:10:00,TAS1,1093.7,,,
2026-07-28 11:10:00,VIC1,5400.61,,,
2026-07-28 11:30:00,NSW1,,6750.37,,4023.669
2026-07-28 11:30:00,QLD1,,4563.33,,3993.794
2026-07-28 11:30:00,SA1,,1796.1,,554.507
2026-07-28 11:30:00,TAS1,,1078.0,,70.81
2026-07-28 11:30:00,VIC1,,5284.53,,2015.79
2026-07-28 12:00:00,NSW1,,6468.93,,4105.271
2026-07-28 12:00:00,QLD1,,4546.47,,4049.258
2026-07-28 12:00:00,SA1,,1703.12,,607.915
2026-07-28 12:00:00,TAS1,,1078.0,,71.033
2026-07-28 12:00:00,VIC1,,5144.0,,2077.851
2026-07-28 12:30:00,NSW1,,6123.61,,4096.883
2026-07-28 12:30:00,QLD1,,4463.52,,4001.924
2026-07-28 12:30:00,SA1,,1614.72,,644.162
2026-07-28 12:30:00,TAS1,,1091.0,,70.652
2026-07-28 12:30:00,VIC1,,5054.45,,2076.632
2026-07-28 13:00:00,NSW1,,5913.39,3474.69,3987.235
2026-07-28 13:00:00,QLD1,,4345.95,3262.176,3862.178
2026-07-28 13:00:00,SA1,,1546.85,820.416,661.831
2026-07-28 13:00:00,TAS1,,1100.0,43.288,67.619
2026-07-28 13:00:00,VIC1,,5006.07,1962.658,2025.791
2026-07-28 13:30:00,NSW1,,5888.62,3287.892,3743.927
2026-07-28 13:30:00,QLD1,,4360.63,3096.086,3606.696
2026-07-28 13:30:00,SA1,,1479.47,702.431,668.935
2026-07-28 13:30:00,TAS1,,1098.0,38.5,64.439
2026-07-28 13:30:00,VIC1,,5003.36,1857.338,1924.252
2026-07-28 14:00:00,NSW1,,6306.34,,3547.438
2026-07-28 14:00:00,QLD1,,4742.9,,3235.426
2026-07-28 14:00:00,SA1,,1412.68,,811.906
2026-07-28 14:00:00,TAS1,,1187.0,,56.611
2026-07-28 14:00:00,VIC1,,4949.85,,1877.047
2026-07-28 14:20:00,NSW1,6585.09,,,
2026-07-28 14:20:00,QLD1,5081.48,,,
2026-07-28 14:20:00,SA1,1375.51,,,
2026-07-28 14:20:00,TAS1,1197.37,,,
2026-07-28 14:20:00,VIC1,4918.23,,,
2026-07-28 14:25:00,NSW1,6496.76,,,
2026-07-28 14:25:00,QLD1,5154.94,,,
2026-07-28 14:25:00,SA1,1389.25,,,
2026-07-28 14:25:00,TAS1,1188.78,,,
2026-07-28 14:25:00,VIC1,4944.2,,,
2026-07-28 14:30:00,NSW1,,6593.14,,3104.724
2026-07-28 14:30:00,QLD1,,5023.74,,2865.986
2026-07-28 14:30:00,SA1,,1429.78,,722.218
2026-07-28 14:30:00,TAS1,,1197.0,,47.862
2026-07-28 14:30:00,VIC1,,4936.79,,1658.239
2026-07-28 15:00:00,NSW1,,6910.94,,2575.394
2026-07-28 15:00:00,QLD1,,5316.18,,2407.314
2026-07-28 15:00:00,SA1,,1446.68,,642.993
2026-07-28 15:00:00,TAS1,,1184.0,,40.915
2026-07-28 15:00:00,VIC1,,5035.13,,1404.859
2026-07-28 15:30:00,NSW1,,7360.66,,1973.364
2026-07-28 15:30:00,QLD1,,5698.8,,1906.361
2026-07-28 15:30:00,SA1,,1491.14,,548.064
2026-07-28 15:30:00,TAS1,,1186.0,,31.817
2026-07-28 15:30:00,VIC1,,5216.02,,1122.252
2026-07-28 16:00:00,NSW1,,7944.58,1223.444,1341.611
2026-07-28 16:00:00,QLD1,,6166.04,1224.31,1367.068
2026-07-28 16:00:00,SA1,,1525.79,554.997,437.385
2026-07-28 16:00:00,TAS1,,1195.0,25.121,22.224
2026-07-28 16:00:00,VIC1,,5530.59,636.213,814.446
2026-07-28 16:30:00,NSW1,,8567.81,697.95,547.031
2026-07-28 16:30:00,QLD1,,6645.06,756.412,819.954
2026-07-28 16:30:00,SA1,,1593.23,418.966,314.828
2026-07-28 16:30:00,TAS1,,1212.0,14.924,5.542
2026-07-28 16:30:00,VIC1,,5941.31,390.774,504.026
2026-07-28 17:00:00,NSW1,9212.2,9100.39,,47.601
2026-07-28 17:00:00,QLD1,7334.81,6965.97,,265.813
2026-07-28 17:00:00,SA1,1762.67,1654.66,,235.446
2026-07-28 17:00:00,TAS1,1231.34,1178.0,,0.781
2026-07-28 17:00:00,VIC1,7065.07,6936.35,,138.812
2026-07-28 17:05:00,NSW1,9441.04,,,
2026-07-28 17:05:00,QLD1,7369.96,,,
2026-07-28 17:05:00,SA1,1794.09,,,
2026-07-28 17:05:00,TAS1,1226.34,,,
2026-07-28 17:05:00,VIC1,7265.35,,,
2026-07-28 17:30:00,NSW1,,9474.68,,0.0
2026-07-28 17:30:00,QLD1,,7414.06,,48.992
2026-07-28 17:30:00,SA1,,1792.77,,21.34
2026-07-28 17:30:00,TAS1,,1265.0,,0.0
2026-07-28 17:30:00,VIC1,,7134.03,,32.143
2026-07-28 18:00:00,NSW1,,10116.65,,0.0
2026-07-28 18:00:00,QLD1,,7737.18,,0.0
2026-07-28 18:00:00,SA1,,1974.47,,0.0
2026-07-28 18:00:00,TAS1,,1301.0,,0.0
2026-07-28 18:00:00,VIC1,,7474.55,,0.0
2026-07-28 18:30:00,NSW1,,10441.28,0.0,0.0
2026-07-28 18:30:00,QLD1,,7849.43,0.0,0.0
2026-07-28 18:30:00,SA1,,2090.69,0.107,0.0
2026-07-28 18:30:00,TAS1,,1299.0,0.0,0.0
2026-07-28 18:30:00,VIC1,,7615.71,0.0,0.0
2026-07-28 19:00:00,NSW1,,10500.76,0.0,0.0
2026-07-28 19:00:00,QLD1,,7808.39,0.0,0.0
2026-07-28 19:00:00,SA1,,2138.23,0.0,0.0
2026-07-28 19:00:00,TAS1,,1294.0,0.0,0.0
2026-07-28 19:00:00,VIC1,,7586.04,0.0,0.0
2026-07-28 19:30:00,NSW1,,10417.45,,0.0
2026-07-28 19:30:00,QLD1,,7496.35,,0.0
2026-07-28 19:30:00,SA1,,2257.73,,0.0
2026-07-28 19:30:00,TAS1,,1273.0,,0.0
2026-07-28 19:30:00,VIC1,,7454.71,,0.0
2026-07-28 19:40:00,NSW1,10303.5,,,
2026-07-28 19:40:00,QLD1,7366.51,,,
2026-07-28 19:40:00,SA1,2204.31,,,
2026-07-28 19:40:00,TAS1,1326.29,,,
2026-07-28 19:40:00,VIC1,7472.38,,,
2026-07-28 19:45:00,NSW1,10344.35,,,
2026-07-28 19:45:00,QLD1,7363.59,,,
2026-07-28 19:45:00,SA1,2224.89,,,
2026-07-28 19:45:00,TAS1,1336.72,,,
2026-07-28 19:45:00,VIC1,7555.09,,,
2026-07-28 20:00:00,NSW1,,10294.91,,0.0
2026-07-28 20:00:00,QLD1,,7399.58,,0.0
2026-07-28 20:00:00,SA1,,2210.34,,0.0
2026-07-28 20:00:00,TAS1,,1258.0,,0.0
2026-07-28 20:00:00,VIC1,,7450.46,,0.0
2026-07-28 20:30:00,NSW1,,10170.77,0.0,0.0
2026-07-28 20:30:00,QLD1,,7288.19,0.0,0.0
2026-07-28 20:30:00,SA1,,2177.6,0.0,0.0
2026-07-28 20:30:00,TAS1,,1246.0,0.0,0.0
2026-07-28 20:30:00,VIC1,,7308.16,0.0,0.0
2026-07-28 21:00:00,NSW1,,9996.41,0.0,0.0
2026-07-28 21:00:00,QLD1,,7257.94,0.0,0.0
2026-07-28 21:00:00,SA1,,2123.05,0.0,0.0
2026-07-28 21:00:00,TAS1,,1219.0,0.0,0.0
2026-07-28 21:00:00,VIC1,,7104.17,0.0,0.0
2026-07-28 21:30:00,NSW1,,9696.85,,0.0
2026-07-28 21:30:00,QLD1,,7081.67,,0.0
2026-07-28 21:30:00,SA1,,2084.59,,0.0
2026-07-28 21:30:00,TAS1,,1160.0,,0.0
2026-07-28 21:30:00,VIC1,,6989.17,,0.0
2026-07-28 21:40:00,NSW1,9461.74,,,
2026-07-28 21:40:00,QLD1,7070.56,,,
2026-07-28 21:40:00,SA1,2028.73,,,
2026-07-28 21:40:00,TAS1,1172.09,,,
2026-07-28 21:40:00,VIC1,6968.6,,,
2026-07-28 21:45:00,NSW1,9373.59,,,
2026-07-28 21:45:00,QLD1,7021.11,,,
2026-07-28 21:45:00,SA1,2003.21,,,
2026-07-28 21:45:00,TAS1,1184.37,,,
2026-07-28 21:45:00,VIC1,6833.44,,,
2026-07-28 22:00:00,NSW1,,9359.33,0.0,0.0
2026-07-28 22:00:00,QLD1,,6956.35,0.0,0.0
2026-07-28 22:00:00,SA1,,1997.62,0.0,0.0
2026-07-28 22:00:00,TAS1,,1156.0,0.0,0.0
2026-07-28 22:00:00,VIC1,,6886.22,0.0,0.0
2026-07-28 22:30:00,NSW1,,9133.48,0.0,0.0
2026-07-28 22:30:00,QLD1,,6689.88,0.0,0.0
2026-07-28 22:30:00,SA1,,1893.98,0.0,0.0
2026-07-28 22:30:00,TAS1,,1122.0,0.0,0.0
2026-07-28 22:30:00,VIC1,,6559.9,0.0,0.0
2026-07-28 23:00:00,NSW1,,8859.01,,0.0
2026-07-28 23:00:00,QLD1,,6456.37,,0.0
2026-07-28 23:00:00,SA1,,1765.99,,0.0
2026-07-28 23:00:00,TAS1,,1077.0,,0.0
2026-07-28 23:00:00,VIC1,,6202.43,,0.0
2026-07-28 23:15:00,NSW1,8546.73,,,
2026-07-28 23:15:00,QLD1,6257.04,,,
2026-07-28 23:15:00,SA1,1687.4,,,
2026-07-28 23:15:00,TAS1,1033.22,,,
2026-07-28 23:15:00,VIC1,6076.0,,,
2026-07-28 23:20:00,NSW1,8515.12,,,
2026-07-28 23:20:00,QLD1,6272.61,,,
2026-07-28 23:20:00,SA1,1648.35,,,
2026-07-28 23:20:00,TAS1,1028.22,,,
2026-07-28 23:20:00,VIC1,6037.75,,,
2026-07-28 23:30:00,NSW1,,8582.47,,0.0
2026-07-28 23:30:00,QLD1,,6212.54,,0.0
2026-07-28 23:30:00,SA1,,1700.48,,0.0
2026-07-28 23:30:00,TAS1,,1023.0,,0.0
2026-07-28 23:30:00,VIC1,,6043.16,,0.0
2026-07-29 00:00:00,NSW1,,8401.75,,0.0
2026-07-29 00:00:00,QLD1,,6077.8,,0.0
2026-07-29 00:00:00,SA1,,1678.97,,0.0
2026-07-29 00:00:00,TAS1,,1013.0,,0.0
2026-07-29 00:00:00,VIC1,,5901.39,,0.0
2026-07-29 00:30:00,NSW1,,8240.7,0.0,0.0
2026-07-29 00:30:00,QLD1,,5949.8,0.0,0.0
2026-07-29 00:30:00,SA1,,1670.27,0.0,0.0
2026-07-29 00:30:00,TAS1,,1010.0,0.0,0.0
2026-07-29 00:30:00,VIC1,,5717.13,0.0,0.0
2026-07-29 01:00:00,NSW1,,8085.2,0.0,0.0
2026-07-29 01:00:00,QLD1,,5805.76,0.0,0.0
2026-07-29 01:00:00,SA1,,1674.25,0.0,0.0
2026-07-29 01:00:00,TAS1,,1007.0,0.0,0.0
2026-07-29 01:00:00,VIC1,,5535.23,0.0,0.0
2026-07-29 01:30:00,NSW1,,7866.93,,0.0
2026-07-29 01:30:00,QLD1,,5687.71,,0.0
2026-07-29 01:30:00,SA1,,1641.4,,0.0
2026-07-29 01:30:00,TAS1,,953.0,,0.0
2026-07-29 01:30:00,VIC1,,5332.42,,0.0
2026-07-29 01:35:00,NSW1,7625.17,,,
2026-07-29 01:35:00,QLD1,5625.33,,,
2026-07-29 01:35:00,SA1,1592.9,,,
2026-07-29 01:35:00,TAS1,1001.7,,,
2026-07-29 01:35:00,VIC1,5177.81,,,
2026-07-29 01:40:00,NSW1,7593.03,,,
2026-07-29 01:40:00,QLD1,5600.97,,,
2026-07-29 01:40:00,SA1,1607.65,,,
2026-07-29 01:40:00,TAS1,996.25,,,
2026-07-29 01:40:00,VIC1,5221.37,,,
2026-07-29 02:00:00,NSW1,,7609.44,0.0,0.0
2026-07-29 02:00:00,QLD1,,5622.81,0.0,0.0
2026-07-29 02:00:00,SA1,,1579.72,0.0,0.0
2026-07-29 02:00:00,TAS1,,942.0,0.0,0.0
2026-07-29 02:00:00,VIC1,,5181.15,0.0,0.0
2026-07-29 02:30:00,NSW1,,7441.19,0.0,0.0
2026-07-29 02:30:00,QLD1,,5586.92,0.0,0.0
2026-07-29 02:30:00,SA1,,1555.8,0.0,0.0
2026-07-29 02:30:00,TAS1,,939.0,0.0,0.0
2026-07-29 02:30:00,VIC1,,5055.46,0.0,0.0
2026-07-29 03:00:00,NSW1,7208.3,7309.25,,0.0
2026-07-29 03:00:00,QLD1,5526.36,5507.97,,0.0
2026-07-29 03:00:00,SA1,1436.6,1501.99,,0.0
2026-07-29 03:00:00,TAS1,969.37,958.0,,0.0
2026-07-29 03:00:00,VIC1,4982.35,4931.28,,0.0
2026-07-29 03:05:00,NSW1,7189.72,,,
2026-07-29 03:05:00,QLD1,5505.03,,,
2026-07-29 03:05:00,SA1,1438.7,,,
2026-07-29 03:05:00,TAS1,974.23,,,
2026-07-29 03:05:00,VIC1,4969.79,,,
2026-07-29 03:30:00,NSW1,,7202.58,0.0,0.0
2026-07-29 03:30:00,QLD1,,5520.8,0.0,0.0
2026-07-29 03:30:00,SA1,,1440.03,0.0,0.0
2026-07-29 03:30:00,TAS1,,954.0,0.0,0.0
2026-07-29 03:30:00,VIC1,,4851.74,0.0,0.0
2026-07-29 04:00:00,NSW1,,7182.69,0.0,0.0
2026-07-29 04:00:00,QLD1,,5553.44,0.0,0.0
2026-07-29 04:00:00,SA1,,1430.53,0.0,0.0
2026-07-29 04:00:00,TAS1,,946.0,0.0,0.0
2026-07-29 04:00:00,VIC1,,4836.2,0.0,0.0
2026-07-29 04:30:00,NSW1,,7352.84,,0.0
2026-07-29 04:30:00,QLD1,,5608.65,,0.0
2026-07-29 04:30:00,SA1,,1399.51,,0.0
2026-07-29 04:30:00,TAS1,,976.0,,0.0
2026-07-29 04:30:00,VIC1,,4918.86,,0.0
2026-07-29 04:35:00,NSW1,7287.23,,,
2026-07-29 04:35:00,QLD1,5682.96,,,
2026-07-29 04:35:00,SA1,1347.59,,,
2026-07-29 04:35:00,TAS1,990.62,,,
2026-07-29 04:35:00,VIC1,4927.25,,,
2026-07-29 04:40:00,NSW1,7335.21,,,
2026-07-29 04:40:00,QLD1,5721.89,,,
2026-07-29 04:40:00,SA1,1385.63,,,
2026-07-29 04:40:00,TAS1,992.45,,,
2026-07-29 04:40:00,VIC1,4949.98,,,
2026-07-29 05:00:00,NSW1,,7388.87,0.0,0.0
2026-07-29 05:00:00,QLD1,,5733.3,0.0,0.0
2026-07-29 05:00:00,SA1,,1355.08,0.0,0.0
2026-07-29 05:00:00,TAS1,,999.0,0.0,0.0
2026-07-29 05:00:00,VIC1,,4942.1,0.0,0.0
2026-07-29 05:30:00,NSW1,,7667.42,0.0,0.0
2026-07-29 05:30:00,QLD1,,5976.53,0.0,0.0
2026-07-29 05:30:00,SA1,,1353.62,0.0,0.0
2026-07-29 05:30:00,TAS1,,1030.0,0.0,0.0
2026-07-29 05:30:00,VIC1,,5182.98,0.0,0.0
2026-07-29 06:00:00,NSW1,8306.0,8052.91,0.0,0.0
2026-07-29 06:00:00,QLD1,6398.08,6232.33,0.0,0.0
2026-07-29 06:00:00,SA1,1457.12,1407.34,0.0,0.0
2026-07-29 06:00:00,TAS1,1088.96,1049.0,0.0,0.0
2026-07-29 06:00:00,VIC1,5677.56,5452.43,0.0,0.0
2026-07-29 06:05:00,NSW1,8453.02,,,
2026-07-29 06:05:00,QLD1,6437.16,,,
2026-07-29 06:05:00,SA1,1470.8,,,
2026-07-29 06:05:00,TAS1,1109.19,,,
2026-07-29 06:05:00,VIC1,5726.98,,,
2026-07-29 06:30:00,NSW1,,8714.41,0.112,0.0
2026-07-29 06:30:00,QLD1,,6596.02,11.377,0.0
2026-07-29 06:30:00,SA1,,1475.5,0.0,0.0
2026-07-29 06:30:00,TAS1,,1112.0,0.0,0.0
2026-07-29 06:30:00,VIC1,,5966.64,0.0,0.0
2026-07-29 07:00:00,NSW1,,9471.72,61.538,0.0
2026-07-29 07:00:00,QLD1,,6874.45,160.819,69.237
2026-07-29 07:00:00,SA1,,1522.02,0.0,0.0
2026-07-29 07:00:00,TAS1,,1188.0,0.0,0.0
2026-07-29 07:00:00,VIC1,,6567.36,0.0,0.0
2026-07-29 07:10:00,NSW1,9986.98,,,
2026-07-29 07:10:00,QLD1,7148.04,,,
2026-07-29 07:10:00,SA1,1695.61,,,
2026-07-29 07:10:00,TAS1,1277.45,,,
2026-07-29 07:10:00,VIC1,7131.65,,,
2026-07-29 07:15:00,NSW1,10060.93,,,
2026-07-29 07:15:00,QLD1,7209.95,,,
2026-07-29 07:15:00,SA1,1718.72,,,
2026-07-29 07:15:00,TAS1,1288.83,,,
2026-07-29 07:15:00,VIC1,7323.6,,,
2026-07-29 07:30:00,NSW1,,10076.98,354.895,164.426
2026-07-29 07:30:00,QLD1,,7027.28,603.66,320.628
2026-07-29 07:30:00,SA1,,1665.53,0.005,0.0
2026-07-29 07:30:00,TAS1,,1284.0,1.479,0.0
2026-07-29 07:30:00,VIC1,,7173.0,28.781,0.0
2026-07-29 08:00:00,NSW1,,10222.01,855.311,595.414
2026-07-29 08:00:00,QLD1,,6865.87,1161.247,888.972
2026-07-29 08:00:00,SA1,,1787.64,37.644,0.0
2026-07-29 08:00:00,TAS1,,1349.0,11.875,5.539
2026-07-29 08:00:00,VIC1,,7772.73,173.862,69.058
2026-07-29 08:15:00,NSW1,9594.34,,,
2026-07-29 08:15:00,QLD1,6245.31,,,
2026-07-29 08:15:00,SA1,1937.33,,,
2026-07-29 08:15:00,TAS1,1345.69,,,
2026-07-29 08:15:00,VIC1,7835.98,,,
2026-07-29 08:20:00,NSW1,9455.53,,,
2026-07-29 08:20:00,QLD1,6123.13,,,
2026-07-29 08:20:00,SA1,1897.15,,,
2026-07-29 08:20:00,TAS1,1328.9,,,
2026-07-29 08:20:00,VIC1,7811.81,,,
2026-07-29 08:30:00,NSW1,,9639.52,1404.869,1234.42
2026-07-29 08:30:00,QLD1,,6335.4,1733.636,1477.888
2026-07-29 08:30:00,SA1,,1878.37,149.189,50.808
2026-07-29 08:30:00,TAS1,,1342.0,31.462,20.717
2026-07-29 08:30:00,VIC1,,7815.19,418.094,276.81
2026-07-29 09:00:00,NSW1,,8888.23,,1852.072
2026-07-29 09:00:00,QLD1,,5749.88,,2557.84
2026-07-29 09:00:00,SA1,,1866.21,,166.784
2026-07-29 09:00:00,TAS1,,1278.0,,42.587
2026-07-29 09:00:00,VIC1,,7577.13,,578.737
2026-07-29 09:20:00,NSW1,8201.64,,,
2026-07-29 09:20:00,QLD1,5089.56,,,
2026-07-29 09:20:00,SA1,1599.48,,,
2026-07-29 09:20:00,TAS1,1229.63,,,
2026-07-29 09:20:00,VIC1,7315.91,,,
2026-07-29 09:25:00,NSW1,8219.98,,,
2026-07-29 09:25:00,QLD1,4999.77,,,
2026-07-29 09:25:00,SA1,1572.64,,,
2026-07-29 09:25:00,TAS1,1203.11,,,
2026-07-29 09:25:00,VIC1,7304.06,,,
2026-07-29 09:30:00,NSW1,,8228.05,2418.462,2523.08
2026-07-29 09:30:00,QLD1,,5212.36,2853.613,3153.398
2026-07-29 09:30:00,SA1,,1700.1,502.691,299.678
2026-07-29 09:30:00,TAS1,,1203.0,58.418,60.312
2026-07-29 09:30:00,VIC1,,7368.48,888.176,831.767
2026-07-29 10:00:00,NSW1,,7721.22,2879.204,3020.603
2026-07-29 10:00:00,QLD1,,4764.05,3286.961,3648.038
2026-07-29 10:00:00,SA1,,1586.92,664.609,421.61
2026-07-29 10:00:00,TAS1,,1159.0,73.072,82.404
2026-07-29 10:00:00,VIC1,,6990.57,1059.171,1088.055
2026-07-29 10:30:00,NSW1,,7454.46,,3372.619
2026-07-29 10:30:00,QLD1,,4517.79,,4037.718
2026-07-29 10:30:00,SA1,,1367.72,,640.021
2026-07-29 10:30:00,TAS1,,1155.0,,111.748
2026-07-29 10:30:00,VIC1,,6829.17,,1370.612
2026-07-29 10:50:00,NSW1,7149.21,,,
2026-07-29 10:50:00,QLD1,4113.06,,,
2026-07-29 10:50:00,SA1,1267.27,,,
2026-07-29 10:50:00,TAS1,1088.58,,,
2026-07-29 10:50:00,VIC1,6618.22,,,
2026-07-29 10:55:00,NSW1,7057.41,,,
2026-07-29 10:55:00,QLD1,4163.37,,,
2026-07-29 10:55:00,SA1,1260.09,,,
2026-07-29 10:55:00,TAS1,1080.08,,,
2026-07-29 10:55:00,VIC1,6583.34,,,
2026-07-29 11:00:00,NSW1,,7188.65,,3652.761
2026-07-29 11:00:00,QLD1,,4245.03,,4337.475
2026-07-29 11:00:00,SA1,,1274.36,,764.583
2026-07-29 11:00:00,TAS1,,1105.0,,105.553
2026-07-29 11:00:00,VIC1,,6593.79,,1560.619
2026-07-29 11:30:00,NSW1,,6868.72,,3817.952
2026-07-29 11:30:00,QLD1,,4142.16,,4519.136
2026-07-29 11:30:00,SA1,,1214.03,,840.074
2026-07-29 11:30:00,TAS1,,1083.0,,114.595
2026-07-29 11:30:00,VIC1,,6370.08,,1681.501
2026-07-29 12:00:00,NSW1,,6509.15,,3911.653
2026-07-29 12:00:00,QLD1,,3974.61,,4611.84
2026-07-29 12:00:00,SA1,,1252.91,,880.313
2026-07-29 12:00:00,TAS1,,1074.0,,122.085
2026-07-29 12:00:00,VIC1,,6070.24,,1770.203
2026-07-29 12:30:00,NSW1,,6284.09,,3952.679
2026-07-29 12:30:00,QLD1,,3803.97,,4628.181
2026-07-29 12:30:00,SA1,,1257.67,,891.573
2026-07-29 12:30:00,TAS1,,1066.0,,126.645
2026-07-29 12:30:00,VIC1,,5816.34,,1836.177
2026-07-29 13:00:00,NSW1,,6133.14,3691.269,3876.231
2026-07-29 13:00:00,QLD1,,3694.16,3742.194,4556.43
2026-07-29 13:00:00,SA1,,1245.34,1019.805,883.439
2026-07-29 13:00:00,TAS1,,1055.0,103.598,127.232
2026-07-29 13:00:00,VIC1,,5645.37,1520.69,1856.483
2026-07-29 13:30:00,NSW1,,6238.26,3506.47,3691.084
2026-07-29 13:30:00,QLD1,,4268.06,3681.117,4379.192
2026-07-29 13:30:00,SA1,,1038.81,1022.661,829.667
2026-07-29 13:30:00,TAS1,,994.0,103.389,124.496
2026-07-29 13:30:00,VIC1,,6341.45,1413.794,1812.421
2026-07-29 14:00:00,NSW1,,6326.76,,3700.586
2026-07-29 14:00:00,QLD1,,4300.74,,3978.716
2026-07-29 14:00:00,SA1,,1008.45,,932.944
2026-07-29 14:00:00,TAS1,,991.0,,117.37
2026-07-29 14:00:00,VIC1,,6390.0,,1679.663
2026-07-29 14:05:00,NSW1,6331.4,,,
2026-07-29 14:05:00,QLD1,4380.93,,,
2026-07-29 14:05:00,SA1,1044.48,,,
2026-07-29 14:05:00,TAS1,1018.34,,,
2026-07-29 14:05:00,VIC1,6334.74,,,
2026-07-29 14:10:00,NSW1,6394.63,,,
2026-07-29 14:10:00,QLD1,4371.73,,,
2026-07-29 14:10:00,SA1,1034.08,,,
2026-07-29 14:10:00,TAS1,1014.92,,,
2026-07-29 14:10:00,VIC1,6224.19,,,
2026-07-29 14:30:00,NSW1,,6483.64,,3315.6
2026-07-29 14:30:00,QLD1,,4479.61,,3590.358
2026-07-29 14:30:00,SA1,,1066.87,,868.911
2026-07-29 14:30:00,TAS1,,1004.0,,103.534
2026-07-29 14:30:00,VIC1,,6299.94,,1497.109
2026-07-29 15:00:00,NSW1,,6791.51,,2743.576
2026-07-29 15:00:00,QLD1,,4744.62,,3101.604
2026-07-29 15:00:00,SA1,,1174.3,,747.473
2026-07-29 15:00:00,TAS1,,1003.0,,90.294
2026-07-29 15:00:00,VIC1,,6228.38,,1310.047
2026-07-29 15:30:00,NSW1,,7263.35,1829.415,2093.963
2026-07-29 15:30:00,QLD1,,5184.07,2058.293,2517.877
2026-07-29 15:30:00,SA1,,1284.69,661.311,621.183
2026-07-29 15:30:00,TAS1,,1021.0,55.056,73.378
2026-07-29 15:30:00,VIC1,,6286.92,964.498,1067.963
2026-07-29 16:00:00,NSW1,,7883.82,1287.796,1420.958
2026-07-29 16:00:00,QLD1,,5748.83,1493.403,1857.211
2026-07-29 16:00:00,SA1,,1380.21,566.121,486.908
2026-07-29 16:00:00,TAS1,,1051.0,41.101,51.788
2026-07-29 16:00:00,VIC1,,6489.64,761.11,785.327
2026-07-29 16:30:00,NSW1,,8416.7,,649.663
2026-07-29 16:30:00,QLD1,,6274.87,,1136.672
2026-07-29 16:30:00,SA1,,1219.68,,388.087
2026-07-29 16:30:00,TAS1,,1126.0,,19.893
2026-07-29 16:30:00,VIC1,,6829.68,,497.27
2026-07-29 16:35:00,NSW1,8857.95,,,
2026-07-29 16:35:00,QLD1,6708.55,,,
2026-07-29 16:35:00,SA1,1432.83,,,
2026-07-29 16:35:00,TAS1,1190.59,,,
2026-07-29 16:35:00,VIC1,7276.05,,,
2026-07-29 16:40:00,NSW1,9090.02,,,
2026-07-29 16:40:00,QLD1,6756.16,,,
2026-07-29 16:40:00,SA1,1469.69,,,
2026-07-29 16:40:00,TAS1,1205.28,,,
2026-07-29 16:40:00,VIC1,7363.79,,,
2026-07-29 17:00:00,NSW1,,9257.09,,49.361
2026-07-29 17:00:00,QLD1,,6819.79,,399.452
2026-07-29 17:00:00,SA1,,1433.49,,248.032
2026-07-29 17:00:00,TAS1,,1182.0,,1.861
2026-07-29 17:00:00,VIC1,,7391.64,,146.564
2026-07-29 17:30:00,NSW1,,9912.59,,0.0
2026-07-29 17:30:00,QLD1,,7222.1,,87.328
2026-07-29 17:30:00,SA1,,1680.17,,30.171
2026-07-29 17:30:00,TAS1,,1245.0,,0.0
2026-07-29 17:30:00,VIC1,,7743.92,,34.309
2026-07-29 18:00:00,NSW1,,10567.63,0.0,0.0
2026-07-29 18:00:00,QLD1,,7597.47,8.306,0.0
2026-07-29 18:00:00,SA1,,1916.0,26.861,0.0
2026-07-29 18:00:00,TAS1,,1294.0,0.0,0.0
2026-07-29 18:00:00,VIC1,,8113.45,0.054,0.0
2026-07-29 18:30:00,NSW1,,10844.0,0.0,0.0
2026-07-29 18:30:00,QLD1,,7722.55,0.0,0.0
2026-07-29 18:30:00,SA1,,2085.76,0.128,0.0
2026-07-29 18:30:00,TAS1,,1306.0,0.0,0.0
2026-07-29 18:30:00,VIC1,,8268.33,0.0,0.0
2026-07-29 19:00:00,NSW1,,10855.33,,0.0
2026-07-29 19:00:00,QLD1,,7499.8,,0.0
2026-07-29 19:00:00,SA1,,2159.74,,0.0
2026-07-29 19:00:00,TAS1,,1328.0,,0.0
2026-07-29 19:00:00,VIC1,,8592.87,,0.0
2026-07-29 19:25:00,NSW1,10911.4,,,
2026-07-29 19:25:00,QLD1,7446.38,,,
2026-07-29 19:25:00,SA1,2130.91,,,
2026-07-29 19:25:00,TAS1,1344.91,,,
2026-07-29 19:25:00,VIC1,8431.22,,,
2026-07-29 19:30:00,NSW1,10875.25,10780.41,,0.0
2026-07-29 19:30:00,QLD1,7469.32,7389.38,,0.0
2026-07-29 19:30:00,SA1,2148.8,2124.71,,0.0
2026-07-29 19:30:00,TAS1,1340.93,1314.0,,0.0
2026-07-29 19:30:00,VIC1,8496.41,8410.39,,0.0
2026-07-29 20:00:00,NSW1,,10637.23,,0.0
2026-07-29 20:00:00,QLD1,,7289.58,,0.0
2026-07-29 20:00:00,SA1,,2119.95,,0.0
2026-07-29 20:00:00,TAS1,,1300.0,,0.0
2026-07-29 20:00:00,VIC1,,8272.98,,0.0
2026-07-29 20:30:00,NSW1,,10547.46,0.0,0.0
2026-07-29 20:30:00,QLD1,,7209.55,0.0,0.0
2026-07-29 20:30:00,SA1,,2100.51,0.0,0.0
2026-07-29 20:30:00,TAS1,,1289.0,0.0,0.0
2026-07-29 20:30:00,VIC1,,8100.64,0.0,0.0
2026-07-29 21:00:00,NSW1,,10356.66,0.0,0.0
2026-07-29 21:00:00,QLD1,,7191.55,0.0,0.0
2026-07-29 21:00:00,SA1,,2071.29,0.0,0.0
2026-07-29 21:00:00,TAS1,,1266.0,0.0,0.0
2026-07-29 21:00:00,VIC1,,7884.34,0.0,0.0
2026-07-29 21:30:00,NSW1,,10163.58,,0.0
2026-07-29 21:30:00,QLD1,,7081.28,,0.0
2026-07-29 21:30:00,SA1,,2011.05,,0.0
2026-07-29 21:30:00,TAS1,,1238.0,,0.0
2026-07-29 21:30:00,VIC1,,7661.15,,0.0
2026-07-29 21:35:00,NSW1,9937.39,,,
2026-07-29 21:35:00,QLD1,7033.0,,,
2026-07-29 21:35:00,SA1,1967.25,,,
2026-07-29 21:35:00,TAS1,1220.51,,,
2026-07-29 21:35:00,VIC1,7543.32,,,
2026-07-29 21:40:00,NSW1,9865.9,,,
2026-07-29 21:40:00,QLD1,6995.83,,,
2026-07-29 21:40:00,SA1,1920.02,,,
2026-07-29 21:40:00,TAS1,1202.2,,,
2026-07-29 21:40:00,VIC1,7512.86,,,
2026-07-29 22:00:00,NSW1,,9779.28,0.0,0.0
2026-07-29 22:00:00,QLD1,,6928.39,0.0,0.0
2026-07-29 22:00:00,SA1,,1942.03,0.0,0.0
2026-07-29 22:00:00,TAS1,,1186.0,0.0,0.0
2026-07-29 22:00:00,VIC1,,7354.95,0.0,0.0
2026-07-29 22:30:00,NSW1,,9508.7,0.0,0.0
2026-07-29 22:30:00,QLD1,,6685.23,0.0,0.0
2026-07-29 22:30:00,SA1,,1839.8,0.0,0.0
2026-07-29 22:30:00,TAS1,,1148.0,0.0,0.0
2026-07-29 22:30:00,VIC1,,7004.66,0.0,0.0
2026-07-29 23:00:00,NSW1,,9215.61,,0.0
2026-07-29 23:00:00,QLD1,,6489.97,,0.0
2026-07-29 23:00:00,SA1,,1689.92,,0.0
2026-07-29 23:00:00,TAS1,,1098.0,,0.0
2026-07-29 23:00:00,VIC1,,6657.15,,0.0
2026-07-29 23:15:00,NSW1,8944.79,,,
2026-07-29 23:15:00,QLD1,6270.34,,,
2026-07-29 23:15:00,SA1,1595.67,,,
2026-07-29 23:15:00,TAS1,1100.65,,,
2026-07-29 23:15:00,VIC1,6586.73,,,
2026-07-29 23:20:00,NSW1,8879.59,,,
2026-07-29 23:20:00,QLD1,6280.41,,,
2026-07-29 23:20:00,SA1,1599.11,,,
2026-07-29 23:20:00,TAS1,1089.81,,,
2026-07-29 23:20:00,VIC1,6540.64,,,
2026-07-29 23:30:00,NSW1,,8951.58,,0.0
2026-07-29 23:30:00,QLD1,,6279.6,,0.0
2026-07-29 23:30:00,SA1,,1599.73,,0.0
2026-07-29 23:30:00,TAS1,,1050.0,,0.0
2026-07-29 23:30:00,VIC1,,6522.34,,0.0
2026-07-30 00:00:00,NSW1,,8734.8,0.0,0.0
2026-07-30 00:00:00,QLD1,,6129.23,0.0,0.0
2026-07-30 00:00:00,SA1,,1582.1,0.0,0.0
2026-07-30 00:00:00,TAS1,,1030.0,0.0,0.0
2026-07-30 00:00:00,VIC1,,6363.67,0.0,0.0
2026-07-30 00:30:00,NSW1,,8582.11,0.0,0.0
2026-07-30 00:30:00,QLD1,,6004.5,0.0,0.0
2026-07-30 00:30:00,SA1,,1570.47,0.0,0.0
2026-07-30 00:30:00,TAS1,,1021.0,0.0,0.0
2026-07-30 00:30:00,VIC1,,6192.3,0.0,0.0
2026-07-30 01:00:00,NSW1,,8461.83,,0.0
2026-07-30 01:00:00,QLD1,,5864.31,,0.0
2026-07-30 01:00:00,SA1,,1558.19,,0.0
2026-07-30 01:00:00,TAS1,,999.0,,0.0
2026-07-30 01:00:00,VIC1,,6023.8,,0.0
2026-07-30 01:20:00,NSW1,8127.29,,,
2026-07-30 01:20:00,QLD1,5785.83,,,
2026-07-30 01:20:00,SA1,1514.88,,,
2026-07-30 01:20:00,TAS1,1036.83,,,
2026-07-30 01:20:00,VIC1,5879.42,,,
2026-07-30 01:25:00,NSW1,8056.38,,,
2026-07-30 01:25:00,QLD1,5747.52,,,
2026-07-30 01:25:00,SA1,1524.9,,,
2026-07-30 01:25:00,TAS1,1018.75,,,
2026-07-30 01:25:00,VIC1,5847.47,,,
2026-07-30 01:30:00,NSW1,,8255.1,0.0,0.0
2026-07-30 01:30:00,QLD1,,5776.79,0.0,0.0
2026-07-30 01:30:00,SA1,,1542.47,0.0,0.0
2026-07-30 01:30:00,TAS1,,994.0,0.0,0.0
2026-07-30 01:30:00,VIC1,,5827.29,0.0,0.0
2026-07-30 02:00:00,NSW1,,8050.13,0.0,0.0
2026-07-30 02:00:00,QLD1,,5719.5,0.0,0.0
2026-07-30 02:00:00,SA1,,1518.7,0.0,0.0
2026-07-30 02:00:00,TAS1,,991.0,0.0,0.0
2026-07-30 02:00:00,VIC1,,5652.69,0.0,0.0
2026-07-30 02:30:00,NSW1,,7788.53,0.0,0.0
2026-07-30 02:30:00,QLD1,,5658.96,0.0,0.0
2026-07-30 02:30:00,SA1,,1502.53,0.0,0.0
2026-07-30 02:30:00,TAS1,,1018.0,0.0,0.0
2026-07-30 02:30:00,VIC1,,5555.27,0.0,0.0
2026-07-30 02:40:00,NSW1,7736.88,,,
2026-07-30 02:40:00,QLD1,5663.21,,,
2026-07-30 02:40:00,SA1,1458.34,,,
2026-07-30 02:40:00,TAS1,1059.99,,,
2026-07-30 02:40:00,VIC1,5485.78,,,
2026-07-30 02:45:00,NSW1,7741.61,,,
2026-07-30 02:45:00,QLD1,5605.06,,,
2026-07-30 02:45:00,SA1,1453.44,,,
2026-07-30 02:45:00,TAS1,1060.34,,,
2026-07-30 02:45:00,VIC1,5419.1,,,
2026-07-30 03:00:00,NSW1,,7729.97,0.0,0.0
2026-07-30 03:00:00,QLD1,,5629.15,0.0,0.0
2026-07-30 03:00:00,SA1,,1461.31,0.0,0.0
2026-07-30 03:00:00,TAS1,,1034.0,0.0,0.0
2026-07-30 03:00:00,VIC1,,5488.63,0.0,0.0
2026-07-30 03:30:00,NSW1,,7611.21,,0.0
2026-07-30 03:30:00,QLD1,,5645.25,,0.0
2026-07-30 03:30:00,SA1,,1449.63,,0.0
2026-07-30 03:30:00,TAS1,,1039.0,,0.0
2026-07-30 03:30:00,VIC1,,5436.41,,0.0
2026-07-30 03:55:00,NSW1,7539.05,,,
2026-07-30 03:55:00,QLD1,5702.84,,,
2026-07-30 03:55:00,SA1,1469.67,,,
2026-07-30 03:55:00,TAS1,1063.44,,,
2026-07-30 03:55:00,VIC1,5322.4,,,
2026-07-30 04:00:00,NSW1,7622.78,7631.55,0.0,0.0
2026-07-30 04:00:00,QLD1,5700.74,5660.87,0.0,0.0
2026-07-30 04:00:00,SA1,1481.61,1438.46,0.0,0.0
2026-07-30 04:00:00,TAS1,1051.08,1049.0,0.0,0.0
2026-07-30 04:00:00,VIC1,5344.57,5366.36,0.0,0.0
2026-07-30 04:30:00,NSW1,,7701.16,0.0,0.0
2026-07-30 04:30:00,QLD1,,5758.48,0.0,0.0
2026-07-30 04:30:00,SA1,,1422.56,0.0,0.0
2026-07-30 04:30:00,TAS1,,1058.0,0.0,0.0
2026-07-30 04:30:00,VIC1,,5400.46,0.0,0.0
2026-07-30 05:00:00,NSW1,7979.13,7787.69,0.0,0.0
2026-07-30 05:00:00,QLD1,6065.0,5933.0,0.0,0.0
2026-07-30 05:00:00,SA1,1414.73,1409.22,0.0,0.0
2026-07-30 05:00:00,TAS1,1147.89,1074.0,0.0,0.0
2026-07-30 05:00:00,VIC1,5554.72,5470.3,0.0,0.0
2026-07-30 05:05:00,NSW1,8073.07,,,
2026-07-30 05:05:00,QLD1,6072.76,,,
2026-07-30 05:05:00,SA1,1425.42,,,
2026-07-30 05:05:00,TAS1,1136.83,,,
2026-07-30 05:05:00,VIC1,5585.17,,,
2026-07-30 05:30:00,NSW1,,8171.12,0.0,0.0
2026-07-30 05:30:00,QLD1,,6205.18,0.0,0.0
2026-07-30 05:30:00,SA1,,1401.42,0.0,0.0
2026-07-30 05:30:00,TAS1,,1141.0,0.0,0.0
2026-07-30 05:30:00,VIC1,,5713.99,0.0,0.0
2026-07-30 06:00:00,NSW1,,8574.58,0.0,0.0
2026-07-30 06:00:00,QLD1,,6530.13,0.0,0.0
2026-07-30 06:00:00,SA1,,1444.02,0.0,0.0
2026-07-30 06:00:00,TAS1,,1169.0,0.0,0.0
2026-07-30 06:00:00,VIC1,,6042.36,0.0,0.0
2026-07-30 06:10:00,NSW1,9276.65,,,
2026-07-30 06:10:00,QLD1,6828.76,,,
2026-07-30 06:10:00,SA1,1554.56,,,
2026-07-30 06:10:00,TAS1,1246.36,,,
2026-07-30 06:10:00,VIC1,6484.86,,,
2026-07-30 06:15:00,NSW1,9432.91,,,
2026-07-30 06:15:00,QLD1,6986.03,,,
2026-07-30 06:15:00,SA1,1539.3,,,
2026-07-30 06:15:00,TAS1,1259.61,,,
2026-07-30 06:15:00,VIC1,6597.82,,,
2026-07-30 06:30:00,NSW1,,9411.68,0.342,0.0
2026-07-30 06:30:00,QLD1,,6994.48,13.954,0.0
2026-07-30 06:30:00,SA1,,1499.8,0.0,0.0
2026-07-30 06:30:00,TAS1,,1230.0,0.0,0.0
2026-07-30 06:30:00,VIC1,,6572.35,0.0,0.0
2026-07-30 07:00:00,NSW1,,10157.84,67.8,0.0
2026-07-30 07:00:00,QLD1,,7323.22,212.932,75.803
2026-07-30 07:00:00,SA1,,1594.31,0.0,0.0
2026-07-30 07:00:00,TAS1,,1305.0,0.0,0.0
2026-07-30 07:00:00,VIC1,,7213.86,0.0,0.0
2026-07-30 07:10:00,NSW1,10681.98,,,
2026-07-30 07:10:00,QLD1,7549.21,,,
2026-07-30 07:10:00,SA1,1784.53,,,
2026-07-30 07:10:00,TAS1,1368.72,,,
2026-07-30 07:10:00,VIC1,7694.69,,,
2026-07-30 07:15:00,NSW1,10740.02,,,
2026-07-30 07:15:00,QLD1,7502.7,,,
2026-07-30 07:15:00,SA1,1818.9,,,
2026-07-30 07:15:00,TAS1,1386.27,,,
2026-07-30 07:15:00,VIC1,7858.94,,,
2026-07-30 07:30:00,NSW1,,10850.72,388.224,172.912
2026-07-30 07:30:00,QLD1,,7447.27,671.276,357.562
2026-07-30 07:30:00,SA1,,1737.78,0.023,0.0
2026-07-30 07:30:00,TAS1,,1370.0,0.666,0.0
2026-07-30 07:30:00,VIC1,,7773.2,33.577,0.0
2026-07-30 08:00:00,NSW1,,10933.69,932.163,588.581
2026-07-30 08:00:00,QLD1,,7190.19,1246.953,950.019
2026-07-30 08:00:00,SA1,,1893.99,42.575,0.0
2026-07-30 08:00:00,TAS1,,1420.0,3.337,5.717
2026-07-30 08:00:00,VIC1,,8346.14,186.175,64.73
2026-07-30 08:10:00,NSW1,10549.57,,,
2026-07-30 08:10:00,QLD1,6517.44,,,
2026-07-30 08:10:00,SA1,2103.18,,,
2026-07-30 08:10:00,TAS1,1445.96,,,
2026-07-30 08:10:00,VIC1,8347.5,,,
2026-07-30 08:15:00,NSW1,10394.29,,,
2026-07-30 08:15:00,QLD1,6414.17,,,
2026-07-30 08:15:00,SA1,2103.6,,,
2026-07-30 08:15:00,TAS1,1428.68,,,
2026-07-30 08:15:00,VIC1,8314.91,,,
2026-07-30 08:30:00,NSW1,,10421.12,1517.493,1231.371
2026-07-30 08:30:00,QLD1,,6469.15,1840.309,1566.889
2026-07-30 08:30:00,SA1,,1926.26,156.124,50.624
2026-07-30 08:30:00,TAS1,,1443.0,20.638,20.471
2026-07-30 08:30:00,VIC1,,8407.97,480.205,243.856
2026-07-30 09:00:00,NSW1,,9877.11,2086.826,1899.522
2026-07-30 09:00:00,QLD1,,5786.88,2399.568,2712.527
2026-07-30 09:00:00,SA1,,2029.02,318.021,163.99
2026-07-30 09:00:00,TAS1,,1403.0,39.667,40.733
2026-07-30 09:00:00,VIC1,,7945.79,774.037,506.64
2026-07-30 09:10:00,NSW1,9360.57,,,
2026-07-30 09:10:00,QLD1,5321.88,,,
2026-07-30 09:10:00,SA1,1811.51,,,
2026-07-30 09:10:00,TAS1,1365.14,,,
2026-07-30 09:10:00,VIC1,7750.89,,,
2026-07-30 09:15:00,NSW1,9255.49,,,
2026-07-30 09:15:00,QLD1,5194.13,,,
2026-07-30 09:15:00,SA1,1784.35,,,
2026-07-30 09:15:00,TAS1,1367.36,,,
2026-07-30 09:15:00,VIC1,7691.23,,,
2026-07-30 09:30:00,NSW1,,9272.61,2615.084,2774.787
2026-07-30 09:30:00,QLD1,,5234.07,2903.673,3322.26
2026-07-30 09:30:00,SA1,,1894.03,490.17,296.157
2026-07-30 09:30:00,TAS1,,1336.0,63.394,58.777
2026-07-30 09:30:00,VIC1,,7706.29,1019.026,815.589
2026-07-30 10:00:00,NSW1,,8623.56,,3315.868
2026-07-30 10:00:00,QLD1,,4829.16,,3831.85
2026-07-30 10:00:00,SA1,,1649.38,,506.764
2026-07-30 10:00:00,TAS1,,1324.0,,74.004
2026-07-30 10:00:00,VIC1,,7307.23,,1219.019
2026-07-30 10:05:00,NSW1,8169.33,,,
2026-07-30 10:05:00,QLD1,4514.06,,,
2026-07-30 10:05:00,SA1,1444.08,,,
2026-07-30 10:05:00,TAS1,1312.23,,,
2026-07-30 10:05:00,VIC1,7130.41,,,
2026-07-30 10:10:00,NSW1,8122.74,,,
2026-07-30 10:10:00,QLD1,4542.26,,,
2026-07-30 10:10:00,SA1,1420.47,,,
2026-07-30 10:10:00,TAS1,1302.0,,,
2026-07-30 10:10:00,VIC1,7243.71,,,
2026-07-30 10:30:00,NSW1,,8073.17,,3769.704
2026-07-30 10:30:00,QLD1,,4480.18,,4203.931
2026-07-30 10:30:00,SA1,,1428.42,,664.969
2026-07-30 10:30:00,TAS1,,1266.0,,92.235
2026-07-30 10:30:00,VIC1,,7015.89,,1421.035
2026-07-30 11:00:00,NSW1,,7602.13,,4102.936
2026-07-30 11:00:00,QLD1,,4210.28,,4484.223
2026-07-30 11:00:00,SA1,,1370.83,,780.207
2026-07-30 11:00:00,TAS1,,1228.0,,109.502
2026-07-30 11:00:00,VIC1,,6733.72,,1546.384
2026-07-30 11:30:00,NSW1,,7104.81,,4307.785
2026-07-30 11:30:00,QLD1,,3980.25,,4658.265
2026-07-30 11:30:00,SA1,,1333.0,,884.332
2026-07-30 11:30:00,TAS1,,1184.0,,123.288
2026-07-30 11:30:00,VIC1,,6587.49,,1615.612
2026-07-30 12:00:00,NSW1,,6709.18,4095.481,4406.11
2026-07-30 12:00:00,QLD1,,3834.57,4214.25,4735.085
2026-07-30 12:00:00,SA1,,1300.15,828.506,958.828
2026-07-30 12:00:00,TAS1,,1150.0,129.754,133.315
2026-07-30 12:00:00,VIC1,,6425.53,1647.038,1631.146
2026-07-30 12:30:00,NSW1,,6456.83,4081.642,4419.866
2026-07-30 12:30:00,QLD1,,3716.94,4153.034,4722.113
2026-07-30 12:30:00,SA1,,1266.2,840.747,996.451
2026-07-30 12:30:00,TAS1,,1130.0,135.202,139.302
2026-07-30 12:30:00,VIC1,,6305.44,1590.416,1603.565
2026-07-30 13:00:00,NSW1,,6549.14,,4367.397
2026-07-30 13:00:00,QLD1,,3886.5,,4632.533
2026-07-30 13:00:00,SA1,,1253.18,,906.056
2026-07-30 13:00:00,TAS1,,1078.0,,152.585
2026-07-30 13:00:00,VIC1,,6593.05,,1631.399
2026-07-30 13:25:00,NSW1,6560.49,,,
2026-07-30 13:25:00,QLD1,4150.63,,,
2026-07-30 13:25:00,SA1,1267.18,,,
2026-07-30 13:25:00,TAS1,1082.34,,,
2026-07-30 13:25:00,VIC1,6371.19,,,
2026-07-30 13:30:00,NSW1,6495.83,6614.61,,4071.96
2026-07-30 13:30:00,QLD1,4172.16,4037.08,,4362.11
2026-07-30 13:30:00,SA1,1208.42,1282.22,,897.49
2026-07-30 13:30:00,TAS1,1078.39,1086.0,,150.874
2026-07-30 13:30:00,VIC1,6218.02,6460.94,,1555.065
2026-07-30 14:00:00,NSW1,,6642.64,,3768.986
2026-07-30 14:00:00,QLD1,,4094.48,,4021.723
2026-07-30 14:00:00,SA1,,1239.85,,871.079
2026-07-30 14:00:00,TAS1,,1095.0,,139.731
2026-07-30 14:00:00,VIC1,,6410.13,,1383.924
2026-07-30 14:30:00,NSW1,,6712.16,,3350.801
2026-07-30 14:30:00,QLD1,,4210.39,,3580.151
2026-07-30 14:30:00,SA1,,1258.56,,810.556
2026-07-30 14:30:00,TAS1,,1120.0,,124.836
2026-07-30 14:30:00,VIC1,,6339.96,,1191.002
2026-07-30 15:00:00,NSW1,,7094.21,2496.673,2830.089
2026-07-30 15:00:00,QLD1,,4576.32,2520.984,3057.417
2026-07-30 15:00:00,SA1,,1289.44,691.848,725.307
2026-07-30 15:00:00,TAS1,,1133.0,78.829,105.293
2026-07-30 15:00:00,VIC1,,6421.69,1027.613,985.229
2026-07-30 15:30:00,NSW1,,7429.7,1947.574,2196.623
2026-07-30 15:30:00,QLD1,,5269.61,2000.939,2442.246
2026-07-30 15:30:00,SA1,,1238.25,594.113,623.375
2026-07-30 15:30:00,TAS1,,1104.0,60.769,81.639
2026-07-30 15:30:00,VIC1,,6461.54,785.156,774.277
2026-07-30 16:00:00,NSW1,8392.71,8046.93,,1473.767
2026-07-30 16:00:00,QLD1,6078.64,5826.67,,1780.016
2026-07-30 16:00:00,SA1,1333.97,1305.09,,513.897
2026-07-30 16:00:00,TAS1,1180.08,1116.0,,54.44
2026-07-30 16:00:00,VIC1,6984.71,6763.41,,639.254
2026-07-30 16:05:00,NSW1,8540.31,,,
2026-07-30 16:05:00,QLD1,6150.37,,,
2026-07-30 16:05:00,SA1,1355.44,,,
2026-07-30 16:05:00,TAS1,1175.95,,,
2026-07-30 16:05:00,VIC1,7104.24,,,
2026-07-30 16:30:00,NSW1,,8802.73,,663.556
2026-07-30 16:30:00,QLD1,,6355.57,,1102.901
2026-07-30 16:30:00,SA1,,1443.71,,368.845
2026-07-30 16:30:00,TAS1,,1161.0,,21.295
2026-07-30 16:30:00,VIC1,,7054.9,,372.405
2026-07-30 17:00:00,NSW1,,9688.05,,82.844
2026-07-30 17:00:00,QLD1,,6877.72,,421.241
2026-07-30 17:00:00,SA1,,1620.03,,230.759
2026-07-30 17:00:00,TAS1,,1230.0,,2.393
2026-07-30 17:00:00,VIC1,,7408.02,,24.538
2026-07-30 17:30:00,NSW1,,10482.26,26.881,0.0
2026-07-30 17:30:00,QLD1,,7307.71,93.702,96.412
2026-07-30 17:30:00,SA1,,1813.02,128.084,28.293
2026-07-30 17:30:00,TAS1,,1296.0,0.338,0.0
2026-07-30 17:30:00,VIC1,,7752.59,50.407,0.0
2026-07-30 18:00:00,NSW1,,11246.26,0.0,0.0
2026-07-30 18:00:00,QLD1,,7717.1,10.157,0.0
2026-07-30 18:00:00,SA1,,1999.96,26.46,0.0
2026-07-30 18:00:00,TAS1,,1349.0,0.0,0.0
2026-07-30 18:00:00,VIC1,,8090.91,0.077,0.0
2026-07-30 18:30:00,NSW1,,11304.47,,0.0
2026-07-30 18:30:00,QLD1,,7675.2,,0.0
2026-07-30 18:30:00,SA1,,2008.93,,0.0
2026-07-30 18:30:00,TAS1,,1374.0,,0.0
2026-07-30 18:30:00,VIC1,,8509.39,,0.0
2026-07-30 18:40:00,NSW1,11370.05,,,
2026-07-30 18:40:00,QLD1,7704.62,,,
2026-07-30 18:40:00,SA1,2166.7,,,
2026-07-30 18:40:00,TAS1,1382.15,,,
2026-07-30 18:40:00,VIC1,8553.83,,,
2026-07-30 18:45:00,NSW1,11340.25,,,
2026-07-30 18:45:00,QLD1,7652.41,,,
2026-07-30 18:45:00,SA1,2170.57,,,
2026-07-30 18:45:00,TAS1,1374.95,,,
2026-07-30 18:45:00,VIC1,8493.72,,,
2026-07-30 19:00:00,NSW1,,11270.15,,0.0
2026-07-30 19:00:00,QLD1,,7690.46,,0.0
2026-07-30 19:00:00,SA1,,2134.83,,0.0
2026-07-30 19:00:00,TAS1,,1376.0,,0.0
2026-07-30 19:00:00,VIC1,,8410.51,,0.0
2026-07-30 19:30:00,NSW1,,11210.01,0.0,0.0
2026-07-30 19:30:00,QLD1,,7566.8,0.0,0.0
2026-07-30 19:30:00,SA1,,2155.5,0.0,0.0
2026-07-30 19:30:00,TAS1,,1363.0,0.0,0.0
2026-07-30 19:30:00,VIC1,,8288.64,0.0,0.0
2026-07-30 20:00:00,NSW1,,11173.41,0.0,0.0
2026-07-30 20:00:00,QLD1,,7435.76,0.0,0.0
2026-07-30 20:00:00,SA1,,2152.35,0.0,0.0
2026-07-30 20:00:00,TAS1,,1350.0,0.0,0.0
2026-07-30 20:00:00,VIC1,,8159.56,0.0,0.0
2026-07-30 20:30:00,NSW1,,11174.32,,0.0
2026-07-30 20:30:00,QLD1,,7329.53,,0.0
2026-07-30 20:30:00,SA1,,2158.21,,0.0
2026-07-30 20:30:00,TAS1,,1343.0,,0.0
2026-07-30 20:30:00,VIC1,,8098.44,,0.0
2026-07-30 20:45:00,NSW1,10975.12,,,
2026-07-30 20:45:00,QLD1,7303.14,,,
2026-07-30 20:45:00,SA1,2106.41,,,
2026-07-30 20:45:00,TAS1,1330.66,,,
2026-07-30 20:45:00,VIC1,7912.97,,,
2026-07-30 20:50:00,NSW1,11075.21,,,
2026-07-30 20:50:00,QLD1,7276.69,,,
2026-07-30 20:50:00,SA1,2089.91,,,
2026-07-30 20:50:00,TAS1,1331.48,,,
2026-07-30 20:50:00,VIC1,7957.31,,,
2026-07-30 21:00:00,NSW1,,10932.05,0.0,0.0
2026-07-30 21:00:00,QLD1,,7209.87,0.0,0.0
2026-07-30 21:00:00,SA1,,2124.18,0.0,0.0
2026-07-30 21:00:00,TAS1,,1324.0,0.0,0.0
2026-07-30 21:00:00,VIC1,,7904.53,0.0,0.0
2026-07-30 21:30:00,NSW1,,10618.2,0.0,0.0
2026-07-30 21:30:00,QLD1,,7127.48,0.0,0.0
2026-07-30 21:30:00,SA1,,2064.95,0.0,0.0
2026-07-30 21:30:00,TAS1,,1301.0,0.0,0.0
2026-07-30 21:30:00,VIC1,,7647.36,0.0,0.0
2026-07-30 22:00:00,NSW1,,10234.5,,0.0
2026-07-30 22:00:00,QLD1,,7011.11,,0.0
2026-07-30 22:00:00,SA1,,1983.84,,0.0
2026-07-30 22:00:00,TAS1,,1243.0,,0.0
2026-07-30 22:00:00,VIC1,,7419.15,,0.0
2026-07-30 22:15:00,NSW1,10087.91,,,
2026-07-30 22:15:00,QLD1,6761.17,,,
2026-07-30 22:15:00,SA1,1866.15,,,
2026-07-30 22:15:00,TAS1,1227.25,,,
2026-07-30 22:15:00,VIC1,7188.96,,,
2026-07-30 22:20:00,NSW1,10060.5,,,
2026-07-30 22:20:00,QLD1,6780.75,,,
2026-07-30 22:20:00,SA1,1836.78,,,
2026-07-30 22:20:00,TAS1,1218.42,,,
2026-07-30 22:20:00,VIC1,7080.44,,,
2026-07-30 22:30:00,NSW1,,9995.0,,0.0
2026-07-30 22:30:00,QLD1,,6787.32,,0.0
2026-07-30 22:30:00,SA1,,1932.86,,0.0
2026-07-30 22:30:00,TAS1,,1203.0,,0.0
2026-07-30 22:30:00,VIC1,,7115.72,,0.0
2026-07-30 23:00:00,NSW1,,9666.3,,0.0
2026-07-30 23:00:00,QLD1,,6532.89,,0.0
2026-07-30 23:00:00,SA1,,1807.61,,0.0
2026-07-30 23:00:00,TAS1,,1167.0,,0.0
2026-07-30 23:00:00,VIC1,,6797.16,,0.0
2026-07-30 23:30:00,NSW1,,9362.8,0.0,0.0
2026-07-30 23:30:00,QLD1,,6285.58,0.0,0.0
2026-07-30 23:30:00,SA1,,1700.32,0.0,0.0
2026-07-30 23:30:00,TAS1,,1136.0,0.0,0.0
2026-07-30 23:30:00,VIC1,,6683.39,0.0,0.0
2026-07-31 00:00:00,NSW1,,9098.19,0.0,0.0
2026-07-31 00:00:00,QLD1,,6129.3,0.0,0.0
2026-07-31 00:00:00,SA1,,1664.63,0.0,0.0
2026-07-31 00:00:00,TAS1,,1112.0,0.0,0.0
2026-07-31 00:00:00,VIC1,,6507.48,0.0,0.0
2026-07-31 00:30:00,NSW1,8900.6,8879.24,,0.0
2026-07-31 00:30:00,QLD1,5978.53,6041.35,,0.0
2026-07-31 00:30:00,SA1,1604.95,1583.23,,0.0
2026-07-31 00:30:00,TAS1,1067.16,1064.0,,0.0
2026-07-31 00:30:00,VIC1,6217.41,6331.1,,0.0
2026-07-31 00:35:00,NSW1,8954.93,,,
2026-07-31 00:35:00,QLD1,5966.65,,,
2026-07-31 00:35:00,SA1,1590.61,,,
2026-07-31 00:35:00,TAS1,1069.5,,,
2026-07-31 00:35:00,VIC1,6296.88,,,
2026-07-31 01:00:00,NSW1,,8831.25,0.0,0.0
2026-07-31 01:00:00,QLD1,,5889.21,0.0,0.0
2026-07-31 01:00:00,SA1,,1604.75,0.0,0.0
2026-07-31 01:00:00,TAS1,,1033.0,0.0,0.0
2026-07-31 01:00:00,VIC1,,6138.65,0.0,0.0
2026-07-31 01:30:00,NSW1,,8611.12,0.0,0.0
2026-07-31 01:30:00,QLD1,,5787.65,0.0,0.0
2026-07-31 01:30:00,SA1,,1573.8,0.0,0.0
2026-07-31 01:30:00,TAS1,,1030.0,0.0,0.0
2026-07-31 01:30:00,VIC1,,5990.32,0.0,0.0
2026-07-31 02:00:00,NSW1,,8403.75,,0.0
2026-07-31 02:00:00,QLD1,,5704.92,,0.0
2026-07-31 02:00:00,SA1,,1535.62,,0.0
2026-07-31 02:00:00,TAS1,,1027.0,,0.0
2026-07-31 02:00:00,VIC1,,5854.53,,0.0
2026-07-31 02:10:00,NSW1,8312.7,,,
2026-07-31 02:10:00,QLD1,5674.76,,,
2026-07-31 02:10:00,SA1,1524.29,,,
2026-07-31 02:10:00,TAS1,1069.44,,,
2026-07-31 02:10:00,VIC1,5688.38,,,
2026-07-31 02:15:00,NSW1,8297.0,,,
2026-07-31 02:15:00,QLD1,5617.67,,,
2026-07-31 02:15:00,SA1,1514.55,,,
2026-07-31 02:15:00,TAS1,1065.59,,,
2026-07-31 02:15:00,VIC1,5754.2,,,
2026-07-31 02:30:00,NSW1,,8244.89,0.0,0.0
2026-07-31 02:30:00,QLD1,,5666.59,0.0,0.0
2026-07-31 02:30:00,SA1,,1503.76,0.0,0.0
2026-07-31 02:30:00,TAS1,,1030.0,0.0,0.0
2026-07-31 02:30:00,VIC1,,5698.41,0.0,0.0
2026-07-31 03:00:00,NSW1,,8084.67,0.0,0.0
2026-07-31 03:00:00,QLD1,,5632.79,0.0,0.0
2026-07-31 03:00:00,SA1,,1472.63,0.0,0.0
2026-07-31 03:00:00,TAS1,,1035.0,0.0,0.0
2026-07-31 03:00:00,VIC1,,5611.11,0.0,0.0
2026-07-31 03:30:00,NSW1,,7948.56,0.0,0.0
2026-07-31 03:30:00,QLD1,,5629.96,0.0,0.0
2026-07-31 03:30:00,SA1,,1466.48,0.0,0.0
2026-07-31 03:30:00,TAS1,,1044.0,0.0,0.0
2026-07-31 03:30:00,VIC1,,5560.64,0.0,0.0
2026-07-31 03:45:00,NSW1,8013.44,,,
2026-07-31 03:45:00,QLD1,5702.68,,,
2026-07-31 03:45:00,SA1,1419.4,,,
2026-07-31 03:45:00,TAS1,1071.59,,,
2026-07-31 03:45:00,VIC1,5559.74,,,
2026-07-31 03:50:00,NSW1,8036.06,,,
2026-07-31 03:50:00,QLD1,5735.78,,,
2026-07-31 03:50:00,SA1,1432.6,,,
2026-07-31 03:50:00,TAS1,1071.35,,,
2026-07-31 03:50:00,VIC1,5613.58,,,
2026-07-31 04:00:00,NSW1,,8056.21,0.0,0.0
2026-07-31 04:00:00,QLD1,,5670.3,0.0,0.0
2026-07-31 04:00:00,SA1,,1429.09,0.0,0.0
2026-07-31 04:00:00,TAS1,,1048.0,0.0,0.0
2026-07-31 04:00:00,VIC1,,5574.92,0.0,0.0
2026-07-31 04:30:00,NSW1,,8095.73,,0.0
2026-07-31 04:30:00,QLD1,,5794.61,,0.0
2026-07-31 04:30:00,SA1,,1402.84,,0.0
2026-07-31 04:30:00,TAS1,,1056.0,,0.0
2026-07-31 04:30:00,VIC1,,5590.11,,0.0
2026-07-31 05:00:00,NSW1,8335.79,8145.0,0.0,0.0
2026-07-31 05:00:00,QLD1,6039.96,5930.72,0.0,0.0
2026-07-31 05:00:00,SA1,1458.32,1426.25,0.0,0.0
2026-07-31 05:00:00,TAS1,1131.96,1078.0,0.0,0.0
2026-07-31 05:00:00,VIC1,5687.34,5703.92,0.0,0.0
2026-07-31 05:05:00,NSW1,8383.31,,,
2026-07-31 05:05:00,QLD1,6041.85,,,
2026-07-31 05:05:00,SA1,1467.65,,,
2026-07-31 05:05:00,TAS1,1136.38,,,
2026-07-31 05:05:00,VIC1,5812.62,,,
2026-07-31 05:30:00,NSW1,,8467.4,0.0,0.0
2026-07-31 05:30:00,QLD1,,6146.83,0.0,0.0
2026-07-31 05:30:00,SA1,,1438.26,0.0,0.0
2026-07-31 05:30:00,TAS1,,1110.0,0.0,0.0
2026-07-31 05:30:00,VIC1,,5935.1,0.0,0.0
2026-07-31 06:00:00,NSW1,,9026.69,,0.0
2026-07-31 06:00:00,QLD1,,6367.9,,0.0
2026-07-31 06:00:00,SA1,,1484.96,,0.0
2026-07-31 06:00:00,TAS1,,1169.0,,0.0
2026-07-31 06:00:00,VIC1,,6216.86,,0.0
2026-07-31 06:15:00,NSW1,9742.47,,,
2026-07-31 06:15:00,QLD1,6795.0,,,
2026-07-31 06:15:00,SA1,1527.09,,,
2026-07-31 06:15:00,TAS1,1287.89,,,
2026-07-31 06:15:00,VIC1,6763.34,,,
2026-07-31 06:20:00,NSW1,9857.15,,,
2026-07-31 06:20:00,QLD1,6818.13,,,
2026-07-31 06:20:00,SA1,1631.17,,,
2026-07-31 06:20:00,TAS1,1298.68,,,
2026-07-31 06:20:00,VIC1,6836.41,,,
2026-07-31 06:30:00,NSW1,,9793.43,0.622,0.0
2026-07-31 06:30:00,QLD1,,6761.26,11.883,0.0
2026-07-31 06:30:00,SA1,,1607.76,0.0,0.0
2026-07-31 06:30:00,TAS1,,1242.0,0.0,0.0
2026-07-31 06:30:00,VIC1,,6791.39,0.0,0.0
2026-07-31 07:00:00,NSW1,,10569.97,70.662,0.0
2026-07-31 07:00:00,QLD1,,7030.51,173.435,70.156
2026-07-31 07:00:00,SA1,,1721.41,0.0,0.0
2026-07-31 07:00:00,TAS1,,1310.0,0.0,0.0
2026-07-31 07:00:00,VIC1,,7369.66,0.0,0.0
2026-07-31 07:30:00,NSW1,11432.7,11052.33,384.245,178.576
2026-07-31 07:30:00,QLD1,7277.66,7224.66,560.489,325.732
2026-07-31 07:30:00,SA1,1944.24,1814.24,0.021,0.0
2026-07-31 07:30:00,TAS1,1472.42,1382.0,2.136,0.0
2026-07-31 07:30:00,VIC1,8297.39,8069.57,27.943,0.0
2026-07-31 07:35:00,NSW1,11357.67,,,
2026-07-31 07:35:00,QLD1,7187.85,,,
2026-07-31 07:35:00,SA1,1974.0,,,
2026-07-31 07:35:00,TAS1,1474.34,,,
2026-07-31 07:35:00,VIC1,8322.11,,,
2026-07-31 08:00:00,NSW1,,11451.51,921.333,613.319
2026-07-31 08:00:00,QLD1,,7071.33,1042.815,846.085
2026-07-31 08:00:00,SA1,,1935.53,47.144,0.0
2026-07-31 08:00:00,TAS1,,1464.0,14.418,6.758
2026-07-31 08:00:00,VIC1,,8658.54,213.683,67.507
2026-07-31 08:30:00,NSW1,,10754.8,1504.133,1268.884
2026-07-31 08:30:00,QLD1,,6652.95,1589.902,1413.935
2026-07-31 08:30:00,SA1,,2091.13,185.263,69.0
2026-07-31 08:30:00,TAS1,,1459.0,35.073,25.568
2026-07-31 08:30:00,VIC1,,8497.66,481.944,256.227
2026-07-31 08:40:00,NSW1,10255.48,,,
2026-07-31 08:40:00,QLD1,6091.9,,,
2026-07-31 08:40:00,SA1,2036.98,,,
2026-07-31 08:40:00,TAS1,1427.61,,,
2026-07-31 08:40:00,VIC1,8270.81,,,
2026-07-31 08:45:00,NSW1,10070.81,,,
2026-07-31 08:45:00,QLD1,6018.61,,,
2026-07-31 08:45:00,SA1,2003.31,,,
2026-07-31 08:45:00,TAS1,1412.71,,,
2026-07-31 08:45:00,VIC1,8205.5,,,
2026-07-31 09:00:00,NSW1,,10227.65,2076.387,1923.869
2026-07-31 09:00:00,QLD1,,6108.87,2210.295,2289.986
2026-07-31 09:00:00,SA1,,2058.73,378.279,219.431
2026-07-31 09:00:00,TAS1,,1387.0,58.733,52.236
2026-07-31 09:00:00,VIC1,,8235.32,772.747,562.147
2026-07-31 09:30:00,NSW1,,9398.21,,2722.747
2026-07-31 09:30:00,QLD1,,5451.81,,2846.591
2026-07-31 09:30:00,SA1,,1903.04,,400.822
2026-07-31 09:30:00,TAS1,,1337.0,,76.54
2026-07-31 09:30:00,VIC1,,7923.74,,855.249
2026-07-31 09:35:00,NSW1,8973.17,,,
2026-07-31 09:35:00,QLD1,5206.29,,,
2026-07-31 09:35:00,SA1,1625.9,,,
2026-07-31 09:35:00,TAS1,1313.76,,,
2026-07-31 09:35:00,VIC1,7681.98,,,
2026-07-31 09:40:00,NSW1,8947.45,,,
2026-07-31 09:40:00,QLD1,5095.12,,,
2026-07-31 09:40:00,SA1,1602.43,,,
2026-07-31 09:40:00,TAS1,1302.94,,,
2026-07-31 09:40:00,VIC1,7556.17,,,
2026-07-31 10:00:00,NSW1,,8860.11,3068.963,3299.48
2026-07-31 10:00:00,QLD1,,4965.29,3237.81,3346.569
2026-07-31 10:00:00,SA1,,1642.97,767.553,644.573
2026-07-31 10:00:00,TAS1,,1276.0,102.095,124.281
2026-07-31 10:00:00,VIC1,,7484.48,1286.414,1439.553
2026-07-31 10:30:00,NSW1,,8370.39,3435.165,3763.214
2026-07-31 10:30:00,QLD1,,4702.02,3591.797,3698.025
2026-07-31 10:30:00,SA1,,1460.2,932.318,837.3
2026-07-31 10:30:00,TAS1,,1229.0,119.463,146.319
2026-07-31 10:30:00,VIC1,,7100.17,1438.112,1721.511
2026-07-31 11:00:00,NSW1,,7906.99,,4021.356
2026-07-31 11:00:00,QLD1,,4342.74,,3885.555
2026-07-31 11:00:00,SA1,,1264.21,,1034.55
2026-07-31 11:00:00,TAS1,,1171.0,,155.991
2026-07-31 11:00:00,VIC1,,6825.55,,1931.684
2026-07-31 11:10:00,NSW1,7564.43,,,
2026-07-31 11:10:00,QLD1,4577.99,,,
2026-07-31 11:10:00,SA1,1104.64,,,
2026-07-31 11:10:00,TAS1,1172.9,,,
2026-07-31 11:10:00,VIC1,6697.18,,,
2026-07-31 11:15:00,NSW1,7447.25,,,
2026-07-31 11:15:00,QLD1,4580.01,,,
2026-07-31 11:15:00,SA1,1077.17,,,
2026-07-31 11:15:00,TAS1,1162.12,,,
2026-07-31 11:15:00,VIC1,6696.5,,,
2026-07-31 11:30:00,NSW1,,7407.22,,4366.204
2026-07-31 11:30:00,QLD1,,4331.6,,4115.6
2026-07-31 11:30:00,SA1,,1149.16,,1181.925
2026-07-31 11:30:00,TAS1,,1118.0,,169.807
2026-07-31 11:30:00,VIC1,,6569.71,,2084.317
2026-07-31 12:00:00,NSW1,,7052.69,,4463.162
2026-07-31 12:00:00,QLD1,,4338.36,,4150.411
2026-07-31 12:00:00,SA1,,1038.78,,1270.312
2026-07-31 12:00:00,TAS1,,1092.0,,174.013
2026-07-31 12:00:00,VIC1,,6271.36,,2186.334
2026-07-31 12:30:00,NSW1,,6647.34,,4503.509
2026-07-31 12:30:00,QLD1,,4302.77,,4094.029
2026-07-31 12:30:00,SA1,,920.99,,1312.777
2026-07-31 12:30:00,TAS1,,1074.0,,172.493
2026-07-31 12:30:00,VIC1,,5907.56,,2229.574
2026-07-31 13:00:00,NSW1,,6358.32,,4415.625
2026-07-31 13:00:00,QLD1,,4264.2,,3961.526
2026-07-31 13:00:00,SA1,,834.8,,1315.393
2026-07-31 13:00:00,TAS1,,1061.0,,165.671
2026-07-31 13:00:00,VIC1,,5674.69,,2214.595
2026-07-31 13:30:00,NSW1,,6228.19,3627.841,4182.244
2026-07-31 13:30:00,QLD1,,4304.28,2922.865,3720.604
2026-07-31 13:30:00,SA1,,784.45,1046.354,1274.092
2026-07-31 13:30:00,TAS1,,1061.0,131.513,153.431
2026-07-31 13:30:00,VIC1,,5583.68,1843.217,2105.209
2026-07-31 14:00:00,NSW1,,6254.75,3321.677,3910.359
2026-07-31 14:00:00,QLD1,,4409.91,2807.294,3385.351
2026-07-31 14:00:00,SA1,,777.64,1010.977,1195.441
2026-07-31 14:00:00,TAS1,,1065.0,120.437,134.221
2026-07-31 14:00:00,VIC1,,5585.12,1656.222,1993.896
2026-07-31 14:30:00,NSW1,,6797.11,,3265.271
2026-07-31 14:30:00,QLD1,,4775.56,,2852.166
2026-07-31 14:30:00,SA1,,1038.31,,1004.437
2026-07-31 14:30:00,TAS1,,1064.0,,123.522
2026-07-31 14:30:00,VIC1,,6084.95,,1800.399
2026-07-31 14:35:00,NSW1,6931.01,,,
2026-07-31 14:35:00,QLD1,4899.83,,,
2026-07-31 14:35:00,SA1,1042.5,,,
2026-07-31 14:35:00,TAS1,1074.34,,,
2026-07-31 14:35:00,VIC1,6011.76,,,
2026-07-31 14:40:00,NSW1,7015.9,,,
2026-07-31 14:40:00,QLD1,4977.17,,,
2026-07-31 14:40:00,SA1,1064.86,,,
2026-07-31 14:40:00,TAS1,1077.79,,,
2026-07-31 14:40:00,VIC1,6020.62,,,
2026-07-31 15:00:00,NSW1,,7069.93,,2750.933
2026-07-31 15:00:00,QLD1,,5034.15,,2508.719
2026-07-31 15:00:00,SA1,,1057.66,,813.868
2026-07-31 15:00:00,TAS1,,1065.0,,101.134
2026-07-31 15:00:00,VIC1,,6023.02,,1504.182
2026-07-31 15:30:00,NSW1,,7548.91,,2146.388
2026-07-31 15:30:00,QLD1,,5428.61,,1996.923
2026-07-31 15:30:00,SA1,,1152.2,,716.695
2026-07-31 15:30:00,TAS1,,1090.0,,77.166
2026-07-31 15:30:00,VIC1,,6168.78,,1233.862
2026-07-31 16:00:00,NSW1,,8149.04,1341.288,1482.328
2026-07-31 16:00:00,QLD1,,5907.35,1340.919,1452.504
2026-07-31 16:00:00,SA1,,1257.59,679.33,595.313
2026-07-31 16:00:00,TAS1,,1127.0,48.428,51.452
2026-07-31 16:00:00,VIC1,,6407.25,808.235,916.233
2026-07-31 16:30:00,NSW1,,8843.99,774.724,723.002
2026-07-31 16:30:00,QLD1,,6398.07,835.542,909.385
2026-07-31 16:30:00,SA1,,1388.38,507.05,452.353
2026-07-31 16:30:00,TAS1,,1169.0,26.276,19.533
2026-07-31 16:30:00,VIC1,,6729.41,547.405,575.871
2026-07-31 17:00:00,NSW1,,9650.16,,246.649
2026-07-31 17:00:00,QLD1,,6844.62,,375.937
2026-07-31 17:00:00,SA1,,1346.85,,368.323
2026-07-31 17:00:00,TAS1,,1146.0,,2.788
2026-07-31 17:00:00,VIC1,,7201.1,,188.769
2026-07-31 17:30:00,NSW1,10555.64,10295.41,,0.0
2026-07-31 17:30:00,QLD1,7336.83,7153.57,,88.45
2026-07-31 17:30:00,SA1,1729.06,1519.34,,124.956
2026-07-31 17:30:00,TAS1,1272.66,1209.0,,0.0
2026-07-31 17:30:00,VIC1,7870.86,7722.69,,51.306
2026-07-31 17:35:00,NSW1,10628.45,,,
2026-07-31 17:35:00,QLD1,7371.9,,,
2026-07-31 17:35:00,SA1,1714.21,,,
2026-07-31 17:35:00,TAS1,1277.97,,,
2026-07-31 17:35:00,VIC1,7985.34,,,
2026-07-31 18:00:00,NSW1,,10859.42,,0.0
2026-07-31 18:00:00,QLD1,,7451.66,,0.0
2026-07-31 18:00:00,SA1,,1786.57,,31.909
2026-07-31 18:00:00,TAS1,,1248.0,,0.0
2026-07-31 18:00:00,VIC1,,8028.33,,0.0
2026-07-31 18:30:00,NSW1,,11084.63,,0.0
2026-07-31 18:30:00,QLD1,,7555.75,,0.0
2026-07-31 18:30:00,SA1,,1989.87,,0.0
2026-07-31 18:30:00,TAS1,,1258.0,,0.0
2026-07-31 18:30:00,VIC1,,8136.19,,0.0
2026-07-31 19:00:00,NSW1,,11135.67,0.0,0.0
2026-07-31 19:00:00,QLD1,,7526.99,0.0,0.0
2026-07-31 19:00:00,SA1,,2087.0,0.0,0.0
2026-07-31 19:00:00,TAS1,,1259.0,0.0,0.0
2026-07-31 19:00:00,VIC1,,8136.83,0.0,0.0
2026-07-31 19:30:00,NSW1,,11068.44,0.0,0.0
2026-07-31 19:30:00,QLD1,,7417.34,0.0,0.0
2026-07-31 19:30:00,SA1,,2110.63,0.0,0.0
2026-07-31 19:30:00,TAS1,,1250.0,0.0,0.0
2026-07-31 19:30:00,VIC1,,8050.57,0.0,0.0
2026-07-31 20:00:00,NSW1,,10705.35,,0.0
2026-07-31 20:00:00,QLD1,,7306.18,,0.0
2026-07-31 20:00:00,SA1,,2100.02,,0.0
2026-07-31 20:00:00,TAS1,,1269.0,,0.0
2026-07-31 20:00:00,VIC1,,8040.78,,0.0
2026-07-31 20:05:00,NSW1,10616.55,,,
2026-07-31 20:05:00,QLD1,7253.63,,,
2026-07-31 20:05:00,SA1,2096.44,,,
2026-07-31 20:05:00,TAS1,1284.97,,,
2026-07-31 20:05:00,VIC1,8055.75,,,
2026-07-31 20:10:00,NSW1,10687.92,,,
2026-07-31 20:10:00,QLD1,7189.56,,,
2026-07-31 20:10:00,SA1,2094.85,,,
2026-07-31 20:10:00,TAS1,1290.06,,,
2026-07-31 20:10:00,VIC1,7972.85,,,
2026-07-31 20:30:00,NSW1,,10635.99,,0.0
2026-07-31 20:30:00,QLD1,,7172.3,,0.0
2026-07-31 20:30:00,SA1,,2075.84,,0.0
2026-07-31 20:30:00,TAS1,,1261.0,,0.0
2026-07-31 20:30:00,VIC1,,7959.24,,0.0
2026-07-31 21:00:00,NSW1,,10481.95,0.0,0.0
2026-07-31 21:00:00,QLD1,,7147.45,0.0,0.0
2026-07-31 21:00:00,SA1,,2052.07,0.0,0.0
2026-07-31 21:00:00,TAS1,,1248.0,0.0,0.0
2026-07-31 21:00:00,VIC1,,7784.81,0.0,0.0
2026-07-31 21:30:00,NSW1,,10269.51,0.0,0.0
2026-07-31 21:30:00,QLD1,,7139.27,0.0,0.0
2026-07-31 21:30:00,SA1,,2024.24,0.0,0.0
2026-07-31 21:30:00,TAS1,,1237.0,0.0,0.0
2026-07-31 21:30:00,VIC1,,7585.18,0.0,0.0
2026-07-31 22:00:00,NSW1,,10119.32,,0.0
2026-07-31 22:00:00,QLD1,,6991.49,,0.0
2026-07-31 22:00:00,SA1,,2001.12,,0.0
2026-07-31 22:00:00,TAS1,,1201.0,,0.0
2026-07-31 22:00:00,VIC1,,7446.37,,0.0
2026-07-31 22:10:00,NSW1,10003.82,,,
2026-07-31 22:10:00,QLD1,6814.55,,,
2026-07-31 22:10:00,SA1,1895.19,,,
2026-07-31 22:10:00,TAS1,1182.22,,,
2026-07-31 22:10:00,VIC1,7224.05,,,
2026-07-31 22:15:00,NSW1,9964.56,,,
2026-07-31 22:15:00,QLD1,6776.03,,,
2026-07-31 22:15:00,SA1,1880.68,,,
2026-07-31 22:15:00,TAS1,1174.1,,,
2026-07-31 22:15:00,VIC1,7200.22,,,
2026-07-31 22:30:00,NSW1,,9916.66,,0.0
2026-07-31 22:30:00,QLD1,,6789.41,,0.0
2026-07-31 22:30:00,SA1,,1952.0,,0.0
2026-07-31 22:30:00,TAS1,,1157.0,,0.0
2026-07-31 22:30:00,VIC1,,7208.43,,0.0
2026-07-31 23:00:00,NSW1,,9619.82,,0.0
2026-07-31 23:00:00,QLD1,,6541.46,,0.0
2026-07-31 23:00:00,SA1,,1840.2,,0.0
2026-07-31 23:00:00,TAS1,,1126.0,,0.0
2026-07-31 23:00:00,VIC1,,6904.57,,0.0
2026-07-31 23:30:00,NSW1,,9326.46,0.0,0.0
2026-07-31 23:30:00,QLD1,,6318.56,0.0,0.0
2026-07-31 23:30:00,SA1,,1721.35,0.0,0.0
2026-07-31 23:30:00,TAS1,,1094.0,0.0,0.0
2026-07-31 23:30:00,VIC1,,6768.79,0.0,0.0
2026-08-01 00:00:00,NSW1,,9064.26,0.0,0.0
2026-08-01 00:00:00,QLD1,,6169.36,0.0,0.0
2026-08-01 00:00:00,SA1,,1680.24,0.0,0.0
2026-08-01 00:00:00,TAS1,,1068.0,0.0,0.0
2026-08-01 00:00:00,VIC1,,6576.12,0.0,0.0
2026-08-01 00:30:00,NSW1,,8851.07,,0.0
2026-08-01 00:30:00,QLD1,,5999.19,,0.0
2026-08-01 00:30:00,SA1,,1620.82,,0.0
2026-08-01 00:30:00,TAS1,,1069.0,,0.0
2026-08-01 00:30:00,VIC1,,6464.66,,0.0
2026-08-01 00:35:00,NSW1,8955.41,,,
2026-08-01 00:35:00,QLD1,5906.06,,,
2026-08-01 00:35:00,SA1,1613.44,,,
2026-08-01 00:35:00,TAS1,1085.31,,,
2026-08-01 00:35:00,VIC1,6380.27,,,
2026-08-01 00:40:00,NSW1,8894.21,,,
2026-08-01 00:40:00,QLD1,5882.14,,,
2026-08-01 00:40:00,SA1,1632.73,,,
2026-08-01 00:40:00,TAS1,1084.06,,,
2026-08-01 00:40:00,VIC1,6361.33,,,
2026-08-01 01:00:00,NSW1,,8799.72,0.0,0.0
2026-08-01 01:00:00,QLD1,,5819.89,0.0,0.0
2026-08-01 01:00:00,SA1,,1625.7,0.0,0.0
2026-08-01 01:00:00,TAS1,,1059.0,0.0,0.0
2026-08-01 01:00:00,VIC1,,6293.85,0.0,0.0
2026-08-01 01:30:00,NSW1,,8556.07,0.0,0.0
2026-08-01 01:30:00,QLD1,,5716.8,0.0,0.0
2026-08-01 01:30:00,SA1,,1580.75,0.0,0.0
2026-08-01 01:30:00,TAS1,,1053.0,0.0,0.0
2026-08-01 01:30:00,VIC1,,6107.6,0.0,0.0
2026-08-01 02:00:00,NSW1,,8232.29,,0.0
2026-08-01 02:00:00,QLD1,,5634.9,,0.0
2026-08-01 02:00:00,SA1,,1546.06,,0.0
2026-08-01 02:00:00,TAS1,,1041.0,,0.0
2026-08-01 02:00:00,VIC1,,5941.66,,0.0
2026-08-01 02:15:00,NSW1,8023.28,,,
2026-08-01 02:15:00,QLD1,5506.65,,,
2026-08-01 02:15:00,SA1,1502.56,,,
2026-08-01 02:15:00,TAS1,1057.39,,,
2026-08-01 02:15:00,VIC1,5726.97,,,
2026-08-01 02:20:00,NSW1,8027.22,,,
2026-08-01 02:20:00,QLD1,5488.84,,,
2026-08-01 02:20:00,SA1,1489.88,,,
2026-08-01 02:20:00,TAS1,1059.28,,,
2026-08-01 02:20:00,VIC1,5708.97,,,
2026-08-01 02:30:00,NSW1,,8005.01,0.0,0.0
2026-08-01 02:30:00,QLD1,,5551.03,0.0,0.0
2026-08-01 02:30:00,SA1,,1527.23,0.0,0.0
2026-08-01 02:30:00,TAS1,,1036.0,0.0,0.0
2026-08-01 02:30:00,VIC1,,5773.92,0.0,0.0
2026-08-01 03:00:00,NSW1,,7851.24,0.0,0.0
2026-08-01 03:00:00,QLD1,,5529.09,0.0,0.0
2026-08-01 03:00:00,SA1,,1485.26,0.0,0.0
2026-08-01 03:00:00,TAS1,,1039.0,0.0,0.0
2026-08-01 03:00:00,VIC1,,5663.02,0.0,0.0
2026-08-01 03:30:00,NSW1,,7724.91,,0.0
2026-08-01 03:30:00,QLD1,,5511.39,,0.0
2026-08-01 03:30:00,SA1,,1468.26,,0.0
2026-08-01 03:30:00,TAS1,,1042.0,,0.0
2026-08-01 03:30:00,VIC1,,5591.76,,0.0
2026-08-01 03:55:00,NSW1,7712.71,,,
2026-08-01 03:55:00,QLD1,5511.97,,,
2026-08-01 03:55:00,SA1,1464.38,,,
2026-08-01 03:55:00,TAS1,1054.49,,,
2026-08-01 03:55:00,VIC1,5520.62,,,
2026-08-01 04:00:00,NSW1,7642.53,7721.16,0.0,0.0
2026-08-01 04:00:00,QLD1,5538.49,5507.42,0.0,0.0
2026-08-01 04:00:00,SA1,1452.83,1466.12,0.0,0.0
2026-08-01 04:00:00,TAS1,1053.66,1033.0,0.0,0.0
2026-08-01 04:00:00,VIC1,5484.42,5538.02,0.0,0.0
2026-08-01 04:30:00,NSW1,,7704.46,0.0,0.0
2026-08-01 04:30:00,QLD1,,5554.15,0.0,0.0
2026-08-01 04:30:00,SA1,,1443.71,0.0,0.0
2026-08-01 04:30:00,TAS1,,1040.0,0.0,0.0
2026-08-01 04:30:00,VIC1,,5540.43,0.0,0.0
2026-08-01 05:00:00,NSW1,,7725.84,,0.0
2026-08-01 05:00:00,QLD1,,5598.66,,0.0
2026-08-01 05:00:00,SA1,,1438.3,,0.0
2026-08-01 05:00:00,TAS1,,1036.0,,0.0
2026-08-01 05:00:00,VIC1,,5602.53,,0.0
2026-08-01 05:15:00,NSW1,7851.7,,,
2026-08-01 05:15:00,QLD1,5660.26,,,
2026-08-01 05:15:00,SA1,1412.92,,,
2026-08-01 05:15:00,TAS1,1077.46,,,
2026-08-01 05:15:00,VIC1,5719.33,,,
2026-08-01 05:20:00,NSW1,7880.25,,,
2026-08-01 05:20:00,QLD1,5698.59,,,
2026-08-01 05:20:00,SA1,1411.2,,,
2026-08-01 05:20:00,TAS1,1081.34,,,
2026-08-01 05:20:00,VIC1,5645.1,,,
2026-08-01 05:30:00,NSW1,,7851.92,0.0,0.0
2026-08-01 05:30:00,QLD1,,5696.44,0.0,0.0
2026-08-01 05:30:00,SA1,,1425.19,0.0,0.0
2026-08-01 05:30:00,TAS1,,1051.0,0.0,0.0
2026-08-01 05:30:00,VIC1,,5707.91,0.0,0.0
2026-08-01 06:00:00,NSW1,,8035.88,0.0,0.0
2026-08-01 06:00:00,QLD1,,5824.07,0.0,0.0
2026-08-01 06:00:00,SA1,,1439.07,0.0,0.0
2026-08-01 06:00:00,TAS1,,1065.0,0.0,0.0
2026-08-01 06:00:00,VIC1,,5848.59,0.0,0.0
2026-08-01 06:30:00,NSW1,,8310.85,0.836,0.0
2026-08-01 06:30:00,QLD1,,6024.59,13.808,0.0
2026-08-01 06:30:00,SA1,,1443.37,0.0,0.0
2026-08-01 06:30:00,TAS1,,1107.0,0.0,0.0
2026-08-01 06:30:00,VIC1,,6090.11,0.0,0.0
2026-08-01 06:35:00,NSW1,8601.59,,,
2026-08-01 06:35:00,QLD1,6122.12,,,
2026-08-01 06:35:00,SA1,1487.6,,,
2026-08-01 06:35:00,TAS1,1148.35,,,
2026-08-01 06:35:00,VIC1,6200.34,,,
2026-08-01 06:40:00,NSW1,8658.13,,,
2026-08-01 06:40:00,QLD1,6180.8,,,
2026-08-01 06:40:00,SA1,1460.56,,,
2026-08-01 06:40:00,TAS1,1147.68,,,
2026-08-01 06:40:00,VIC1,6348.6,,,
2026-08-01 07:00:00,NSW1,,8715.1,67.857,0.0
2026-08-01 07:00:00,QLD1,,6133.44,170.232,81.931
2026-08-01 07:00:00,SA1,,1480.21,0.0,0.0
2026-08-01 07:00:00,TAS1,,1143.0,0.0,0.0
2026-08-01 07:00:00,VIC1,,6431.85,0.0,0.0
2026-08-01 07:30:00,NSW1,,9180.26,362.812,168.625
2026-08-01 07:30:00,QLD1,,6185.26,573.151,320.547
2026-08-01 07:30:00,SA1,,1515.5,0.136,0.0
2026-08-01 07:30:00,TAS1,,1155.0,2.218,0.0
2026-08-01 07:30:00,VIC1,,6751.16,38.31,0.0
2026-08-01 07:35:00,NSW1,9422.53,,,
2026-08-01 07:35:00,QLD1,6180.55,,,
2026-08-01 07:35:00,SA1,1631.53,,,
2026-08-01 07:35:00,TAS1,1224.9,,,
2026-08-01 07:35:00,VIC1,6901.67,,,
2026-08-01 07:40:00,NSW1,9356.11,,,
2026-08-01 07:40:00,QLD1,6158.84,,,
2026-08-01 07:40:00,SA1,1633.18,,,
2026-08-01 07:40:00,TAS1,1236.02,,,
2026-08-01 07:40:00,VIC1,7044.82,,,
2026-08-01 08:00:00,NSW1,,9388.47,808.676,569.683
2026-08-01 08:00:00,QLD1,,6102.37,996.208,808.012
2026-08-01 08:00:00,SA1,,1610.4,50.997,0.0
2026-08-01 08:00:00,TAS1,,1204.0,14.211,6.376
2026-08-01 08:00:00,VIC1,,7002.77,247.674,79.053
2026-08-01 08:30:00,NSW1,,9215.4,1283.589,1128.926
2026-08-01 08:30:00,QLD1,,5819.96,1438.789,1303.876
2026-08-01 08:30:00,SA1,,1689.23,195.053,79.381
2026-08-01 08:30:00,TAS1,,1250.0,33.548,21.529
2026-08-01 08:30:00,VIC1,,7311.62,579.073,307.402
2026-08-01 08:40:00,NSW1,9127.79,,,
2026-08-01 08:40:00,QLD1,5481.41,,,
2026-08-01 08:40:00,SA1,1663.87,,,
2026-08-01 08:40:00,TAS1,1273.33,,,
2026-08-01 08:40:00,VIC1,7019.95,,,
2026-08-01 08:45:00,NSW1,8984.34,,,
2026-08-01 08:45:00,QLD1,5396.77,,,
2026-08-01 08:45:00,SA1,1631.02,,,
2026-08-01 08:45:00,TAS1,1260.26,,,
2026-08-01 08:45:00,VIC1,6913.67,,,
2026-08-01 09:00:00,NSW1,,9202.89,1725.993,1615.398
2026-08-01 09:00:00,QLD1,,5393.51,1876.614,2084.522
2026-08-01 09:00:00,SA1,,1657.31,392.975,261.186
2026-08-01 09:00:00,TAS1,,1249.0,55.149,41.628
2026-08-01 09:00:00,VIC1,,7108.9,944.101,670.468
2026-08-01 09:30:00,NSW1,,8650.01,,2029.196
2026-08-01 09:30:00,QLD1,,5042.58,,2622.389
2026-08-01 09:30:00,SA1,,1539.48,,481.547
2026-08-01 09:30:00,TAS1,,1216.0,,67.475
2026-08-01 09:30:00,VIC1,,6725.74,,1094.69
2026-08-01 09:35:00,NSW1,8524.28,,,
2026-08-01 09:35:00,QLD1,4918.1,,,
2026-08-01 09:35:00,SA1,1348.13,,,
2026-08-01 09:35:00,TAS1,1198.07,,,
2026-08-01 09:35:00,VIC1,6314.85,,,
2026-08-01 09:40:00,NSW1,8514.26,,,
2026-08-01 09:40:00,QLD1,4917.81,,,
2026-08-01 09:40:00,SA1,1298.2,,,
2026-08-01 09:40:00,TAS1,1192.91,,,
2026-08-01 09:40:00,VIC1,6261.53,,,
2026-08-01 10:00:00,NSW1,,8379.63,2436.573,2437.621
2026-08-01 10:00:00,QLD1,,4798.08,2587.417,3018.022
2026-08-01 10:00:00,SA1,,1329.27,796.249,706.364
2026-08-01 10:00:00,TAS1,,1172.0,97.145,100.644
2026-08-01 10:00:00,VIC1,,6191.75,1630.546,1855.496
2026-08-01 10:30:00,NSW1,,8071.62,2598.427,2805.853
2026-08-01 10:30:00,QLD1,,4549.27,2720.122,3314.727
2026-08-01 10:30:00,SA1,,1188.97,975.524,924.532
2026-08-01 10:30:00,TAS1,,1149.0,109.785,115.634
2026-08-01 10:30:00,VIC1,,5752.68,1924.339,2203.473
2026-08-01 11:00:00,NSW1,,7923.33,,3009.554
2026-08-01 11:00:00,QLD1,,4375.39,,3462.795
2026-08-01 11:00:00,SA1,,977.68,,1113.919
2026-08-01 11:00:00,TAS1,,1076.0,,138.161
2026-08-01 11:00:00,VIC1,,5261.24,,2459.871
2026-08-01 11:10:00,NSW1,7826.47,,,
2026-08-01 11:10:00,QLD1,4627.03,,,
2026-08-01 11:10:00,SA1,869.53,,,
2026-08-01 11:10:00,TAS1,1041.05,,,
2026-08-01 11:10:00,VIC1,4922.61,,,
2026-08-01 11:15:00,NSW1,7899.43,,,
2026-08-01 11:15:00,QLD1,4570.73,,,
2026-08-01 11:15:00,SA1,841.85,,,
2026-08-01 11:15:00,TAS1,1032.98,,,
2026-08-01 11:15:00,VIC1,4892.2,,,
2026-08-01 11:30:00,NSW1,,7718.42,,3226.685
2026-08-01 11:30:00,QLD1,,4436.67,,3639.01
2026-08-01 11:30:00,SA1,,898.9,,1262.32
2026-08-01 11:30:00,TAS1,,1052.0,,151.107
2026-08-01 11:30:00,VIC1,,4776.16,,2662.822
2026-08-01 12:00:00,NSW1,,7505.38,,3339.111
2026-08-01 12:00:00,QLD1,,4364.41,,3716.44
2026-08-01 12:00:00,SA1,,793.03,,1364.601
2026-08-01 12:00:00,TAS1,,1031.0,,148.016
2026-08-01 12:00:00,VIC1,,4446.7,,2791.676
2026-08-01 12:30:00,NSW1,,7183.24,,3376.141
2026-08-01 12:30:00,QLD1,,4233.82,,3693.739
2026-08-01 12:30:00,SA1,,584.6,,1427.958
2026-08-01 12:30:00,TAS1,,1015.0,,144.702
2026-08-01 12:30:00,VIC1,,4029.21,,2857.858
2026-08-01 13:00:00,NSW1,,6930.69,,3292.847
2026-08-01 13:00:00,QLD1,,4124.71,,3567.569
2026-08-01 13:00:00,SA1,,459.09,,1449.24
2026-08-01 13:00:00,TAS1,,1002.0,,137.587
2026-08-01 13:00:00,VIC1,,3782.3,,2839.761
2026-08-01 13:30:00,NSW1,,6850.85,2680.16,3125.291
2026-08-01 13:30:00,QLD1,,4091.05,2507.927,3354.373
2026-08-01 13:30:00,SA1,,405.1,1291.933,1427.725
2026-08-01 13:30:00,TAS1,,1002.0,100.19,127.425
2026-08-01 13:30:00,VIC1,,3742.75,2397.816,2744.779
2026-08-01 14:00:00,NSW1,,7357.47,2458.796,2902.815
2026-08-01 14:00:00,QLD1,,4641.3,2280.506,3084.755
2026-08-01 14:00:00,SA1,,617.98,1268.314,1426.178
2026-08-01 14:00:00,TAS1,,990.0,86.588,108.191
2026-08-01 14:00:00,VIC1,,3897.16,2236.117,2591.161
2026-08-01 14:30:00,NSW1,7393.64,7465.6,,2311.936
2026-08-01 14:30:00,QLD1,4952.45,4858.61,,2610.205
2026-08-01 14:30:00,SA1,517.6,579.31,,1235.85
2026-08-01 14:30:00,TAS1,1016.22,1009.0,,98.968
2026-08-01 14:30:00,VIC1,3915.89,3931.93,,2421.775
2026-08-01 14:35:00,NSW1,7482.38,,,
2026-08-01 14:35:00,QLD1,5047.44,,,
2026-08-01 14:35:00,SA1,525.78,,,
2026-08-01 14:35:00,TAS1,1023.97,,,
2026-08-01 14:35:00,VIC1,3943.67,,,
2026-08-01 15:00:00,NSW1,,7680.71,,1915.789
2026-08-01 15:00:00,QLD1,,5115.4,,2156.355
2026-08-01 15:00:00,SA1,,630.76,,1129.722
2026-08-01 15:00:00,TAS1,,1031.0,,82.992
2026-08-01 15:00:00,VIC1,,4118.87,,2126.604
2026-08-01 15:30:00,NSW1,,8051.32,,1524.451
2026-08-01 15:30:00,QLD1,,5412.19,,1704.699
2026-08-01 15:30:00,SA1,,715.88,,975.988
2026-08-01 15:30:00,TAS1,,1054.0,,61.725
2026-08-01 15:30:00,VIC1,,4407.12,,1754.74
2026-08-01 16:00:00,NSW1,,8505.25,1149.024,1083.164
2026-08-01 16:00:00,QLD1,,5763.73,977.372,1222.729
2026-08-01 16:00:00,SA1,,817.43,775.284,803.467
2026-08-01 16:00:00,TAS1,,1085.0,37.147,41.352
2026-08-01 16:00:00,VIC1,,4830.11,1040.793,1314.503
2026-08-01 16:30:00,NSW1,,8582.19,692.377,539.305
2026-08-01 16:30:00,QLD1,,6299.89,635.374,742.468
2026-08-01 16:30:00,SA1,,866.58,577.821,601.741
2026-08-01 16:30:00,TAS1,,1102.0,20.438,13.768
2026-08-01 16:30:00,VIC1,,5213.47,666.35,832.427
2026-08-01 17:00:00,NSW1,9620.29,9196.95,,48.772
2026-08-01 17:00:00,QLD1,6878.21,6742.42,,250.125
2026-08-01 17:00:00,SA1,1223.24,1019.99,,382.941
2026-08-01 17:00:00,TAS1,1233.21,1170.0,,1.726
2026-08-01 17:00:00,VIC1,6214.57,5651.63,,281.781
2026-08-01 17:05:00,NSW1,9614.23,,,
2026-08-01 17:05:00,QLD1,6926.82,,,
2026-08-01 17:05:00,SA1,1277.54,,,
2026-08-01 17:05:00,TAS1,1250.19,,,
2026-08-01 17:05:00,VIC1,6211.39,,,
2026-08-01 17:30:00,NSW1,,9715.74,,0.0
2026-08-01 17:30:00,QLD1,,7081.41,,46.879
2026-08-01 17:30:00,SA1,,1352.58,,64.762
2026-08-01 17:30:00,TAS1,,1225.0,,0.0
2026-08-01 17:30:00,VIC1,,6187.24,,81.959
2026-08-01 18:00:00,NSW1,,10257.4,0.0,0.0
2026-08-01 18:00:00,QLD1,,7368.63,8.179,0.0
2026-08-01 18:00:00,SA1,,1638.31,40.467,12.754
2026-08-01 18:00:00,TAS1,,1269.0,0.0,0.0
2026-08-01 18:00:00,VIC1,,6751.77,0.186,0.0
2026-08-01 18:30:00,NSW1,,10477.69,0.0,0.0
2026-08-01 18:30:00,QLD1,,7443.47,0.0,0.0
2026-08-01 18:30:00,SA1,,1830.0,0.246,0.0
2026-08-01 18:30:00,TAS1,,1285.0,0.0,0.0
2026-08-01 18:30:00,VIC1,,7086.74,0.0,0.0
2026-08-01 19:00:00,NSW1,,10369.38,,0.0
2026-08-01 19:00:00,QLD1,,7203.68,,0.0
2026-08-01 19:00:00,SA1,,1884.09,,0.0
2026-08-01 19:00:00,TAS1,,1270.0,,0.0
2026-08-01 19:00:00,VIC1,,7249.91,,0.0
2026-08-01 19:10:00,NSW1,10299.4,,,
2026-08-01 19:10:00,QLD1,7089.2,,,
2026-08-01 19:10:00,SA1,1957.83,,,
2026-08-01 19:10:00,TAS1,1275.18,,,
2026-08-01 19:10:00,VIC1,7234.56,,,
2026-08-01 19:15:00,NSW1,10234.21,,,
2026-08-01 19:15:00,QLD1,7108.32,,,
2026-08-01 19:15:00,SA1,1955.68,,,
2026-08-01 19:15:00,TAS1,1276.06,,,
2026-08-01 19:15:00,VIC1,7205.15,,,
2026-08-01 19:30:00,NSW1,,10291.23,0.0,0.0
2026-08-01 19:30:00,QLD1,,7058.17,0.0,0.0
2026-08-01 19:30:00,SA1,,1948.98,0.0,0.0
2026-08-01 19:30:00,TAS1,,1266.0,0.0,0.0
2026-08-01 19:30:00,VIC1,,7195.06,0.0,0.0
2026-08-01 20:00:00,NSW1,,10164.21,0.0,0.0
2026-08-01 20:00:00,QLD1,,6977.54,0.0,0.0
2026-08-01 20:00:00,SA1,,1928.76,0.0,0.0
2026-08-01 20:00:00,TAS1,,1250.0,0.0,0.0
2026-08-01 20:00:00,VIC1,,7084.86,0.0,0.0
2026-08-01 20:30:00,NSW1,,10088.28,0.0,0.0
2026-08-01 20:30:00,QLD1,,6868.18,0.0,0.0
2026-08-01 20:30:00,SA1,,1933.28,0.0,0.0
2026-08-01 20:30:00,TAS1,,1232.0,0.0,0.0
2026-08-01 20:30:00,VIC1,,7030.47,0.0,0.0
2026-08-01 20:45:00,NSW1,9960.92,,,
2026-08-01 20:45:00,QLD1,6927.11,,,
2026-08-01 20:45:00,SA1,1934.28,,,
2026-08-01 20:45:00,TAS1,1226.33,,,
2026-08-01 20:45:00,VIC1,6885.31,,,
2026-08-01 20:50:00,NSW1,9983.14,,,
2026-08-01 20:50:00,QLD1,6838.88,,,
2026-08-01 20:50:00,SA1,1941.63,,,
2026-08-01 20:50:00,TAS1,1236.59,,,
2026-08-01 20:50:00,VIC1,6813.8,,,
2026-08-01 21:00:00,NSW1,,9952.35,0.0,0.0
2026-08-01 21:00:00,QLD1,,6697.09,0.0,0.0
2026-08-01 21:00:00,SA1,,1935.73,0.0,0.0
2026-08-01 21:00:00,TAS1,,1215.0,0.0,0.0
2026-08-01 21:00:00,VIC1,,6911.4,0.0,0.0
2026-08-01 21:30:00,NSW1,,9775.75,0.0,0.0
2026-08-01 21:30:00,QLD1,,6769.29,0.0,0.0
2026-08-01 21:30:00,SA1,,1931.56,0.0,0.0
2026-08-01 21:30:00,TAS1,,1200.0,0.0,0.0
2026-08-01 21:30:00,VIC1,,6711.68,0.0,0.0
2026-08-01 21:50:00,NSW1,9543.59,,,
2026-08-01 21:50:00,QLD1,6656.88,,,
2026-08-01 21:50:00,SA1,1853.5,,,
2026-08-01 21:50:00,TAS1,1193.93,,,
2026-08-01 21:50:00,VIC1,6601.72,,,
2026-08-01 21:55:00,NSW1,9513.87,,,
2026-08-01 21:55:00,QLD1,6651.15,,,
2026-08-01 21:55:00,SA1,1821.12,,,
2026-08-01 21:55:00,TAS1,1190.83,,,
2026-08-01 21:55:00,VIC1,6525.65,,,
2026-08-01 22:00:00,NSW1,,9518.01,0.0,0.0
2026-08-01 22:00:00,QLD1,,6669.02,0.0,0.0
2026-08-01 22:00:00,SA1,,1878.6,0.0,0.0
2026-08-01 22:00:00,TAS1,,1168.0,0.0,0.0
2026-08-01 22:00:00,VIC1,,6627.75,0.0,0.0
2026-08-01 22:30:00,NSW1,,9387.39,,0.0
2026-08-01 22:30:00,QLD1,,6518.3,,0.0
2026-08-01 22:30:00,SA1,,1829.93,,0.0
2026-08-01 22:30:00,TAS1,,1147.0,,0.0
2026-08-01 22:30:00,VIC1,,6373.18,,0.0
2026-08-01 22:40:00,NSW1,9333.78,,,
2026-08-01 22:40:00,QLD1,6249.07,,,
2026-08-01 22:40:00,SA1,1746.7,,,
2026-08-01 22:40:00,TAS1,1137.34,,,
2026-08-01 22:40:00,VIC1,6248.63,,,
2026-08-01 22:45:00,NSW1,9277.35,,,
2026-08-01 22:45:00,QLD1,6289.69,,,
2026-08-01 22:45:00,SA1,1738.83,,,
2026-08-01 22:45:00,TAS1,1129.24,,,
2026-08-01 22:45:00,VIC1,6191.38,,,
2026-08-01 23:00:00,NSW1,,9199.45,0.0,0.0
2026-08-01 23:00:00,QLD1,,6305.82,0.0,0.0
2026-08-01 23:00:00,SA1,,1740.11,0.0,0.0
2026-08-01 23:00:00,TAS1,,1109.0,0.0,0.0
2026-08-01 23:00:00,VIC1,,6170.65,0.0,0.0
2026-08-01 23:30:00,NSW1,,8939.8,0.0,0.0
2026-08-01 23:30:00,QLD1,,6133.63,0.0,0.0
2026-08-01 23:30:00,SA1,,1657.61,0.0,0.0
2026-08-01 23:30:00,TAS1,,1086.0,0.0,0.0
2026-08-01 23:30:00,VIC1,,6118.91,0.0,0.0
2026-08-02 00:00:00,NSW1,,8692.36,0.0,0.0
2026-08-02 00:00:00,QLD1,,5976.31,0.0,0.0
2026-08-02 00:00:00,SA1,,1695.0,0.0,0.0
2026-08-02 00:00:00,TAS1,,1055.0,0.0,0.0
2026-08-02 00:00:00,VIC1,,5991.76,0.0,0.0
2026-08-02 00:10:00,NSW1,8651.06,,,
2026-08-02 00:10:00,QLD1,5920.91,,,
2026-08-02 00:10:00,SA1,1614.51,,,
2026-08-02 00:10:00,TAS1,1047.12,,,
2026-08-02 00:10:00,VIC1,5823.47,,,
2026-08-02 00:15:00,NSW1,8665.7,,,
2026-08-02 00:15:00,QLD1,5856.81,,,
2026-08-02 00:15:00,SA1,1616.26,,,
2026-08-02 00:15:00,TAS1,1045.88,,,
2026-08-02 00:15:00,VIC1,5792.98,,,
2026-08-02 00:30:00,NSW1,,8373.92,0.0,0.0
2026-08-02 00:30:00,QLD1,,5827.45,0.0,0.0
2026-08-02 00:30:00,SA1,,1649.54,0.0,0.0
2026-08-02 00:30:00,TAS1,,1024.0,0.0,0.0
2026-08-02 00:30:00,VIC1,,5861.47,0.0,0.0
2026-08-02 01:00:00,NSW1,,8405.67,0.0,0.0
2026-08-02 01:00:00,QLD1,,5701.19,0.0,0.0
2026-08-02 01:00:00,SA1,,1617.92,0.0,0.0
2026-08-02 01:00:00,TAS1,,1008.0,0.0,0.0
2026-08-02 01:00:00,VIC1,,5668.79,0.0,0.0
2026-08-02 01:15:00,NSW1,8161.36,,,
2026-08-02 01:15:00,QLD1,5595.24,,,
2026-08-02 01:15:00,SA1,1563.21,,,
2026-08-02 01:15:00,TAS1,1020.27,,,
2026-08-02 01:15:00,VIC1,5473.49,,,
2026-08-02 01:20:00,NSW1,8036.95,,,
2026-08-02 01:20:00,QLD1,5587.2,,,
2026-08-02 01:20:00,SA1,1556.32,,,
2026-08-02 01:20:00,TAS1,1015.6,,,
2026-08-02 01:20:00,VIC1,5478.44,,,
2026-08-02 01:30:00,NSW1,,8152.07,0.0,0.0
2026-08-02 01:30:00,QLD1,,5573.58,0.0,0.0
2026-08-02 01:30:00,SA1,,1600.48,0.0,0.0
2026-08-02 01:30:00,TAS1,,997.0,0.0,0.0
2026-08-02 01:30:00,VIC1,,5515.5,0.0,0.0
2026-08-02 02:00:00,NSW1,,7857.05,0.0,0.0
2026-08-02 02:00:00,QLD1,,5495.73,0.0,0.0
2026-08-02 02:00:00,SA1,,1548.97,0.0,0.0
2026-08-02 02:00:00,TAS1,,981.0,0.0,0.0
2026-08-02 02:00:00,VIC1,,5351.64,0.0,0.0
2026-08-02 02:20:00,NSW1,7553.87,,,
2026-08-02 02:20:00,QLD1,5433.32,,,
2026-08-02 02:20:00,SA1,1511.1,,,
2026-08-02 02:20:00,TAS1,993.95,,,
2026-08-02 02:20:00,VIC1,5061.6,,,
2026-08-02 02:25:00,NSW1,7495.49,,,
2026-08-02 02:25:00,QLD1,5382.62,,,
2026-08-02 02:25:00,SA1,1501.23,,,
2026-08-02 02:25:00,TAS1,975.54,,,
2026-08-02 02:25:00,VIC1,5126.65,,,
2026-08-02 02:30:00,NSW1,,7554.76,0.0,0.0
2026-08-02 02:30:00,QLD1,,5429.82,0.0,0.0
2026-08-02 02:30:00,SA1,,1525.03,0.0,0.0
2026-08-02 02:30:00,TAS1,,965.0,0.0,0.0
2026-08-02 02:30:00,VIC1,,5200.77,0.0,0.0
2026-08-02 03:00:00,NSW1,,7395.33,0.0,0.0
2026-08-02 03:00:00,QLD1,,5401.77,0.0,0.0
2026-08-02 03:00:00,SA1,,1497.84,0.0,0.0
2026-08-02 03:00:00,TAS1,,970.0,0.0,0.0
2026-08-02 03:00:00,VIC1,,5074.3,0.0,0.0
2026-08-02 03:25:00,NSW1,7307.64,,,
2026-08-02 03:25:00,QLD1,5324.46,,,
2026-08-02 03:25:00,SA1,1500.98,,,
2026-08-02 03:25:00,TAS1,992.82,,,
2026-08-02 03:25:00,VIC1,4959.21,,,
2026-08-02 03:30:00,NSW1,7199.19,7327.63,0.0,0.0
2026-08-02 03:30:00,QLD1,5361.34,5361.11,0.0,0.0
2026-08-02 03:30:00,SA1,1499.15,1529.34,0.0,0.0
2026-08-02 03:30:00,TAS1,989.12,949.0,0.0,0.0
2026-08-02 03:30:00,VIC1,4935.0,4965.38,0.0,0.0
2026-08-02 04:00:00,NSW1,,7291.44,,0.0
2026-08-02 04:00:00,QLD1,,5376.49,,0.0
2026-08-02 04:00:00,SA1,,1498.37,,0.0
2026-08-02 04:00:00,TAS1,,987.0,,0.0
2026-08-02 04:00:00,VIC1,,4915.81,,0.0
2026-08-02 04:25:00,NSW1,7304.01,,,
2026-08-02 04:25:00,QLD1,5442.16,,,
2026-08-02 04:25:00,SA1,1399.3,,,
2026-08-02 04:25:00,TAS1,1010.07,,,
2026-08-02 04:25:00,VIC1,4900.14,,,
2026-08-02 04:30:00,NSW1,7246.49,7173.89,0.0,0.0
2026-08-02 04:30:00,QLD1,5444.21,5396.98,0.0,0.0
2026-08-02 04:30:00,SA1,1386.87,1447.73,0.0,0.0
2026-08-02 04:30:00,TAS1,1006.73,994.0,0.0,0.0
2026-08-02 04:30:00,VIC1,4919.92,4885.32,0.0,0.0
2026-08-02 05:00:00,NSW1,,7192.14,0.0,0.0
2026-08-02 05:00:00,QLD1,,5442.32,0.0,0.0
2026-08-02 05:00:00,SA1,,1440.04,0.0,0.0
2026-08-02 05:00:00,TAS1,,997.0,0.0,0.0
2026-08-02 05:00:00,VIC1,,4891.0,0.0,0.0
2026-08-02 05:30:00,NSW1,,7360.89,0.0,0.0
2026-08-02 05:30:00,QLD1,,5547.37,0.0,0.0
2026-08-02 05:30:00,SA1,,1394.43,0.0,0.0
2026-08-02 05:30:00,TAS1,,1008.0,0.0,0.0
2026-08-02 05:30:00,VIC1,,4991.16,0.0,0.0
2026-08-02 05:40:00,NSW1,7549.91,,,
2026-08-02 05:40:00,QLD1,5569.01,,,
2026-08-02 05:40:00,SA1,1395.19,,,
2026-08-02 05:40:00,TAS1,990.61,,,
2026-08-02 05:40:00,VIC1,4984.47,,,
2026-08-02 05:45:00,NSW1,7569.7,,,
2026-08-02 05:45:00,QLD1,5610.07,,,
2026-08-02 05:45:00,SA1,1398.52,,,
2026-08-02 05:45:00,TAS1,996.19,,,
2026-08-02 05:45:00,VIC1,5043.83,,,
2026-08-02 06:00:00,NSW1,,7481.93,0.0,0.0
2026-08-02 06:00:00,QLD1,,5592.19,0.0,0.0
2026-08-02 06:00:00,SA1,,1396.23,0.0,0.0
2026-08-02 06:00:00,TAS1,,1019.0,0.0,0.0
2026-08-02 06:00:00,VIC1,,5118.11,0.0,0.0
2026-08-02 06:30:00,NSW1,7988.81,7784.95,1.178,0.0
2026-08-02 06:30:00,QLD1,5758.89,5683.97,13.881,0.0
2026-08-02 06:30:00,SA1,1467.16,1435.38,0.0,0.0
2026-08-02 06:30:00,TAS1,1049.56,1033.0,0.0,0.0
2026-08-02 06:30:00,VIC1,5227.8,5286.73,0.0,0.0
2026-08-02 06:35:00,NSW1,7946.09,,,
2026-08-02 06:35:00,QLD1,5809.79,,,
2026-08-02 06:35:00,SA1,1483.01,,,
2026-08-02 06:35:00,TAS1,1052.73,,,
2026-08-02 06:35:00,VIC1,5294.44,,,
2026-08-02 07:00:00,NSW1,,8141.92,69.542,0.0
2026-08-02 07:00:00,QLD1,,5769.84,171.146,84.369
2026-08-02 07:00:00,SA1,,1447.92,0.0,0.0
2026-08-02 07:00:00,TAS1,,1058.0,0.0,0.0
2026-08-02 07:00:00,VIC1,,5453.64,0.0,0.0
2026-08-02 07:25:00,NSW1,8508.07,,,
2026-08-02 07:25:00,QLD1,5806.49,,,
2026-08-02 07:25:00,SA1,1542.91,,,
2026-08-02 07:25:00,TAS1,1125.64,,,
2026-08-02 07:25:00,VIC1,5844.6,,,
2026-08-02 07:30:00,NSW1,8508.39,8345.95,407.458,187.434
2026-08-02 07:30:00,QLD1,5751.98,5728.09,586.591,327.669
2026-08-02 07:30:00,SA1,1563.16,1489.76,0.253,0.0
2026-08-02 07:30:00,TAS1,1127.28,1087.0,2.12,0.0
2026-08-02 07:30:00,VIC1,5906.73,5661.79,45.946,0.0
2026-08-02 08:00:00,NSW1,,8619.06,926.838,659.868
2026-08-02 08:00:00,QLD1,,5665.57,1083.053,762.735
2026-08-02 08:00:00,SA1,,1538.74,53.839,0.0
2026-08-02 08:00:00,TAS1,,1127.0,13.169,7.641
2026-08-02 08:00:00,VIC1,,5971.02,254.073,96.803
2026-08-02 08:25:00,NSW1,8334.35,,,
2026-08-02 08:25:00,QLD1,5354.73,,,
2026-08-02 08:25:00,SA1,1595.18,,,
2026-08-02 08:25:00,TAS1,1176.44,,,
2026-08-02 08:25:00,VIC1,6074.27,,,
2026-08-02 08:30:00,NSW1,8302.59,8344.28,1487.129,1250.134
2026-08-02 08:30:00,QLD1,5258.77,5380.83,1628.915,1322.055
2026-08-02 08:30:00,SA1,1573.37,1604.96,201.189,83.718
2026-08-02 08:30:00,TAS1,1180.6,1161.0,30.687,26.93
2026-08-02 08:30:00,VIC1,6051.46,6034.3,594.053,382.535
2026-08-02 09:00:00,NSW1,,8164.71,,2038.403
2026-08-02 09:00:00,QLD1,,5118.12,,1967.76
2026-08-02 09:00:00,SA1,,1560.41,,268.492
2026-08-02 09:00:00,TAS1,,1182.0,,52.799
2026-08-02 09:00:00,VIC1,,6004.25,,803.013
2026-08-02 09:25:00,NSW1,7411.9,,,
2026-08-02 09:25:00,QLD1,4800.3,,,
2026-08-02 09:25:00,SA1,1359.89,,,
2026-08-02 09:25:00,TAS1,1201.83,,,
2026-08-02 09:25:00,VIC1,5505.09,,,
2026-08-02 09:30:00,NSW1,7305.29,7648.05,2533.57,2746.319
2026-08-02 09:30:00,QLD1,4753.97,4874.82,2587.173,2417.296
2026-08-02 09:30:00,SA1,1296.6,1482.62,609.666,482.426
2026-08-02 09:30:00,TAS1,1195.47,1190.0,67.808,88.868
2026-08-02 09:30:00,VIC1,5384.93,5638.22,1329.696,1486.004
2026-08-02 10:00:00,NSW1,,7231.3,2998.673,3272.8
2026-08-02 10:00:00,QLD1,,4625.37,2963.4,2831.08
2026-08-02 10:00:00,SA1,,1327.4,808.302,708.722
2026-08-02 10:00:00,TAS1,,1160.0,84.391,117.128
2026-08-02 10:00:00,VIC1,,5242.53,1663.376,1915.733
2026-08-02 10:30:00,NSW1,,7058.73,,3675.096
2026-08-02 10:30:00,QLD1,,4304.23,,3167.113
2026-08-02 10:30:00,SA1,,1097.83,,909.125
2026-08-02 10:30:00,TAS1,,1119.0,,142.265
2026-08-02 10:30:00,VIC1,,4749.08,,2241.617
2026-08-02 11:00:00,NSW1,6381.62,6783.38,,4021.855
2026-08-02 11:00:00,QLD1,4088.87,4029.27,,3399.872
2026-08-02 11:00:00,SA1,833.85,927.52,,1074.887
2026-08-02 11:00:00,TAS1,1057.9,1071.0,,140.005
2026-08-02 11:00:00,VIC1,4116.33,4485.01,,2474.1
2026-08-02 11:05:00,NSW1,6102.51,,,
2026-08-02 11:05:00,QLD1,4089.27,,,
2026-08-02 11:05:00,SA1,855.7,,,
2026-08-02 11:05:00,TAS1,1043.13,,,
2026-08-02 11:05:00,VIC1,4074.23,,,
2026-08-02 11:30:00,NSW1,,6468.69,,4063.478
2026-08-02 11:30:00,QLD1,,4038.96,,3570.988
2026-08-02 11:30:00,SA1,,794.01,,1223.156
2026-08-02 11:30:00,TAS1,,1036.0,,157.982
2026-08-02 11:30:00,VIC1,,4204.84,,2667.794
2026-08-02 12:00:00,NSW1,,5911.33,,4166.649
2026-08-02 12:00:00,QLD1,,4155.13,,3627.169
2026-08-02 12:00:00,SA1,,692.17,,1300.881
2026-08-02 12:00:00,TAS1,,1000.0,,165.962
2026-08-02 12:00:00,VIC1,,3815.13,,2792.499
2026-08-02 12:30:00,NSW1,,5545.53,,4178.857
2026-08-02 12:30:00,QLD1,,4193.41,,3620.869
2026-08-02 12:30:00,SA1,,620.88,,1336.693
2026-08-02 12:30:00,TAS1,,971.0,,170.108
2026-08-02 12:30:00,VIC1,,3521.89,,2860.581
2026-08-02 13:00:00,NSW1,,5328.48,3631.928,4059.476
2026-08-02 13:00:00,QLD1,,4207.79,2824.842,3532.02
2026-08-02 13:00:00,SA1,,582.28,1351.386,1320.79
2026-08-02 13:00:00,TAS1,,951.0,118.553,169.759
2026-08-02 13:00:00,VIC1,,3377.99,2461.595,2857.399
2026-08-02 13:30:00,NSW1,,5255.56,3450.374,3823.708
2026-08-02 13:30:00,QLD1,,4268.75,2622.122,3336.09
2026-08-02 13:30:00,SA1,,546.35,1299.401,1281.177
2026-08-02 13:30:00,TAS1,,953.0,114.181,163.128
2026-08-02 13:30:00,VIC1,,3309.82,2339.294,2760.653
2026-08-02 14:00:00,NSW1,,5693.52,,3494.277
2026-08-02 14:00:00,QLD1,,4758.8,,2918.235
2026-08-02 14:00:00,SA1,,552.19,,1264.603
2026-08-02 14:00:00,TAS1,,921.0,,151.511
2026-08-02 14:00:00,VIC1,,3674.27,,2633.744
2026-08-02 14:30:00,NSW1,5728.25,5627.53,,3068.667
2026-08-02 14:30:00,QLD1,4922.88,4848.93,,2516.28
2026-08-02 14:30:00,SA1,532.4,615.73,,1165.744
2026-08-02 14:30:00,TAS1,958.35,955.0,,135.973
2026-08-02 14:30:00,VIC1,3616.44,3597.22,,2413.378
2026-08-02 14:35:00,NSW1,5843.76,,,
2026-08-02 14:35:00,QLD1,4950.13,,,
2026-08-02 14:35:00,SA1,553.4,,,
2026-08-02 14:35:00,TAS1,953.77,,,
2026-08-02 14:35:00,VIC1,3715.6,,,
2026-08-02 15:00:00,NSW1,,6045.01,,2560.754
2026-08-02 15:00:00,QLD1,,5074.92,,2142.356
2026-08-02 15:00:00,SA1,,697.3,,1006.088
2026-08-02 15:00:00,TAS1,,969.0,,116.094
2026-08-02 15:00:00,VIC1,,3802.13,,2122.607
2026-08-02 15:30:00,NSW1,,6659.66,,1978.968
2026-08-02 15:30:00,QLD1,,5422.64,,1716.449
2026-08-02 15:30:00,SA1,,863.42,,848.241
2026-08-02 15:30:00,TAS1,,996.0,,90.196
2026-08-02 15:30:00,VIC1,,4131.89,,1762.511
2026-08-02 16:00:00,NSW1,,7345.9,1347.798,1365.208
2026-08-02 16:00:00,QLD1,,5849.49,1221.984,1257.707
2026-08-02 16:00:00,SA1,,1005.37,509.234,687.473
2026-08-02 16:00:00,TAS1,,1035.0,46.644,62.215
2026-08-02 16:00:00,VIC1,,4529.44,1044.408,1330.206
2026-08-02 16:30:00,NSW1,,8087.18,796.036,664.579
2026-08-02 16:30:00,QLD1,,6347.4,799.071,784.097
2026-08-02 16:30:00,SA1,,1172.31,347.201,509.891
2026-08-02 16:30:00,TAS1,,1075.0,25.556,24.038
2026-08-02 16:30:00,VIC1,,4908.51,673.344,850.581
2026-08-02 17:00:00,NSW1,,8475.33,,59.313
2026-08-02 17:00:00,QLD1,,6635.78,,305.1
2026-08-02 17:00:00,SA1,,1504.35,,278.44
2026-08-02 17:00:00,TAS1,,1130.0,,3.252
2026-08-02 17:00:00,VIC1,,5573.71,,284.916
2026-08-02 17:05:00,NSW1,9109.39,,,
2026-08-02 17:05:00,QLD1,6921.26,,,
2026-08-02 17:05:00,SA1,1703.33,,,
2026-08-02 17:05:00,TAS1,1196.29,,,
2026-08-02 17:05:00,VIC1,5880.65,,,
2026-08-02 17:10:00,NSW1,9131.41,,,
2026-08-02 17:10:00,QLD1,6936.08,,,
2026-08-02 17:10:00,SA1,1751.45,,,
2026-08-02 17:10:00,TAS1,1169.03,,,
2026-08-02 17:10:00,VIC1,6033.47,,,
2026-08-02 17:30:00,NSW1,,9261.76,,0.0
2026-08-02 17:30:00,QLD1,,6998.18,,65.986
2026-08-02 17:30:00,SA1,,1679.67,,46.395
2026-08-02 17:30:00,TAS1,,1204.0,,0.0
2026-08-02 17:30:00,VIC1,,6200.75,,83.654
2026-08-02 18:00:00,NSW1,,9833.57,0.0,0.0
2026-08-02 18:00:00,QLD1,,7353.59,10.194,0.0
2026-08-02 18:00:00,SA1,,1872.59,32.355,7.856
2026-08-02 18:00:00,TAS1,,1248.0,0.0,0.0
2026-08-02 18:00:00,VIC1,,6570.76,0.261,0.0
2026-08-02 18:30:00,NSW1,,9977.22,0.0,0.0
2026-08-02 18:30:00,QLD1,,7512.33,0.0,0.0
2026-08-02 18:30:00,SA1,,2004.3,0.238,0.0
2026-08-02 18:30:00,TAS1,,1256.0,0.0,0.0
2026-08-02 18:30:00,VIC1,,6750.73,0.0,0.0
2026-08-02 19:00:00,NSW1,,10073.37,,0.0
2026-08-02 19:00:00,QLD1,,7394.38,,0.0
2026-08-02 19:00:00,SA1,,1997.04,,0.0
2026-08-02 19:00:00,TAS1,,1261.0,,0.0
2026-08-02 19:00:00,VIC1,,6923.06,,0.0
2026-08-02 19:15:00,NSW1,10051.52,,,
2026-08-02 19:15:00,QLD1,7247.58,,,
2026-08-02 19:15:00,SA1,1982.6,,,
2026-08-02 19:15:00,TAS1,1281.58,,,
2026-08-02 19:15:00,VIC1,6863.72,,,
2026-08-02 19:20:00,NSW1,9985.55,,,
2026-08-02 19:20:00,QLD1,7212.98,,,
2026-08-02 19:20:00,SA1,1991.58,,,
2026-08-02 19:20:00,TAS1,1284.05,,,
2026-08-02 19:20:00,VIC1,6836.8,,,
2026-08-02 19:30:00,NSW1,,9972.87,0.0,0.0
2026-08-02 19:30:00,QLD1,,7252.78,0.0,0.0
2026-08-02 19:30:00,SA1,,2032.5,0.0,0.0
2026-08-02 19:30:00,TAS1,,1244.0,0.0,0.0
2026-08-02 19:30:00,VIC1,,6903.68,0.0,0.0
2026-08-02 20:00:00,NSW1,,9835.21,0.0,0.0
2026-08-02 20:00:00,QLD1,,7151.09,0.0,0.0
2026-08-02 20:00:00,SA1,,1996.95,0.0,0.0
2026-08-02 20:00:00,TAS1,,1223.0,0.0,0.0
2026-08-02 20:00:00,VIC1,,6796.54,0.0,0.0
2026-08-02 20:30:00,NSW1,,9768.61,0.0,0.0
2026-08-02 20:30:00,QLD1,,6975.54,0.0,0.0
2026-08-02 20:30:00,SA1,,1958.03,0.0,0.0
2026-08-02 20:30:00,TAS1,,1229.0,0.0,0.0
2026-08-02 20:30:00,VIC1,,6689.05,0.0,0.0
2026-08-02 20:50:00,NSW1,9521.17,,,
2026-08-02 20:50:00,QLD1,6925.77,,,
2026-08-02 20:50:00,SA1,1924.3,,,
2026-08-02 20:50:00,TAS1,1198.42,,,
2026-08-02 20:50:00,VIC1,6575.25,,,
2026-08-02 20:55:00,NSW1,9563.81,,,
2026-08-02 20:55:00,QLD1,6959.53,,,
2026-08-02 20:55:00,SA1,1889.81,,,
2026-08-02 20:55:00,TAS1,1200.97,,,
2026-08-02 20:55:00,VIC1,6572.02,,,
2026-08-02 21:00:00,NSW1,,9625.66,0.0,0.0
2026-08-02 21:00:00,QLD1,,6842.13,0.0,0.0
2026-08-02 21:00:00,SA1,,1928.22,0.0,0.0
2026-08-02 21:00:00,TAS1,,1189.0,0.0,0.0
2026-08-02 21:00:00,VIC1,,6600.33,0.0,0.0
2026-08-02 21:30:00,NSW1,,9379.35,0.0,0.0
2026-08-02 21:30:00,QLD1,,6835.45,0.0,0.0
2026-08-02 21:30:00,SA1,,1855.56,0.0,0.0
2026-08-02 21:30:00,TAS1,,1166.0,0.0,0.0
2026-08-02 21:30:00,VIC1,,6407.46,0.0,0.0
2026-08-02 21:45:00,NSW1,9027.98,,,
2026-08-02 21:45:00,QLD1,6748.55,,,
2026-08-02 21:45:00,SA1,1737.35,,,
2026-08-02 21:45:00,TAS1,1166.05,,,
2026-08-02 21:45:00,VIC1,6259.77,,,
2026-08-02 21:50:00,NSW1,8949.36,,,
2026-08-02 21:50:00,QLD1,6648.15,,,
2026-08-02 21:50:00,SA1,1745.77,,,
2026-08-02 21:50:00,TAS1,1168.64,,,
2026-08-02 21:50:00,VIC1,6221.5,,,
2026-08-02 22:00:00,NSW1,,9080.94,0.0,0.0
2026-08-02 22:00:00,QLD1,,6736.33,0.0,0.0
2026-08-02 22:00:00,SA1,,1787.99,0.0,0.0
2026-08-02 22:00:00,TAS1,,1126.0,0.0,0.0
2026-08-02 22:00:00,VIC1,,6221.18,0.0,0.0
2026-08-02 22:30:00,NSW1,,8773.76,,0.0
2026-08-02 22:30:00,QLD1,,6534.64,,0.0
2026-08-02 22:30:00,SA1,,1721.43,,0.0
2026-08-02 22:30:00,TAS1,,1097.0,,0.0
2026-08-02 22:30:00,VIC1,,5924.9,,0.0
2026-08-02 22:40:00,NSW1,8590.68,,,
2026-08-02 22:40:00,QLD1,6313.49,,,
2026-08-02 22:40:00,SA1,1622.8,,,
2026-08-02 22:40:00,TAS1,1057.58,,,
2026-08-02 22:40:00,VIC1,5766.85,,,
2026-08-02 22:45:00,NSW1,8453.99,,,
2026-08-02 22:45:00,QLD1,6241.83,,,
2026-08-02 22:45:00,SA1,1626.05,,,
2026-08-02 22:45:00,TAS1,1057.31,,,
2026-08-02 22:45:00,VIC1,5682.66,,,
2026-08-02 23:00:00,NSW1,,8569.7,0.0,0.0
2026-08-02 23:00:00,QLD1,,6248.47,0.0,0.0
2026-08-02 23:00:00,SA1,,1618.7,0.0,0.0
2026-08-02 23:00:00,TAS1,,1066.0,0.0,0.0
2026-08-02 23:00:00,VIC1,,5726.33,0.0,0.0
2026-08-02 23:30:00,NSW1,,8353.61,0.0,0.0
2026-08-02 23:30:00,QLD1,,6083.08,0.0,0.0
2026-08-02 23:30:00,SA1,,1547.81,0.0,0.0
2026-08-02 23:30:00,TAS1,,1033.0,0.0,0.0
2026-08-02 23:30:00,VIC1,,5681.12,0.0,0.0
2026-08-03 00:00:00,NSW1,,8093.9,0.0,0.0
2026-08-03 00:00:00,QLD1,,5915.32,0.0,0.0
2026-08-03 00:00:00,SA1,,1560.99,0.0,0.0
2026-08-03 00:00:00,TAS1,,983.0,0.0,0.0
2026-08-03 00:00:00,VIC1,,5552.68,0.0,0.0
2026-08-03 00:10:00,NSW1,7964.34,,,
2026-08-03 00:10:00,QLD1,5805.42,,,
2026-08-03 00:10:00,SA1,1519.07,,,
2026-08-03 00:10:00,TAS1,972.78,,,
2026-08-03 00:10:00,VIC1,5515.16,,,
2026-08-03 00:15:00,NSW1,7970.29,,,
2026-08-03 00:15:00,QLD1,5826.32,,,
2026-08-03 00:15:00,SA1,1508.17,,,
2026-08-03 00:15:00,TAS1,966.29,,,
2026-08-03 00:15:00,VIC1,5474.9,,,
2026-08-03 00:30:00,NSW1,,7811.38,0.0,0.0
2026-08-03 00:30:00,QLD1,,5782.7,0.0,0.0
2026-08-03 00:30:00,SA1,,1536.55,0.0,0.0
2026-08-03 00:30:00,TAS1,,961.0,0.0,0.0
2026-08-03 00:30:00,VIC1,,5378.8,0.0,0.0
2026-08-03 01:00:00,NSW1,,7853.49,0.0,0.0
2026-08-03 01:00:00,QLD1,,5677.0,0.0,0.0
2026-08-03 01:00:00,SA1,,1569.09,0.0,0.0
2026-08-03 01:00:00,TAS1,,942.0,0.0,0.0
2026-08-03 01:00:00,VIC1,,5294.42,0.0,0.0
2026-08-03 01:25:00,NSW1,7420.91,,,
2026-08-03 01:25:00,QLD1,5542.8,,,
2026-08-03 01:25:00,SA1,1544.24,,,
2026-08-03 01:25:00,TAS1,932.47,,,
2026-08-03 01:25:00,VIC1,5107.47,,,
2026-08-03 01:30:00,NSW1,7404.23,7607.06,0.0,0.0
2026-08-03 01:30:00,QLD1,5551.33,5578.84,0.0,0.0
2026-08-03 01:30:00,SA1,1547.58,1564.99,0.0,0.0
2026-08-03 01:30:00,TAS1,931.94,954.0,0.0,0.0
2026-08-03 01:30:00,VIC1,5107.5,5182.2,0.0,0.0
2026-08-03 02:00:00,NSW1,,7332.39,0.0,0.0
2026-08-03 02:00:00,QLD1,,5512.68,0.0,0.0
2026-08-03 02:00:00,SA1,,1535.15,0.0,0.0
2026-08-03 02:00:00,TAS1,,935.0,0.0,0.0
2026-08-03 02:00:00,VIC1,,5031.54,0.0,0.0
2026-08-03 02:25:00,NSW1,7238.82,,,
2026-08-03 02:25:00,QLD1,5387.81,,,
2026-08-03 02:25:00,SA1,1502.68,,,
2026-08-03 02:25:00,TAS1,931.99,,,
2026-08-03 02:25:00,VIC1,4808.25,,,
2026-08-03 02:30:00,NSW1,7169.58,7270.63,0.0,0.0
2026-08-03 02:30:00,QLD1,5421.08,5445.31,0.0,0.0
2026-08-03 02:30:00,SA1,1520.67,1500.61,0.0,0.0
2026-08-03 02:30:00,TAS1,925.05,949.0,0.0,0.0
2026-08-03 02:30:00,VIC1,4868.96,4918.99,0.0,0.0
2026-08-03 03:00:00,NSW1,,7149.01,0.0,0.0
2026-08-03 03:00:00,QLD1,,5420.53,0.0,0.0
2026-08-03 03:00:00,SA1,,1494.87,0.0,0.0
2026-08-03 03:00:00,TAS1,,957.0,0.0,0.0
2026-08-03 03:00:00,VIC1,,4822.85,0.0,0.0
2026-08-03 03:30:00,NSW1,7129.11,7234.93,0.0,0.0
2026-08-03 03:30:00,QLD1,5418.6,5414.23,0.0,0.0
2026-08-03 03:30:00,SA1,1450.74,1477.5,0.0,0.0
2026-08-03 03:30:00,TAS1,992.13,944.0,0.0,0.0
2026-08-03 03:30:00,VIC1,4746.56,4797.98,0.0,0.0
2026-08-03 03:35:00,NSW1,7124.84,,,
2026-08-03 03:35:00,QLD1,5433.86,,,
2026-08-03 03:35:00,SA1,1485.15,,,
2026-08-03 03:35:00,TAS1,952.02,,,
2026-08-03 03:35:00,VIC1,4772.16,,,
2026-08-03 04:00:00,NSW1,,7122.34,,0.0
2026-08-03 04:00:00,QLD1,,5446.8,,0.0
2026-08-03 04:00:00,SA1,,1477.18,,0.0
2026-08-03 04:00:00,TAS1,,972.0,,0.0
2026-08-03 04:00:00,VIC1,,4753.45,,0.0
2026-08-03 04:30:00,NSW1,7108.01,7153.82,0.0,0.0
2026-08-03 04:30:00,QLD1,5626.08,5548.65,0.0,0.0
2026-08-03 04:30:00,SA1,1443.05,1451.21,0.0,0.0
2026-08-03 04:30:00,TAS1,986.49,997.0,0.0,0.0
2026-08-03 04:30:00,VIC1,4748.94,4819.2,0.0,0.0
2026-08-03 04:35:00,NSW1,7190.67,,,
2026-08-03 04:35:00,QLD1,5631.76,,,
2026-08-03 04:35:00,SA1,1435.5,,,
2026-08-03 04:35:00,TAS1,986.23,,,
2026-08-03 04:35:00,VIC1,4856.54,,,
2026-08-03 05:00:00,NSW1,,7277.32,0.0,0.0
2026-08-03 05:00:00,QLD1,,5700.71,0.0,0.0
2026-08-03 05:00:00,SA1,,1445.01,0.0,0.0
2026-08-03 05:00:00,TAS1,,1013.0,0.0,0.0
2026-08-03 05:00:00,VIC1,,4891.95,0.0,0.0
2026-08-03 05:30:00,NSW1,,7552.58,0.0,0.0
2026-08-03 05:30:00,QLD1,,5983.22,0.0,0.0
2026-08-03 05:30:00,SA1,,1480.03,0.0,0.0
2026-08-03 05:30:00,TAS1,,1025.0,0.0,0.0
2026-08-03 05:30:00,VIC1,,5118.39,0.0,0.0
2026-08-03 05:40:00,NSW1,7999.23,,,
2026-08-03 05:40:00,QLD1,6164.52,,,
2026-08-03 05:40:00,SA1,1416.97,,,
2026-08-03 05:40:00,TAS1,1131.96,,,
2026-08-03 05:40:00,VIC1,5334.04,,,
2026-08-03 05:45:00,NSW1,7914.05,,,
2026-08-03 05:45:00,QLD1,6280.0,,,
2026-08-03 05:45:00,SA1,1415.08,,,
2026-08-03 05:45:00,TAS1,1142.08,,,
2026-08-03 05:45:00,VIC1,5436.74,,,
2026-08-03 06:00:00,NSW1,,7943.79,0.0,0.0
2026-08-03 06:00:00,QLD1,,6244.96,0.0,0.0
2026-08-03 06:00:00,SA1,,1496.95,0.0,0.0
2026-08-03 06:00:00,TAS1,,1100.0,0.0,0.0
2026-08-03 06:00:00,VIC1,,5450.1,0.0,0.0
2026-08-03 06:30:00,NSW1,,8619.58,1.495,0.0
2026-08-03 06:30:00,QLD1,,6657.84,17.654,0.0
2026-08-03 06:30:00,SA1,,1441.13,0.0,0.0
2026-08-03 06:30:00,TAS1,,1168.0,0.0,0.0
2026-08-03 06:30:00,VIC1,,5920.07,0.0,0.0
2026-08-03 06:35:00,NSW1,9206.22,,,
2026-08-03 06:35:00,QLD1,6895.47,,,
2026-08-03 06:35:00,SA1,1525.55,,,
2026-08-03 06:35:00,TAS1,1193.03,,,
2026-08-03 06:35:00,VIC1,6384.74,,,
2026-08-03 06:40:00,NSW1,9362.09,,,
2026-08-03 06:40:00,QLD1,7007.84,,,
2026-08-03 06:40:00,SA1,1567.91,,,
2026-08-03 06:40:00,TAS1,1158.41,,,
2026-08-03 06:40:00,VIC1,6536.68,,,
2026-08-03 07:00:00,NSW1,,9369.63,57.425,0.0
2026-08-03 07:00:00,QLD1,,6934.89,232.851,91.776
2026-08-03 07:00:00,SA1,,1551.72,0.0,0.0
2026-08-03 07:00:00,TAS1,,1268.0,0.0,0.0
2026-08-03 07:00:00,VIC1,,6632.31,0.0,0.0
2026-08-03 07:25:00,NSW1,10301.43,,,
2026-08-03 07:25:00,QLD1,7119.8,,,
2026-08-03 07:25:00,SA1,1781.36,,,
2026-08-03 07:25:00,TAS1,1279.6,,,
2026-08-03 07:25:00,VIC1,7350.26,,,
2026-08-03 07:30:00,NSW1,10333.42,9880.28,266.891,194.089
2026-08-03 07:30:00,QLD1,7067.01,7111.91,709.991,386.385
2026-08-03 07:30:00,SA1,1790.57,1673.6,0.364,0.0
2026-08-03 07:30:00,TAS1,1294.41,1261.0,1.606,0.0
2026-08-03 07:30:00,VIC1,7445.84,7106.16,44.323,0.0
2026-08-03 08:00:00,NSW1,,10343.41,656.163,667.564
2026-08-03 08:00:00,QLD1,,6795.43,1271.459,941.093
2026-08-03 08:00:00,SA1,,1829.16,51.602,0.0
2026-08-03 08:00:00,TAS1,,1269.0,6.091,5.808
2026-08-03 08:00:00,VIC1,,7598.92,230.082,96.776
2026-08-03 08:25:00,NSW1,10472.57,,,
2026-08-03 08:25:00,QLD1,6116.93,,,
2026-08-03 08:25:00,SA1,1932.79,,,
2026-08-03 08:25:00,TAS1,1305.57,,,
2026-08-03 08:25:00,VIC1,7424.9,,,
2026-08-03 08:30:00,NSW1,10417.12,10353.68,985.905,1276.862
2026-08-03 08:30:00,QLD1,5995.45,6262.95,1830.794,1552.479
2026-08-03 08:30:00,SA1,1916.45,1926.3,167.6,72.389
2026-08-03 08:30:00,TAS1,1322.02,1301.0,20.236,17.865
2026-08-03 08:30:00,VIC1,7331.12,7558.57,562.877,358.694
2026-08-03 09:00:00,NSW1,,10345.6,,1608.729
2026-08-03 09:00:00,QLD1,,5790.42,,2505.364
2026-08-03 09:00:00,SA1,,1875.83,,220.115
2026-08-03 09:00:00,TAS1,,1306.0,,33.112
2026-08-03 09:00:00,VIC1,,7129.5,,718.381
2026-08-03 09:25:00,NSW1,9955.2,,,
2026-08-03 09:25:00,QLD1,4996.26,,,
2026-08-03 09:25:00,SA1,1691.83,,,
2026-08-03 09:25:00,TAS1,1332.25,,,
2026-08-03 09:25:00,VIC1,6543.85,,,
2026-08-03 09:30:00,NSW1,9813.69,9830.52,,1680.938
2026-08-03 09:30:00,QLD1,4850.42,5195.94,,3034.255
2026-08-03 09:30:00,SA1,1666.49,1849.39,,384.701
2026-08-03 09:30:00,TAS1,1328.15,1262.0,,38.515
2026-08-03 09:30:00,VIC1,6430.74,6822.0,,1210.324
2026-08-03 10:00:00,NSW1,,9353.7,1987.864,2288.722
2026-08-03 10:00:00,QLD1,,4784.75,3242.664,3470.054
2026-08-03 10:00:00,SA1,,1719.72,648.387,549.576
2026-08-03 10:00:00,TAS1,,1224.0,40.791,54.928
2026-08-03 10:00:00,VIC1,,6434.68,1443.791,1547.633
2026-08-03 10:30:00,NSW1,,8645.94,2239.19,2760.747
2026-08-03 10:30:00,QLD1,,4470.58,3524.3,3767.041
2026-08-03 10:30:00,SA1,,1501.6,766.769,703.822
2026-08-03 10:30:00,TAS1,,1204.0,52.515,70.67
2026-08-03 10:30:00,VIC1,,6108.57,1571.157,1759.511
2026-08-03 11:00:00,NSW1,,8964.81,,2647.612
2026-08-03 11:00:00,QLD1,,4268.35,,4013.822
2026-08-03 11:00:00,SA1,,1427.45,,803.14
2026-08-03 11:00:00,TAS1,,1241.0,,67.606
2026-08-03 11:00:00,VIC1,,5580.27,,1881.952
2026-08-03 11:05:00,NSW1,8413.74,,,
2026-08-03 11:05:00,QLD1,4175.8,,,
2026-08-03 11:05:00,SA1,1386.63,,,
2026-08-03 11:05:00,TAS1,1208.7,,,
2026-08-03 11:05:00,VIC1,5768.24,,,
2026-08-03 11:10:00,NSW1,8621.94,,,
2026-08-03 11:10:00,QLD1,4272.47,,,
2026-08-03 11:10:00,SA1,1388.88,,,
2026-08-03 11:10:00,TAS1,1197.92,,,
2026-08-03 11:10:00,VIC1,5889.99,,,
2026-08-03 11:30:00,NSW1,,8385.68,,2900.343
2026-08-03 11:30:00,QLD1,,4281.17,,4153.528
2026-08-03 11:30:00,SA1,,1434.88,,942.298
2026-08-03 11:30:00,TAS1,,1226.0,,84.955
2026-08-03 11:30:00,VIC1,,5600.31,,1966.2
2026-08-03 12:00:00,NSW1,,8016.27,,3183.147
2026-08-03 12:00:00,QLD1,,4256.14,,4186.883
2026-08-03 12:00:00,SA1,,1367.13,,1027.672
2026-08-03 12:00:00,TAS1,,1186.0,,94.543
2026-08-03 12:00:00,VIC1,,5482.76,,2005.621
2026-08-03 12:30:00,NSW1,,7306.8,,3300.339
2026-08-03 12:30:00,QLD1,,4120.47,,4144.19
2026-08-03 12:30:00,SA1,,1198.44,,1075.041
2026-08-03 12:30:00,TAS1,,1159.0,,100.77
2026-08-03 12:30:00,VIC1,,5379.76,,2014.372
2026-08-03 13:00:00,NSW1,,6867.74,,3242.92
2026-08-03 13:00:00,QLD1,,4055.24,,4014.508
2026-08-03 13:00:00,SA1,,1105.19,,1085.151
2026-08-03 13:00:00,TAS1,,1140.0,,104.096
2026-08-03 13:00:00,VIC1,,5302.91,,1972.554
2026-08-03 13:30:00,NSW1,,6679.1,2829.131,3080.907
2026-08-03 13:30:00,QLD1,,4092.63,2978.451,3777.553
2026-08-03 13:30:00,SA1,,1044.64,1141.342,1058.399
2026-08-03 13:30:00,TAS1,,1127.0,90.766,100.998
2026-08-03 13:30:00,VIC1,,5289.62,1549.927,1892.04
2026-08-03 14:00:00,NSW1,,6620.06,2563.477,3106.295
2026-08-03 14:00:00,QLD1,,4203.9,2548.247,3424.813
2026-08-03 14:00:00,SA1,,1017.11,1073.784,1046.664
2026-08-03 14:00:00,TAS1,,1120.0,81.758,95.312
2026-08-03 14:00:00,VIC1,,5332.72,1393.574,1734.15
2026-08-03 14:30:00,NSW1,,7203.38,,2681.66
2026-08-03 14:30:00,QLD1,,5009.98,,2887.55
2026-08-03 14:30:00,SA1,,1012.77,,1080.83
2026-08-03 14:30:00,TAS1,,1093.0,,85.715
2026-08-03 14:30:00,VIC1,,5667.98,,1577.119
2026-08-03 14:40:00,NSW1,7311.27,,,
2026-08-03 14:40:00,QLD1,5428.11,,,
2026-08-03 14:40:00,SA1,976.53,,,
2026-08-03 14:40:00,TAS1,1096.4,,,
2026-08-03 14:40:00,VIC1,5833.68,,,
2026-08-03 14:45:00,NSW1,7346.04,,,
2026-08-03 14:45:00,QLD1,5510.05,,,
2026-08-03 14:45:00,SA1,966.12,,,
2026-08-03 14:45:00,TAS1,1093.75,,,
2026-08-03 14:45:00,VIC1,5894.11,,,
2026-08-03 15:00:00,NSW1,,7314.75,,2250.73
2026-08-03 15:00:00,QLD1,,5447.07,,2369.413
2026-08-03 15:00:00,SA1,,984.52,,950.348
2026-08-03 15:00:00,TAS1,,1091.0,,67.657
2026-08-03 15:00:00,VIC1,,5746.91,,1360.389
2026-08-03 15:30:00,NSW1,,7628.24,,1758.565
2026-08-03 15:30:00,QLD1,,5731.07,,1890.632
2026-08-03 15:30:00,SA1,,1087.44,,809.796
2026-08-03 15:30:00,TAS1,,1099.0,,51.486
2026-08-03 15:30:00,VIC1,,5811.1,,1117.656
2026-08-03 16:00:00,NSW1,,8097.54,,1240.357
2026-08-03 16:00:00,QLD1,,6115.91,,1371.827
2026-08-03 16:00:00,SA1,,1223.35,,648.175
2026-08-03 16:00:00,TAS1,,1132.0,,35.187
2026-08-03 16:00:00,VIC1,,5998.44,,830.759
2026-08-03 16:30:00,NSW1,,8640.92,700.764,624.666
2026-08-03 16:30:00,QLD1,,6579.56,820.675,854.947
2026-08-03 16:30:00,SA1,,1373.87,476.148,473.277
2026-08-03 16:30:00,TAS1,,1167.0,18.254,13.719
2026-08-03 16:30:00,VIC1,,6375.31,535.315,540.029
2026-08-03 17:00:00,NSW1,,9234.84,266.578,75.497
2026-08-03 17:00:00,QLD1,,7075.74,391.54,309.592
2026-08-03 17:00:00,SA1,,1562.71,312.965,300.75
2026-08-03 17:00:00,TAS1,,1219.0,5.633,1.233
2026-08-03 17:00:00,VIC1,,6781.21,261.653,160.238
2026-08-03 17:30:00,NSW1,,9775.37,,0.0
2026-08-03 17:30:00,QLD1,,7361.0,,65.499
2026-08-03 17:30:00,SA1,,1575.42,,51.147
2026-08-03 17:30:00,TAS1,,1263.0,,0.0
2026-08-03 17:30:00,VIC1,,7278.87,,46.116
2026-08-03 18:00:00,NSW1,10667.66,10285.2,,0.0
2026-08-03 18:00:00,QLD1,7866.15,7641.13,,0.0
2026-08-03 18:00:00,SA1,2070.39,1883.27,,10.807
2026-08-03 18:00:00,TAS1,1307.11,1328.0,,0.0
2026-08-03 18:00:00,VIC1,7978.33,7765.8,,0.0
2026-08-03 18:05:00,NSW1,10651.1,,,
2026-08-03 18:05:00,QLD1,7801.83,,,
2026-08-03 18:05:00,SA1,2077.51,,,
2026-08-03 18:05:00,TAS1,1301.08,,,
2026-08-03 18:05:00,VIC1,8051.94,,,
2026-08-03 18:30:00,NSW1,,10426.63,,0.0
2026-08-03 18:30:00,QLD1,,7762.01,,0.0
2026-08-03 18:30:00,SA1,,2085.8,,0.0
2026-08-03 18:30:00,TAS1,,1341.0,,0.0
2026-08-03 18:30:00,VIC1,,7919.03,,0.0
2026-08-03 19:00:00,NSW1,,10318.68,,0.0
2026-08-03 19:00:00,QLD1,,7732.53,,0.0
2026-08-03 19:00:00,SA1,,2195.06,,0.0
2026-08-03 19:00:00,TAS1,,1333.0,,0.0
2026-08-03 19:00:00,VIC1,,7815.54,,0.0
2026-08-03 19:30:00,NSW1,,10185.09,,0.0
2026-08-03 19:30:00,QLD1,,7587.43,,0.0
2026-08-03 19:30:00,SA1,,2194.41,,0.0
2026-08-03 19:30:00,TAS1,,1316.0,,0.0
2026-08-03 19:30:00,VIC1,,7686.83,,0.0
2026-08-03 20:00:00,NSW1,,10032.34,,0.0
2026-08-03 20:00:00,QLD1,,7458.69,,0.0
2026-08-03 20:00:00,SA1,,2173.54,,0.0
2026-08-03 20:00:00,TAS1,,1299.0,,0.0
2026-08-03 20:00:00,VIC1,,7547.5,,0.0
2026-08-03 20:30:00,NSW1,,9907.28,0.0,0.0
2026-08-03 20:30:00,QLD1,,7339.08,0.0,0.0
2026-08-03 20:30:00,SA1,,2145.32,0.0,0.0
2026-08-03 20:30:00,TAS1,,1286.0,0.0,0.0
2026-08-03 20:30:00,VIC1,,7395.37,0.0,0.0
2026-08-03 21:00:00,NSW1,,9952.37,0.0,0.0
2026-08-03 21:00:00,QLD1,,7158.11,0.0,0.0
2026-08-03 21:00:00,SA1,,2073.35,0.0,0.0
2026-08-03 21:00:00,TAS1,,1259.0,0.0,0.0
2026-08-03 21:00:00,VIC1,,7253.38,0.0,0.0
2026-08-03 21:30:00,NSW1,,9627.72,,0.0
2026-08-03 21:30:00,QLD1,,7095.85,,0.0
2026-08-03 21:30:00,SA1,,2016.63,,0.0
2026-08-03 21:30:00,TAS1,,1237.0,,0.0
2026-08-03 21:30:00,VIC1,,6995.24,,0.0
2026-08-03 21:35:00,NSW1,9505.56,,,
2026-08-03 21:35:00,QLD1,7014.9,,,
2026-08-03 21:35:00,SA1,1972.52,,,
2026-08-03 21:35:00,TAS1,1194.42,,,
2026-08-03 21:35:00,VIC1,6869.13,,,
2026-08-03 21:40:00,NSW1,9502.02,,,
2026-08-03 21:40:00,QLD1,7005.46,,,
2026-08-03 21:40:00,SA1,1957.45,,,
2026-08-03 21:40:00,TAS1,1195.88,,,
2026-08-03 21:40:00,VIC1,6726.07,,,
2026-08-03 22:00:00,NSW1,,9337.95,,0.0
2026-08-03 22:00:00,QLD1,,6908.38,,0.0
2026-08-03 22:00:00,SA1,,1940.49,,0.0
2026-08-03 22:00:00,TAS1,,1200.0,,0.0
2026-08-03 22:00:00,VIC1,,6719.85,,0.0
2026-08-03 22:30:00,NSW1,,9133.09,0.0,0.0
2026-08-03 22:30:00,QLD1,,6673.51,0.0,0.0
2026-08-03 22:30:00,SA1,,1824.02,0.0,0.0
2026-08-03 22:30:00,TAS1,,1166.0,0.0,0.0
2026-08-03 22:30:00,VIC1,,6389.24,0.0,0.0
2026-08-03 23:00:00,NSW1,,8875.9,0.0,0.0
2026-08-03 23:00:00,QLD1,,6428.69,0.0,0.0
2026-08-03 23:00:00,SA1,,1723.6,0.0,0.0
2026-08-03 23:00:00,TAS1,,1130.0,0.0,0.0
2026-08-03 23:00:00,VIC1,,6100.33,0.0,0.0
2026-08-03 23:30:00,NSW1,,8629.13,,0.0
2026-08-03 23:30:00,QLD1,,6227.5,,0.0
2026-08-03 23:30:00,SA1,,1620.54,,0.0
2026-08-03 23:30:00,TAS1,,1083.0,,0.0
2026-08-03 23:30:00,VIC1,,6022.02,,0.0
2026-08-03 23:55:00,NSW1,8272.44,,,
2026-08-03 23:55:00,QLD1,6081.66,,,
2026-08-03 23:55:00,SA1,1584.88,,,
2026-08-03 23:55:00,TAS1,1068.5,,,
2026-08-03 23:55:00,VIC1,5863.28,,,
2026-08-04 00:00:00,NSW1,8300.76,8407.91,,0.0
2026-08-04 00:00:00,QLD1,6039.17,6120.68,,0.0
2026-08-04 00:00:00,SA1,1566.27,1598.6,,0.0
2026-08-04 00:00:00,TAS1,1067.88,1051.0,,0.0
2026-08-04 00:00:00,VIC1,5785.37,5930.73,,0.0
2026-08-04 00:30:00,NSW1,,8241.43,,0.0
2026-08-04 00:30:00,QLD1,,5955.49,,0.0
2026-08-04 00:30:00,SA1,,1583.33,,0.0
2026-08-04 00:30:00,TAS1,,1038.0,,0.0
2026-08-04 00:30:00,VIC1,,5712.59,,0.0
2026-08-04 01:00:00,NSW1,,8114.04,0.0,0.0
2026-08-04 01:00:00,QLD1,,5821.9,0.0,0.0
2026-08-04 01:00:00,SA1,,1596.05,0.0,0.0
2026-08-04 01:00:00,TAS1,,1029.0,0.0,0.0
2026-08-04 01:00:00,VIC1,,5536.11,0.0,0.0
2026-08-04 01:30:00,NSW1,,7943.84,0.0,0.0
2026-08-04 01:30:00,QLD1,,5704.99,0.0,0.0
2026-08-04 01:30:00,SA1,,1578.46,0.0,0.0
2026-08-04 01:30:00,TAS1,,1030.0,0.0,0.0
2026-08-04 01:30:00,VIC1,,5387.7,0.0,0.0
2026-08-04 02:00:00,NSW1,,7695.64,,0.0
2026-08-04 02:00:00,QLD1,,5671.18,,0.0
2026-08-04 02:00:00,SA1,,1551.24,,0.0
2026-08-04 02:00:00,TAS1,,1019.0,,0.0
2026-08-04 02:00:00,VIC1,,5347.98,,0.0
2026-08-04 02:25:00,NSW1,7657.93,,,
2026-08-04 02:25:00,QLD1,5612.96,,,
2026-08-04 02:25:00,SA1,1501.96,,,
2026-08-04 02:25:00,TAS1,1044.42,,,
2026-08-04 02:25:00,VIC1,5259.32,,,
2026-08-04 02:30:00,NSW1,7599.97,7564.12,,0.0
2026-08-04 02:30:00,QLD1,5594.37,5625.94,,0.0
2026-08-04 02:30:00,SA1,1494.93,1509.3,,0.0
2026-08-04 02:30:00,TAS1,1044.29,1005.0,,0.0
2026-08-04 02:30:00,VIC1,5259.46,5274.73,,0.0
2026-08-04 03:00:00,NSW1,,7438.32,0.0,0.0
2026-08-04 03:00:00,QLD1,,5605.42,0.0,0.0
2026-08-04 03:00:00,SA1,,1474.39,0.0,0.0
2026-08-04 03:00:00,TAS1,,1018.0,0.0,0.0
2026-08-04 03:00:00,VIC1,,5174.16,0.0,0.0
2026-08-04 03:30:00,NSW1,,7408.97,0.0,0.0
2026-08-04 03:30:00,QLD1,,5630.54,0.0,0.0
2026-08-04 03:30:00,SA1,,1448.84,0.0,0.0
2026-08-04 03:30:00,TAS1,,1027.0,0.0,0.0
2026-08-04 03:30:00,VIC1,,5106.25,0.0,0.0
2026-08-04 04:00:00,NSW1,,7397.54,,0.0
2026-08-04 04:00:00,QLD1,,5636.23,,0.0
2026-08-04 04:00:00,SA1,,1444.87,,0.0
2026-08-04 04:00:00,TAS1,,1021.0,,0.0
2026-08-04 04:00:00,VIC1,,5105.35,,0.0
2026-08-04 04:15:00,NSW1,7463.67,,,
2026-08-04 04:15:00,QLD1,5736.34,,,
2026-08-04 04:15:00,SA1,1402.59,,,
2026-08-04 04:15:00,TAS1,1039.35,,,
2026-08-04 04:15:00,VIC1,5075.26,,,
2026-08-04 04:20:00,NSW1,7487.91,,,
2026-08-04 04:20:00,QLD1,5735.46,,,
2026-08-04 04:20:00,SA1,1408.65,,,
2026-08-04 04:20:00,TAS1,1042.4,,,
2026-08-04 04:20:00,VIC1,5134.77,,,
2026-08-04 04:30:00,NSW1,,7489.67,0.0,0.0
2026-08-04 04:30:00,QLD1,,5724.03,0.0,0.0
2026-08-04 04:30:00,SA1,,1409.84,0.0,0.0
2026-08-04 04:30:00,TAS1,,1040.0,0.0,0.0
2026-08-04 04:30:00,VIC1,,5155.37,0.0,0.0
2026-08-04 05:00:00,NSW1,,7595.61,0.0,0.0
2026-08-04 05:00:00,QLD1,,5868.51,0.0,0.0
2026-08-04 05:00:00,SA1,,1412.69,0.0,0.0
2026-08-04 05:00:00,TAS1,,1058.0,0.0,0.0
2026-08-04 05:00:00,VIC1,,5239.89,0.0,0.0
2026-08-04 05:30:00,NSW1,,7860.01,,0.0
2026-08-04 05:30:00,QLD1,,6152.17,,0.0
2026-08-04 05:30:00,SA1,,1422.46,,0.0
2026-08-04 05:30:00,TAS1,,1056.0,,0.0
2026-08-04 05:30:00,VIC1,,5457.27,,0.0
2026-08-04 05:55:00,NSW1,8535.68,,,
2026-08-04 05:55:00,QLD1,6576.48,,,
2026-08-04 05:55:00,SA1,1469.64,,,
2026-08-04 05:55:00,TAS1,1142.51,,,
2026-08-04 05:55:00,VIC1,5912.66,,,
2026-08-04 06:00:00,NSW1,8594.63,8370.88,0.0,0.0
2026-08-04 06:00:00,QLD1,6687.86,6473.05,0.0,0.0
2026-08-04 06:00:00,SA1,1480.71,1450.32,0.0,0.0
2026-08-04 06:00:00,TAS1,1151.22,1113.0,0.0,0.0
2026-08-04 06:00:00,VIC1,6012.64,5815.36,0.0,0.0
2026-08-04 06:30:00,NSW1,,9122.21,1.794,0.0
2026-08-04 06:30:00,QLD1,,6887.82,19.357,0.0
2026-08-04 06:30:00,SA1,,1508.28,0.0,0.0
2026-08-04 06:30:00,TAS1,,1186.0,0.0,0.0
2026-08-04 06:30:00,VIC1,,6337.22,0.0,0.0
2026-08-04 07:00:00,NSW1,,9878.97,90.204,0.0
2026-08-04 07:00:00,QLD1,,7218.09,255.473,97.133
2026-08-04 07:00:00,SA1,,1588.42,0.0,0.0
2026-08-04 07:00:00,TAS1,,1255.0,0.0,0.0
2026-08-04 07:00:00,VIC1,,6925.15,0.0,0.0
2026-08-04 07:10:00,NSW1,10353.5,,,
2026-08-04 07:10:00,QLD1,7418.2,,,
2026-08-04 07:10:00,SA1,1690.98,,,
2026-08-04 07:10:00,TAS1,1345.28,,,
2026-08-04 07:10:00,VIC1,7312.54,,,
2026-08-04 07:15:00,NSW1,10443.24,,,
2026-08-04 07:15:00,QLD1,7465.74,,,
2026-08-04 07:15:00,SA1,1719.65,,,
2026-08-04 07:15:00,TAS1,1349.83,,,
2026-08-04 07:15:00,VIC1,7560.95,,,
2026-08-04 07:30:00,NSW1,,10337.71,447.356,207.83
2026-08-04 07:30:00,QLD1,,7376.27,737.373,413.967
2026-08-04 07:30:00,SA1,,1677.3,0.389,0.0
2026-08-04 07:30:00,TAS1,,1359.0,2.151,0.0
2026-08-04 07:30:00,VIC1,,7362.91,48.641,0.0
2026-08-04 08:00:00,NSW1,,10494.87,995.3,729.992
2026-08-04 08:00:00,QLD1,,7043.16,1313.401,1037.992
2026-08-04 08:00:00,SA1,,1767.09,55.051,0.0
2026-08-04 08:00:00,TAS1,,1381.0,10.39,7.647
2026-08-04 08:00:00,VIC1,,7910.78,215.188,76.295
2026-08-04 08:15:00,NSW1,9893.76,,,
2026-08-04 08:15:00,QLD1,6302.82,,,
2026-08-04 08:15:00,SA1,1963.37,,,
2026-08-04 08:15:00,TAS1,1429.0,,,
2026-08-04 08:15:00,VIC1,7864.44,,,
2026-08-04 08:20:00,NSW1,9720.85,,,
2026-08-04 08:20:00,QLD1,6190.78,,,
2026-08-04 08:20:00,SA1,1975.71,,,
2026-08-04 08:20:00,TAS1,1420.07,,,
2026-08-04 08:20:00,VIC1,7848.66,,,
2026-08-04 08:30:00,NSW1,,9858.47,1554.935,1403.525
2026-08-04 08:30:00,QLD1,,6363.0,1897.945,1734.151
2026-08-04 08:30:00,SA1,,1885.68,153.579,61.567
2026-08-04 08:30:00,TAS1,,1405.0,25.776,24.727
2026-08-04 08:30:00,VIC1,,7769.45,498.674,249.106
2026-08-04 09:00:00,NSW1,,9043.16,,2152.602
2026-08-04 09:00:00,QLD1,,5668.58,,2755.193
2026-08-04 09:00:00,SA1,,1894.54,,180.266
2026-08-04 09:00:00,TAS1,,1374.0,,46.267
2026-08-04 09:00:00,VIC1,,7602.84,,479.56
2026-08-04 09:25:00,NSW1,8287.69,,,
2026-08-04 09:25:00,QLD1,5011.82,,,
2026-08-04 09:25:00,SA1,1784.59,,,
2026-08-04 09:25:00,TAS1,1340.54,,,
2026-08-04 09:25:00,VIC1,7242.88,,,
2026-08-04 09:30:00,NSW1,8282.56,8627.2,2602.028,2767.664
2026-08-04 09:30:00,QLD1,5014.12,5194.72,2985.96,3326.203
2026-08-04 09:30:00,SA1,1759.46,1866.7,379.323,304.925
2026-08-04 09:30:00,TAS1,1340.27,1343.0,56.608,78.886
2026-08-04 09:30:00,VIC1,7273.47,7367.82,897.847,672.928
2026-08-04 10:00:00,NSW1,,8073.32,3027.603,3270.274
2026-08-04 10:00:00,QLD1,,4743.17,3419.145,3826.419
2026-08-04 10:00:00,SA1,,1708.3,456.775,417.985
2026-08-04 10:00:00,TAS1,,1275.0,69.452,103.3
2026-08-04 10:00:00,VIC1,,7037.13,920.512,839.163
2026-08-04 10:30:00,NSW1,,7589.55,,3643.986
2026-08-04 10:30:00,QLD1,,4495.51,,4139.442
2026-08-04 10:30:00,SA1,,1643.5,,491.404
2026-08-04 10:30:00,TAS1,,1268.0,,97.975
2026-08-04 10:30:00,VIC1,,6979.67,,938.686
2026-08-04 10:55:00,NSW1,7033.26,,,
2026-08-04 10:55:00,QLD1,4108.71,,,
2026-08-04 10:55:00,SA1,1675.91,,,
2026-08-04 10:55:00,TAS1,1249.97,,,
2026-08-04 10:55:00,VIC1,7083.15,,,
2026-08-04 11:00:00,NSW1,6939.14,7208.0,,3965.704
2026-08-04 11:00:00,QLD1,4083.31,4238.71,,4389.171
2026-08-04 11:00:00,SA1,1666.5,1608.86,,573.281
2026-08-04 11:00:00,TAS1,1246.54,1236.0,,110.134
2026-08-04 11:00:00,VIC1,7078.97,7045.35,,996.212
2026-08-04 11:30:00,NSW1,,6889.02,,4146.606
2026-08-04 11:30:00,QLD1,,4166.89,,4555.172
2026-08-04 11:30:00,SA1,,1496.37,,646.735
2026-08-04 11:30:00,TAS1,,1188.0,,124.307
2026-08-04 11:30:00,VIC1,,6896.05,,1049.892
2026-08-04 12:00:00,NSW1,,6536.07,,4212.645
2026-08-04 12:00:00,QLD1,,4016.63,,4629.583
2026-08-04 12:00:00,SA1,,1438.05,,711.537
2026-08-04 12:00:00,TAS1,,1145.0,,135.986
2026-08-04 12:00:00,VIC1,,6717.6,,1079.168
2026-08-04 12:30:00,NSW1,,6305.79,,4183.721
2026-08-04 12:30:00,QLD1,,3884.04,,4615.464
2026-08-04 12:30:00,SA1,,1392.89,,760.755
2026-08-04 12:30:00,TAS1,,1116.0,,142.389
2026-08-04 12:30:00,VIC1,,6583.54,,1083.804
2026-08-04 13:00:00,NSW1,,6178.89,3608.228,4047.903
2026-08-04 13:00:00,QLD1,,3800.54,3973.272,4512.163
2026-08-04 13:00:00,SA1,,1333.84,749.74,783.511
2026-08-04 13:00:00,TAS1,,1092.0,88.252,141.612
2026-08-04 13:00:00,VIC1,,6473.42,860.766,1083.706
2026-08-04 13:30:00,NSW1,,6155.55,3396.548,3811.458
2026-08-04 13:30:00,QLD1,,3808.9,3653.103,4263.986
2026-08-04 13:30:00,SA1,,1278.44,792.003,861.52
2026-08-04 13:30:00,TAS1,,1082.0,83.748,139.661
2026-08-04 13:30:00,VIC1,,6413.55,825.342,1066.143
2026-08-04 14:00:00,NSW1,,6341.43,,3647.494
2026-08-04 14:00:00,QLD1,,4121.44,,3914.978
2026-08-04 14:00:00,SA1,,1362.15,,729.245
2026-08-04 14:00:00,TAS1,,1128.0,,101.437
2026-08-04 14:00:00,VIC1,,7129.76,,884.627
2026-08-04 14:15:00,NSW1,6343.74,,,
2026-08-04 14:15:00,QLD1,4382.88,,,
2026-08-04 14:15:00,SA1,1282.2,,,
2026-08-04 14:15:00,TAS1,1174.31,,,
2026-08-04 14:15:00,VIC1,6851.1,,,
2026-08-04 14:20:00,NSW1,6427.28,,,
2026-08-04 14:20:00,QLD1,4405.68,,,
2026-08-04 14:20:00,SA1,1324.44,,,
2026-08-04 14:20:00,TAS1,1170.09,,,
2026-08-04 14:20:00,VIC1,6882.54,,,
2026-08-04 14:30:00,NSW1,,6521.85,,3262.829
2026-08-04 14:30:00,QLD1,,4437.27,,3481.444
2026-08-04 14:30:00,SA1,,1318.26,,754.692
2026-08-04 14:30:00,TAS1,,1150.0,,86.773
2026-08-04 14:30:00,VIC1,,7147.97,,795.67
2026-08-04 15:00:00,NSW1,,6812.05,,2683.234
2026-08-04 15:00:00,QLD1,,4766.12,,2962.49
2026-08-04 15:00:00,SA1,,1341.36,,705.064
2026-08-04 15:00:00,TAS1,,1146.0,,71.918
2026-08-04 15:00:00,VIC1,,6998.69,,720.86
2026-08-04 15:30:00,NSW1,,7273.36,1849.521,2052.865
2026-08-04 15:30:00,QLD1,,5218.95,2028.044,2370.869
2026-08-04 15:30:00,SA1,,1367.86,617.45,630.009
2026-08-04 15:30:00,TAS1,,1158.0,42.43,54.785
2026-08-04 15:30:00,VIC1,,6894.06,679.041,609.585
2026-08-04 16:00:00,NSW1,,7897.56,1348.852,1424.326
2026-08-04 16:00:00,QLD1,,5786.17,1491.129,1730.962
2026-08-04 16:00:00,SA1,,1397.0,551.107,531.23
2026-08-04 16:00:00,TAS1,,1179.0,30.864,37.782
2026-08-04 16:00:00,VIC1,,6979.13,601.364,462.815
2026-08-04 16:30:00,NSW1,,8334.07,,718.422
2026-08-04 16:30:00,QLD1,,6182.14,,1100.954
2026-08-04 16:30:00,SA1,,1449.7,,386.43
2026-08-04 16:30:00,TAS1,,1209.0,,15.617
2026-08-04 16:30:00,VIC1,,7274.77,,308.396
2026-08-04 16:40:00,NSW1,9148.36,,,
2026-08-04 16:40:00,QLD1,6828.16,,,
2026-08-04 16:40:00,SA1,1569.31,,,
2026-08-04 16:40:00,TAS1,1211.29,,,
2026-08-04 16:40:00,VIC1,7584.33,,,
2026-08-04 16:45:00,NSW1,9302.25,,,
2026-08-04 16:45:00,QLD1,6867.78,,,
2026-08-04 16:45:00,SA1,1600.69,,,
2026-08-04 16:45:00,TAS1,1227.11,,,
2026-08-04 16:45:00,VIC1,7668.44,,,
2026-08-04 17:00:00,NSW1,,9192.66,,51.072
2026-08-04 17:00:00,QLD1,,6866.59,,417.683
2026-08-04 17:00:00,SA1,,1580.01,,261.996
2026-08-04 17:00:00,TAS1,,1227.0,,2.23
2026-08-04 17:00:00,VIC1,,7624.26,,91.747
2026-08-04 17:30:00,NSW1,,9860.65,,0.0
2026-08-04 17:30:00,QLD1,,7287.6,,98.962
2026-08-04 17:30:00,SA1,,1780.31,,48.105
2026-08-04 17:30:00,TAS1,,1280.0,,0.0
2026-08-04 17:30:00,VIC1,,7882.16,,20.952
2026-08-04 18:00:00,NSW1,,10574.3,0.0,0.0
2026-08-04 18:00:00,QLD1,,7658.06,13.205,0.0
2026-08-04 18:00:00,SA1,,1980.98,41.419,0.0
2026-08-04 18:00:00,TAS1,,1333.0,0.0,0.0
2026-08-04 18:00:00,VIC1,,8139.49,0.416,0.0
2026-08-04 18:30:00,NSW1,,10869.13,0.0,0.0
2026-08-04 18:30:00,QLD1,,7801.98,0.0,0.0
2026-08-04 18:30:00,SA1,,2122.42,0.402,0.0
2026-08-04 18:30:00,TAS1,,1352.0,0.0,0.0
2026-08-04 18:30:00,VIC1,,8231.36,0.0,0.0
2026-08-04 19:00:00,NSW1,,10927.85,,0.0
2026-08-04 19:00:00,QLD1,,7773.36,,0.0
2026-08-04 19:00:00,SA1,,2216.09,,0.0
2026-08-04 19:00:00,TAS1,,1333.0,,0.0
2026-08-04 19:00:00,VIC1,,8379.17,,0.0
2026-08-04 19:25:00,NSW1,10908.62,,,
2026-08-04 19:25:00,QLD1,7640.29,,,
2026-08-04 19:25:00,SA1,2268.86,,,
2026-08-04 19:25:00,TAS1,1305.08,,,
2026-08-04 19:25:00,VIC1,8216.73,,,
2026-08-04 19:30:00,NSW1,10791.49,10853.16,,0.0
2026-08-04 19:30:00,QLD1,7588.25,7664.28,,0.0
2026-08-04 19:30:00,SA1,2268.4,2264.67,,0.0
2026-08-04 19:30:00,TAS1,1300.03,1306.0,,0.0
2026-08-04 19:30:00,VIC1,8136.62,8224.57,,0.0
2026-08-04 20:00:00,NSW1,,10724.64,,0.0
2026-08-04 20:00:00,QLD1,,7549.61,,0.0
2026-08-04 20:00:00,SA1,,2237.88,,0.0
2026-08-04 20:00:00,TAS1,,1289.0,,0.0
2026-08-04 20:00:00,VIC1,,8052.99,,0.0
2026-08-04 20:30:00,NSW1,,10628.4,0.0,0.0
2026-08-04 20:30:00,QLD1,,7424.55,0.0,0.0
2026-08-04 20:30:00,SA1,,2201.93,0.0,0.0
2026-08-04 20:30:00,TAS1,,1274.0,0.0,0.0
2026-08-04 20:30:00,VIC1,,7837.59,0.0,0.0
2026-08-04 21:00:00,NSW1,,10431.77,0.0,0.0
2026-08-04 21:00:00,QLD1,,7371.2,0.0,0.0
2026-08-04 21:00:00,SA1,,2168.08,0.0,0.0
2026-08-04 21:00:00,TAS1,,1247.0,0.0,0.0
2026-08-04 21:00:00,VIC1,,7626.2,0.0,0.0
2026-08-04 21:30:00,NSW1,,10037.39,,0.0
2026-08-04 21:30:00,QLD1,,7160.63,,0.0
2026-08-04 21:30:00,SA1,,2130.69,,0.0
2026-08-04 21:30:00,TAS1,,1201.0,,0.0
2026-08-04 21:30:00,VIC1,,7446.74,,0.0
2026-08-04 21:35:00,NSW1,9897.23,,,
2026-08-04 21:35:00,QLD1,7052.56,,,
2026-08-04 21:35:00,SA1,2050.49,,,
2026-08-04 21:35:00,TAS1,1218.74,,,
2026-08-04 21:35:00,VIC1,7325.71,,,
2026-08-04 21:40:00,NSW1,9763.34,,,
2026-08-04 21:40:00,QLD1,7143.74,,,
2026-08-04 21:40:00,SA1,2044.98,,,
2026-08-04 21:40:00,TAS1,1224.33,,,
2026-08-04 21:40:00,VIC1,7175.22,,,
2026-08-04 22:00:00,NSW1,,9683.93,0.0,0.0
2026-08-04 22:00:00,QLD1,,7018.35,0.0,0.0
2026-08-04 22:00:00,SA1,,2035.08,0.0,0.0
2026-08-04 22:00:00,TAS1,,1149.0,0.0,0.0
2026-08-04 22:00:00,VIC1,,7155.62,0.0,0.0
2026-08-04 22:30:00,NSW1,,9416.96,0.0,0.0
2026-08-04 22:30:00,QLD1,,6751.39,0.0,0.0
2026-08-04 22:30:00,SA1,,1926.96,0.0,0.0
2026-08-04 22:30:00,TAS1,,1117.0,0.0,0.0
2026-08-04 22:30:00,VIC1,,6794.11,0.0,0.0
2026-08-04 23:00:00,NSW1,,9100.83,,0.0
2026-08-04 23:00:00,QLD1,,6486.39,,0.0
2026-08-04 23:00:00,SA1,,1813.79,,0.0
2026-08-04 23:00:00,TAS1,,1079.0,,0.0
2026-08-04 23:00:00,VIC1,,6417.77,,0.0
2026-08-04 23:15:00,NSW1,8785.73,,,
2026-08-04 23:15:00,QLD1,6328.77,,,
2026-08-04 23:15:00,SA1,1712.57,,,
2026-08-04 23:15:00,TAS1,1084.28,,,
2026-08-04 23:15:00,VIC1,6391.38,,,
2026-08-04 23:20:00,NSW1,8784.72,,,
2026-08-04 23:20:00,QLD1,6281.0,,,
2026-08-04 23:20:00,SA1,1687.57,,,
2026-08-04 23:20:00,TAS1,1064.63,,,
2026-08-04 23:20:00,VIC1,6296.08,,,
2026-08-04 23:30:00,NSW1,,8880.85,,0.0
2026-08-04 23:30:00,QLD1,,6297.14,,0.0
2026-08-04 23:30:00,SA1,,1721.18,,0.0
2026-08-04 23:30:00,TAS1,,1036.0,,0.0
2026-08-04 23:30:00,VIC1,,6309.89,,0.0
2026-08-05 00:00:00,NSW1,,8689.74,,0.0
2026-08-05 00:00:00,QLD1,,6149.39,,0.0
2026-08-05 00:00:00,SA1,,1693.66,,0.0
2026-08-05 00:00:00,TAS1,,1015.0,,0.0
2026-08-05 00:00:00,VIC1,,6150.16,,0.0
2026-08-05 00:30:00,NSW1,,8515.95,0.0,0.0
2026-08-05 00:30:00,QLD1,,6012.52,0.0,0.0
2026-08-05 00:30:00,SA1,,1664.94,0.0,0.0
2026-08-05 00:30:00,TAS1,,1005.0,0.0,0.0
2026-08-05 00:30:00,VIC1,,5984.3,0.0,0.0
2026-08-05 01:00:00,NSW1,,8355.48,0.0,0.0
2026-08-05 01:00:00,QLD1,,5862.67,0.0,0.0
2026-08-05 01:00:00,SA1,,1666.37,0.0,0.0
2026-08-05 01:00:00,TAS1,,998.0,0.0,0.0
2026-08-05 01:00:00,VIC1,,5817.24,0.0,0.0
2026-08-05 01:30:00,NSW1,,8168.14,,0.0
2026-08-05 01:30:00,QLD1,,5759.64,,0.0
2026-08-05 01:30:00,SA1,,1636.91,,0.0
2026-08-05 01:30:00,TAS1,,974.0,,0.0
2026-08-05 01:30:00,VIC1,,5668.07,,0.0
2026-08-05 01:35:00,NSW1,8033.91,,,
2026-08-05 01:35:00,QLD1,5745.31,,,
2026-08-05 01:35:00,SA1,1610.29,,,
2026-08-05 01:35:00,TAS1,975.42,,,
2026-08-05 01:35:00,VIC1,5561.05,,,
2026-08-05 01:40:00,NSW1,8000.35,,,
2026-08-05 01:40:00,QLD1,5726.34,,,
2026-08-05 01:40:00,SA1,1610.93,,,
2026-08-05 01:40:00,TAS1,986.72,,,
2026-08-05 01:40:00,VIC1,5526.14,,,
2026-08-05 02:00:00,NSW1,,7932.94,0.0,0.0
2026-08-05 02:00:00,QLD1,,5701.06,0.0,0.0
2026-08-05 02:00:00,SA1,,1615.98,0.0,0.0
2026-08-05 02:00:00,TAS1,,969.0,0.0,0.0
2026-08-05 02:00:00,VIC1,,5527.59,0.0,0.0
2026-08-05 02:30:00,NSW1,,7765.72,0.0,0.0
2026-08-05 02:30:00,QLD1,,5650.79,0.0,0.0
2026-08-05 02:30:00,SA1,,1578.59,0.0,0.0
2026-08-05 02:30:00,TAS1,,970.0,0.0,0.0
2026-08-05 02:30:00,VIC1,,5396.08,0.0,0.0
2026-08-05 03:00:00,NSW1,,7661.14,,0.0
2026-08-05 03:00:00,QLD1,,5639.11,,0.0
2026-08-05 03:00:00,SA1,,1550.22,,0.0
2026-08-05 03:00:00,TAS1,,982.0,,0.0
2026-08-05 03:00:00,VIC1,,5297.51,,0.0
2026-08-05 03:15:00,NSW1,7673.52,,,
2026-08-05 03:15:00,QLD1,5677.45,,,
2026-08-05 03:15:00,SA1,1546.96,,,
2026-08-05 03:15:00,TAS1,1013.5,,,
2026-08-05 03:15:00,VIC1,5192.21,,,
2026-08-05 03:20:00,NSW1,7672.11,,,
2026-08-05 03:20:00,QLD1,5678.59,,,
2026-08-05 03:20:00,SA1,1547.74,,,
2026-08-05 03:20:00,TAS1,1013.19,,,
2026-08-05 03:20:00,VIC1,5247.5,,,
2026-08-05 03:30:00,NSW1,,7612.79,0.0,0.0
2026-08-05 03:30:00,QLD1,,5656.41,0.0,0.0
2026-08-05 03:30:00,SA1,,1539.71,0.0,0.0
2026-08-05 03:30:00,TAS1,,997.0,0.0,0.0
2026-08-05 03:30:00,VIC1,,5254.56,0.0,0.0
2026-08-05 04:00:00,NSW1,,7590.8,0.0,0.0
2026-08-05 04:00:00,QLD1,,5678.16,0.0,0.0
2026-08-05 04:00:00,SA1,,1519.1,0.0,0.0
2026-08-05 04:00:00,TAS1,,1004.0,0.0,0.0
2026-08-05 04:00:00,VIC1,,5213.38,0.0,0.0
2026-08-05 04:30:00,NSW1,,7713.79,,0.0
2026-08-05 04:30:00,QLD1,,5772.68,,0.0
2026-08-05 04:30:00,SA1,,1528.8,,0.0
2026-08-05 04:30:00,TAS1,,1025.0,,0.0
2026-08-05 04:30:00,VIC1,,5171.09,,0.0
2026-08-05 04:55:00,NSW1,7891.16,,,
2026-08-05 04:55:00,QLD1,6002.43,,,
2026-08-05 04:55:00,SA1,1510.33,,,
2026-08-05 04:55:00,TAS1,1078.71,,,
2026-08-05 04:55:00,VIC1,5248.0,,,
2026-08-05 05:00:00,NSW1,7863.53,7773.47,0.0,0.0
2026-08-05 05:00:00,QLD1,6129.32,5922.85,0.0,0.0
2026-08-05 05:00:00,SA1,1505.26,1505.35,0.0,0.0
2026-08-05 05:00:00,TAS1,1083.61,1048.0,0.0,0.0
2026-08-05 05:00:00,VIC1,5279.09,5254.81,0.0,0.0
2026-08-05 05:30:00,NSW1,,8105.95,0.0,0.0
2026-08-05 05:30:00,QLD1,,6150.05,0.0,0.0
2026-08-05 05:30:00,SA1,,1525.56,0.0,0.0
2026-08-05 05:30:00,TAS1,,1082.0,0.0,0.0
2026-08-05 05:30:00,VIC1,,5475.2,0.0,0.0
2026-08-05 06:00:00,NSW1,,8537.84,,0.0
2026-08-05 06:00:00,QLD1,,6465.83,,0.0
2026-08-05 06:00:00,SA1,,1561.9,,0.0
2026-08-05 06:00:00,TAS1,,1137.0,,0.0
2026-08-05 06:00:00,VIC1,,5713.0,,0.0
2026-08-05 06:20:00,NSW1,9469.56,,,
2026-08-05 06:20:00,QLD1,6926.13,,,
2026-08-05 06:20:00,SA1,1649.85,,,
2026-08-05 06:20:00,TAS1,1196.13,,,
2026-08-05 06:20:00,VIC1,6317.74,,,
2026-08-05 06:25:00,NSW1,9657.63,,,
2026-08-05 06:25:00,QLD1,7063.53,,,
2026-08-05 06:25:00,SA1,1659.43,,,
2026-08-05 06:25:00,TAS1,1212.17,,,
2026-08-05 06:25:00,VIC1,6438.32,,,
2026-08-05 06:30:00,NSW1,,9314.58,2.307,0.0
2026-08-05 06:30:00,QLD1,,6904.64,18.636,0.0
2026-08-05 06:30:00,SA1,,1637.22,0.0,0.0
2026-08-05 06:30:00,TAS1,,1191.0,0.0,0.0
2026-08-05 06:30:00,VIC1,,6240.33,0.0,0.0
2026-08-05 07:00:00,NSW1,,10092.56,100.718,0.0
2026-08-05 07:00:00,QLD1,,7158.51,219.828,94.665
2026-08-05 07:00:00,SA1,,1766.09,0.0,0.0
2026-08-05 07:00:00,TAS1,,1268.0,0.0,0.0
2026-08-05 07:00:00,VIC1,,6817.68,0.0,0.0
2026-08-05 07:30:00,NSW1,,10508.27,473.698,219.412
2026-08-05 07:30:00,QLD1,,7215.64,730.854,430.625
2026-08-05 07:30:00,SA1,,1844.92,0.566,0.0
2026-08-05 07:30:00,TAS1,,1308.0,2.773,0.0
2026-08-05 07:30:00,VIC1,,7346.29,45.611,0.0
2026-08-05 07:40:00,NSW1,10700.28,,,
2026-08-05 07:40:00,QLD1,6890.5,,,
2026-08-05 07:40:00,SA1,2031.52,,,
2026-08-05 07:40:00,TAS1,1396.72,,,
2026-08-05 07:40:00,VIC1,7729.11,,,
2026-08-05 07:45:00,NSW1,10707.32,,,
2026-08-05 07:45:00,QLD1,6768.55,,,
2026-08-05 07:45:00,SA1,2093.47,,,
2026-08-05 07:45:00,TAS1,1404.99,,,
2026-08-05 07:45:00,VIC1,7766.61,,,
2026-08-05 08:00:00,NSW1,,10711.03,1024.299,746.322
2026-08-05 08:00:00,QLD1,,6861.71,1310.749,1031.712
2026-08-05 08:00:00,SA1,,1962.47,16.23,0.0
2026-08-05 08:00:00,TAS1,,1357.0,15.191,8.607
2026-08-05 08:00:00,VIC1,,7764.1,201.609,82.418
2026-08-05 08:30:00,NSW1,,10188.18,1600.567,1383.643
2026-08-05 08:30:00,QLD1,,6211.27,1904.879,1689.527
2026-08-05 08:30:00,SA1,,2058.69,127.817,64.927
2026-08-05 08:30:00,TAS1,,1363.0,37.019,28.511
2026-08-05 08:30:00,VIC1,,7871.88,439.251,262.289
2026-08-05 08:40:00,NSW1,9630.65,,,
2026-08-05 08:40:00,QLD1,5645.88,,,
2026-08-05 08:40:00,SA1,2066.16,,,
2026-08-05 08:40:00,TAS1,1350.8,,,
2026-08-05 08:40:00,VIC1,7751.01,,,
2026-08-05 08:45:00,NSW1,9422.84,,,
2026-08-05 08:45:00,QLD1,5535.85,,,
2026-08-05 08:45:00,SA1,2049.44,,,
2026-08-05 08:45:00,TAS1,1338.62,,,
2026-08-05 08:45:00,VIC1,7716.65,,,
2026-08-05 09:00:00,NSW1,,9427.4,2156.124,2183.763
2026-08-05 09:00:00,QLD1,,5658.97,2478.002,2719.798
2026-08-05 09:00:00,SA1,,2066.3,274.678,195.042
2026-08-05 09:00:00,TAS1,,1315.0,56.974,52.902
2026-08-05 09:00:00,VIC1,,7603.19,660.463,495.72
2026-08-05 09:30:00,NSW1,,8801.84,,2826.196
2026-08-05 09:30:00,QLD1,,5098.39,,3268.649
2026-08-05 09:30:00,SA1,,1984.83,,314.965
2026-08-05 09:30:00,TAS1,,1258.0,,76.168
2026-08-05 09:30:00,VIC1,,7502.22,,691.552
2026-08-05 09:40:00,NSW1,8363.83,,,
2026-08-05 09:40:00,QLD1,4736.63,,,
2026-08-05 09:40:00,SA1,1875.45,,,
2026-08-05 09:40:00,TAS1,1256.83,,,
2026-08-05 09:40:00,VIC1,7310.79,,,
2026-08-05 09:45:00,NSW1,8242.15,,,
2026-08-05 09:45:00,QLD1,4609.3,,,
2026-08-05 09:45:00,SA1,1848.19,,,
2026-08-05 09:45:00,TAS1,1243.66,,,
2026-08-05 09:45:00,VIC1,7251.57,,,
2026-08-05 10:00:00,NSW1,,8025.51,3063.161,3357.02
2026-08-05 10:00:00,QLD1,,4675.45,3496.373,3771.498
2026-08-05 10:00:00,SA1,,1836.64,438.293,509.91
2026-08-05 10:00:00,TAS1,,1192.0,94.143,104.079
2026-08-05 10:00:00,VIC1,,7246.04,958.323,880.714
2026-08-05 10:30:00,NSW1,,7597.96,3372.082,3729.964
2026-08-05 10:30:00,QLD1,,4409.96,3873.735,4126.716
2026-08-05 10:30:00,SA1,,1692.5,520.191,631.588
2026-08-05 10:30:00,TAS1,,1152.0,108.332,125.059
2026-08-05 10:30:00,VIC1,,6944.97,967.357,1032.216
2026-08-05 11:00:00,NSW1,7079.86,7412.42,,4079.882
2026-08-05 11:00:00,QLD1,3946.58,4112.31,,4402.276
2026-08-05 11:00:00,SA1,1805.69,1870.69,,648.093
2026-08-05 11:00:00,TAS1,1100.77,1107.0,,151.895
2026-08-05 11:00:00,VIC1,6776.21,6992.65,,1175.683
2026-08-05 11:05:00,NSW1,7083.69,,,
2026-08-05 11:05:00,QLD1,3939.79,,,
2026-08-05 11:05:00,SA1,1755.19,,,
2026-08-05 11:05:00,TAS1,1089.75,,,
2026-08-05 11:05:00,VIC1,6747.54,,,
2026-08-05 11:30:00,NSW1,,7047.85,,4283.953
2026-08-05 11:30:00,QLD1,,3988.35,,4587.515
2026-08-05 11:30:00,SA1,,1842.16,,724.897
2026-08-05 11:30:00,TAS1,,1067.0,,160.811
2026-08-05 11:30:00,VIC1,,6736.17,,1256.246
2026-08-05 12:00:00,NSW1,,6792.13,,4307.192
2026-08-05 12:00:00,QLD1,,3962.21,,4662.419
2026-08-05 12:00:00,SA1,,1708.44,,753.934
2026-08-05 12:00:00,TAS1,,1043.0,,167.57
2026-08-05 12:00:00,VIC1,,6606.55,,1339.002
2026-08-05 12:30:00,NSW1,,6426.58,,4231.255
2026-08-05 12:30:00,QLD1,,3804.82,,4654.196
2026-08-05 12:30:00,SA1,,1607.65,,741.299
2026-08-05 12:30:00,TAS1,,1025.0,,171.169
2026-08-05 12:30:00,VIC1,,6425.54,,1379.489
2026-08-05 13:00:00,NSW1,,6171.94,3681.375,4065.243
2026-08-05 13:00:00,QLD1,,3693.27,3970.468,4565.067
2026-08-05 13:00:00,SA1,,1538.18,411.857,711.587
2026-08-05 13:00:00,TAS1,,1011.0,142.38,169.582
2026-08-05 13:00:00,VIC1,,6254.74,1305.867,1381.291
2026-08-05 13:30:00,NSW1,,6105.43,3429.698,3814.705
2026-08-05 13:30:00,QLD1,,3716.2,3702.11,4347.426
2026-08-05 13:30:00,SA1,,1460.28,415.993,682.214
2026-08-05 13:30:00,TAS1,,1009.0,131.129,160.518
2026-08-05 13:30:00,VIC1,,6200.29,1184.544,1361.258
2026-08-05 14:00:00,NSW1,,6631.08,,3681.529
2026-08-05 14:00:00,QLD1,,4055.31,,3977.728
2026-08-05 14:00:00,SA1,,1743.12,,517.873
2026-08-05 14:00:00,TAS1,,952.0,,156.075
2026-08-05 14:00:00,VIC1,,6803.51,,1201.399
2026-08-05 14:20:00,NSW1,6750.11,,,
2026-08-05 14:20:00,QLD1,4320.49,,,
2026-08-05 14:20:00,SA1,1856.5,,,
2026-08-05 14:20:00,TAS1,1007.4,,,
2026-08-05 14:20:00,VIC1,6587.67,,,
2026-08-05 14:25:00,NSW1,6694.35,,,
2026-08-05 14:25:00,QLD1,4472.68,,,
2026-08-05 14:25:00,SA1,1853.96,,,
2026-08-05 14:25:00,TAS1,1009.5,,,
2026-08-05 14:25:00,VIC1,6606.41,,,
2026-08-05 14:30:00,NSW1,,6771.39,,3295.095
2026-08-05 14:30:00,QLD1,,4321.03,,3547.581
2026-08-05 14:30:00,SA1,,1844.33,,446.314
2026-08-05 14:30:00,TAS1,,976.0,,137.087
2026-08-05 14:30:00,VIC1,,6842.87,,1092.906
2026-08-05 15:00:00,NSW1,,7032.99,,2740.062
2026-08-05 15:00:00,QLD1,,4674.54,,3045.119
2026-08-05 15:00:00,SA1,,1808.83,,434.328
2026-08-05 15:00:00,TAS1,,990.0,,114.33
2026-08-05 15:00:00,VIC1,,6743.49,,959.7
2026-08-05 15:30:00,NSW1,,7423.07,,2124.309
2026-08-05 15:30:00,QLD1,,5161.24,,2462.149
2026-08-05 15:30:00,SA1,,1773.66,,385.728
2026-08-05 15:30:00,TAS1,,1017.0,,87.987
2026-08-05 15:30:00,VIC1,,6735.45,,790.343
2026-08-05 16:00:00,NSW1,,8013.97,1276.288,1481.454
2026-08-05 16:00:00,QLD1,,5748.16,1541.304,1817.074
2026-08-05 16:00:00,SA1,,1748.45,296.547,324.279
2026-08-05 16:00:00,TAS1,,1052.0,51.39,60.68
2026-08-05 16:00:00,VIC1,,6869.1,659.98,587.661
2026-08-05 16:30:00,NSW1,,8709.93,778.533,744.147
2026-08-05 16:30:00,QLD1,,6347.26,985.424,1129.949
2026-08-05 16:30:00,SA1,,1789.15,249.156,250.775
2026-08-05 16:30:00,TAS1,,1097.0,29.672,27.527
2026-08-05 16:30:00,VIC1,,7109.06,454.749,380.207
2026-08-05 17:00:00,NSW1,,9520.97,,46.312
2026-08-05 17:00:00,QLD1,,6643.35,,398.926
2026-08-05 17:00:00,SA1,,1994.53,,146.105
2026-08-05 17:00:00,TAS1,,1153.0,,2.591
2026-08-05 17:00:00,VIC1,,7362.74,,123.675
2026-08-05 17:05:00,NSW1,10086.7,,,
2026-08-05 17:05:00,QLD1,7130.93,,,
2026-08-05 17:05:00,SA1,2056.7,,,
2026-08-05 17:05:00,TAS1,1193.34,,,
2026-08-05 17:05:00,VIC1,7831.78,,,
2026-08-05 17:10:00,NSW1,10119.69,,,
2026-08-05 17:10:00,QLD1,7017.6,,,
2026-08-05 17:10:00,SA1,2117.14,,,
2026-08-05 17:10:00,TAS1,1208.23,,,
2026-08-05 17:10:00,VIC1,7898.94,,,
2026-08-05 17:30:00,NSW1,,10267.33,,0.0
2026-08-05 17:30:00,QLD1,,7176.47,,97.468
2026-08-05 17:30:00,SA1,,2092.28,,22.77
2026-08-05 17:30:00,TAS1,,1204.0,,0.0
2026-08-05 17:30:00,VIC1,,7932.88,,29.854
2026-08-05 18:00:00,NSW1,,10919.89,,0.0
2026-08-05 18:00:00,QLD1,,7508.68,,0.0
2026-08-05 18:00:00,SA1,,2243.05,,0.0
2026-08-05 18:00:00,TAS1,,1259.0,,0.0
2026-08-05 18:00:00,VIC1,,8203.66,,0.0
2026-08-05 18:30:00,NSW1,,11135.51,0.0,0.0
2026-08-05 18:30:00,QLD1,,7673.97,0.0,0.0
2026-08-05 18:30:00,SA1,,2333.83,0.375,0.0
2026-08-05 18:30:00,TAS1,,1282.0,0.0,0.0
2026-08-05 18:30:00,VIC1,,8309.84,0.0,0.0
2026-08-05 19:00:00,NSW1,,11180.88,0.0,0.0
2026-08-05 19:00:00,QLD1,,7656.86,0.0,0.0
2026-08-05 19:00:00,SA1,,2354.9,0.0,0.0
2026-08-05 19:00:00,TAS1,,1282.0,0.0,0.0
2026-08-05 19:00:00,VIC1,,8261.27,0.0,0.0
2026-08-05 19:30:00,NSW1,,11167.71,,0.0
2026-08-05 19:30:00,QLD1,,7467.84,,0.0
2026-08-05 19:30:00,SA1,,2353.77,,0.0
2026-08-05 19:30:00,TAS1,,1280.0,,0.0
2026-08-05 19:30:00,VIC1,,8320.34,,0.0
2026-08-05 19:40:00,NSW1,11081.04,,,
2026-08-05 19:40:00,QLD1,7331.08,,,
2026-08-05 19:40:00,SA1,2324.34,,,
2026-08-05 19:40:00,TAS1,1315.8,,,
2026-08-05 19:40:00,VIC1,8253.5,,,
2026-08-05 19:45:00,NSW1,11028.66,,,
2026-08-05 19:45:00,QLD1,7287.31,,,
2026-08-05 19:45:00,SA1,2317.45,,,
2026-08-05 19:45:00,TAS1,1307.95,,,
2026-08-05 19:45:00,VIC1,8227.88,,,
2026-08-05 20:00:00,NSW1,,11042.62,,0.0
2026-08-05 20:00:00,QLD1,,7358.36,,0.0
2026-08-05 20:00:00,SA1,,2328.47,,0.0
2026-08-05 20:00:00,TAS1,,1271.0,,0.0
2026-08-05 20:00:00,VIC1,,8161.65,,0.0
2026-08-05 20:30:00,NSW1,,10899.36,0.0,0.0
2026-08-05 20:30:00,QLD1,,7268.22,0.0,0.0
2026-08-05 20:30:00,SA1,,2287.13,0.0,0.0
2026-08-05 20:30:00,TAS1,,1259.0,0.0,0.0
2026-08-05 20:30:00,VIC1,,7973.12,0.0,0.0
2026-08-05 21:00:00,NSW1,,10715.45,0.0,0.0
2026-08-05 21:00:00,QLD1,,7233.25,0.0,0.0
2026-08-05 21:00:00,SA1,,2221.07,0.0,0.0
2026-08-05 21:00:00,TAS1,,1240.0,0.0,0.0
2026-08-05 21:00:00,VIC1,,7776.24,0.0,0.0
2026-08-05 21:30:00,NSW1,,10292.47,,0.0
2026-08-05 21:30:00,QLD1,,7114.45,,0.0
2026-08-05 21:30:00,SA1,,2122.89,,0.0
2026-08-05 21:30:00,TAS1,,1225.0,,0.0
2026-08-05 21:30:00,VIC1,,7426.7,,0.0
2026-08-05 21:40:00,NSW1,10074.57,,,
2026-08-05 21:40:00,QLD1,7122.09,,,
2026-08-05 21:40:00,SA1,2035.34,,,
2026-08-05 21:40:00,TAS1,1233.5,,,
2026-08-05 21:40:00,VIC1,7269.41,,,
2026-08-05 21:45:00,NSW1,10022.55,,,
2026-08-05 21:45:00,QLD1,7013.32,,,
2026-08-05 21:45:00,SA1,2024.52,,,
2026-08-05 21:45:00,TAS1,1231.58,,,
2026-08-05 21:45:00,VIC1,7191.04,,,
2026-08-05 22:00:00,NSW1,,9996.37,0.0,0.0
2026-08-05 22:00:00,QLD1,,6979.46,0.0,0.0
2026-08-05 22:00:00,SA1,,2023.77,0.0,0.0
2026-08-05 22:00:00,TAS1,,1194.0,0.0,0.0
2026-08-05 22:00:00,VIC1,,7190.65,0.0,0.0
2026-08-05 22:30:00,NSW1,,9698.12,0.0,0.0
2026-08-05 22:30:00,QLD1,,6739.26,0.0,0.0
2026-08-05 22:30:00,SA1,,1914.46,0.0,0.0
2026-08-05 22:30:00,TAS1,,1154.0,0.0,0.0
2026-08-05 22:30:00,VIC1,,6841.45,0.0,0.0
2026-08-05 23:00:00,NSW1,,9332.89,,0.0
2026-08-05 23:00:00,QLD1,,6585.17,,0.0
2026-08-05 23:00:00,SA1,,1783.06,,0.0
2026-08-05 23:00:00,TAS1,,1111.0,,0.0
2026-08-05 23:00:00,VIC1,,6543.23,,0.0
2026-08-05 23:20:00,NSW1,8984.59,,,
2026-08-05 23:20:00,QLD1,6353.5,,,
2026-08-05 23:20:00,SA1,1646.33,,,
2026-08-05 23:20:00,TAS1,1096.22,,,
2026-08-05 23:20:00,VIC1,6395.89,,,
2026-08-05 23:25:00,NSW1,8891.05,,,
2026-08-05 23:25:00,QLD1,6324.59,,,
2026-08-05 23:25:00,SA1,1647.87,,,
2026-08-05 23:25:00,TAS1,1095.45,,,
2026-08-05 23:25:00,VIC1,6420.86,,,
2026-08-05 23:30:00,NSW1,,9057.13,,0.0
2026-08-05 23:30:00,QLD1,,6375.83,,0.0
2026-08-05 23:30:00,SA1,,1652.21,,0.0
2026-08-05 23:30:00,TAS1,,1076.0,,0.0
2026-08-05 23:30:00,VIC1,,6453.95,,0.0
2026-08-06 00:00:00,NSW1,,8861.9,,0.0
2026-08-06 00:00:00,QLD1,,6236.53,,0.0
2026-08-06 00:00:00,SA1,,1638.62,,0.0
2026-08-06 00:00:00,TAS1,,1050.0,,0.0
2026-08-06 00:00:00,VIC1,,6289.47,,0.0
2026-08-06 00:30:00,NSW1,,8666.28,0.0,0.0
2026-08-06 00:30:00,QLD1,,6087.2,0.0,0.0
2026-08-06 00:30:00,SA1,,1631.21,0.0,0.0
2026-08-06 00:30:00,TAS1,,1032.0,0.0,0.0
2026-08-06 00:30:00,VIC1,,6115.03,0.0,0.0
2026-08-06 01:00:00,NSW1,,8529.52,0.0,0.0
2026-08-06 01:00:00,QLD1,,5940.98,0.0,0.0
2026-08-06 01:00:00,SA1,,1592.86,0.0,0.0
2026-08-06 01:00:00,TAS1,,1040.0,0.0,0.0
2026-08-06 01:00:00,VIC1,,5947.37,0.0,0.0
2026-08-06 01:30:00,NSW1,8189.04,8288.51,,0.0
2026-08-06 01:30:00,QLD1,5767.21,5824.42,,0.0
2026-08-06 01:30:00,SA1,1533.26,1567.22,,0.0
2026-08-06 01:30:00,TAS1,1065.38,1035.0,,0.0
2026-08-06 01:30:00,VIC1,5675.01,5789.29,,0.0
2026-08-06 01:35:00,NSW1,8194.81,,,
2026-08-06 01:35:00,QLD1,5777.38,,,
2026-08-06 01:35:00,SA1,1509.91,,,
2026-08-06 01:35:00,TAS1,1064.13,,,
2026-08-06 01:35:00,VIC1,5642.81,,,
2026-08-06 02:00:00,NSW1,,8083.04,0.0,0.0
2026-08-06 02:00:00,QLD1,,5744.18,0.0,0.0
2026-08-06 02:00:00,SA1,,1550.22,0.0,0.0
2026-08-06 02:00:00,TAS1,,1028.0,0.0,0.0
2026-08-06 02:00:00,VIC1,,5622.02,0.0,0.0
2026-08-06 02:30:00,NSW1,,7948.33,0.0,0.0
2026-08-06 02:30:00,QLD1,,5706.91,0.0,0.0
2026-08-06 02:30:00,SA1,,1529.21,0.0,0.0
2026-08-06 02:30:00,TAS1,,1026.0,0.0,0.0
2026-08-06 02:30:00,VIC1,,5501.55,0.0,0.0
2026-08-06 03:00:00,NSW1,7803.28,7800.64,,0.0
2026-08-06 03:00:00,QLD1,5659.87,5664.3,,0.0
2026-08-06 03:00:00,SA1,1450.5,1472.15,,0.0
2026-08-06 03:00:00,TAS1,1006.42,1028.0,,0.0
2026-08-06 03:00:00,VIC1,5277.07,5362.3,,0.0
2026-08-06 03:05:00,NSW1,7833.76,,,
2026-08-06 03:05:00,QLD1,5650.37,,,
2026-08-06 03:05:00,SA1,1455.89,,,
2026-08-06 03:05:00,TAS1,1008.45,,,
2026-08-06 03:05:00,VIC1,5284.35,,,
2026-08-06 03:30:00,NSW1,,7725.96,0.0,0.0
2026-08-06 03:30:00,QLD1,,5667.44,0.0,0.0
2026-08-06 03:30:00,SA1,,1463.22,0.0,0.0
2026-08-06 03:30:00,TAS1,,1032.0,0.0,0.0
2026-08-06 03:30:00,VIC1,,5291.98,0.0,0.0
2026-08-06 04:00:00,NSW1,,7725.46,0.0,0.0
2026-08-06 04:00:00,QLD1,,5686.68,0.0,0.0
2026-08-06 04:00:00,SA1,,1442.56,0.0,0.0
2026-08-06 04:00:00,TAS1,,1036.0,0.0,0.0
2026-08-06 04:00:00,VIC1,,5272.66,0.0,0.0
2026-08-06 04:30:00,NSW1,,7909.74,,0.0
2026-08-06 04:30:00,QLD1,,5780.65,,0.0
2026-08-06 04:30:00,SA1,,1417.22,,0.0
2026-08-06 04:30:00,TAS1,,1031.0,,0.0
2026-08-06 04:30:00,VIC1,,5269.91,,0.0
2026-08-06 04:40:00,NSW1,8088.51,,,
2026-08-06 04:40:00,QLD1,5875.54,,,
2026-08-06 04:40:00,SA1,1422.77,,,
2026-08-06 04:40:00,TAS1,1101.34,,,
2026-08-06 04:40:00,VIC1,5252.13,,,
2026-08-06 04:45:00,NSW1,8105.73,,,
2026-08-06 04:45:00,QLD1,5887.73,,,
2026-08-06 04:45:00,SA1,1425.73,,,
2026-08-06 04:45:00,TAS1,1106.33,,,
2026-08-06 04:45:00,VIC1,5320.65,,,
2026-08-06 05:00:00,NSW1,,8004.4,0.0,0.0
2026-08-06 05:00:00,QLD1,,5934.31,0.0,0.0
2026-08-06 05:00:00,SA1,,1409.28,0.0,0.0
2026-08-06 05:00:00,TAS1,,1093.0,0.0,0.0
2026-08-06 05:00:00,VIC1,,5377.93,0.0,0.0
2026-08-06 05:30:00,NSW1,,8365.3,0.0,0.0
2026-08-06 05:30:00,QLD1,,6173.64,0.0,0.0
2026-08-06 05:30:00,SA1,,1423.93,0.0,0.0
2026-08-06 05:30:00,TAS1,,1126.0,0.0,0.0
2026-08-06 05:30:00,VIC1,,5603.75,0.0,0.0
2026-08-06 06:00:00,NSW1,,8889.05,,0.0
2026-08-06 06:00:00,QLD1,,6471.22,,0.0
2026-08-06 06:00:00,SA1,,1449.38,,0.0
2026-08-06 06:00:00,TAS1,,1167.0,,0.0
2026-08-06 06:00:00,VIC1,,5860.93,,0.0
2026-08-06 06:10:00,NSW1,9471.74,,,
2026-08-06 06:10:00,QLD1,6780.42,,,
2026-08-06 06:10:00,SA1,1514.51,,,
2026-08-06 06:10:00,TAS1,1250.36,,,
2026-08-06 06:10:00,VIC1,6114.23,,,
2026-08-06 06:15:00,NSW1,9707.1,,,
2026-08-06 06:15:00,QLD1,6870.78,,,
2026-08-06 06:15:00,SA1,1556.66,,,
2026-08-06 06:15:00,TAS1,1268.81,,,
2026-08-06 06:15:00,VIC1,6291.94,,,
2026-08-06 06:30:00,NSW1,,9641.4,1.458,0.0
2026-08-06 06:30:00,QLD1,,6857.96,5.085,0.0
2026-08-06 06:30:00,SA1,,1510.16,0.0,0.0
2026-08-06 06:30:00,TAS1,,1238.0,0.0,0.0
2026-08-06 06:30:00,VIC1,,6331.41,0.0,0.0
2026-08-06 07:00:00,NSW1,,10411.42,77.943,0.0
2026-08-06 07:00:00,QLD1,,7092.07,58.596,89.116
2026-08-06 07:00:00,SA1,,1584.2,0.0,0.0
2026-08-06 07:00:00,TAS1,,1320.0,0.0,0.0
2026-08-06 07:00:00,VIC1,,6940.53,0.004,0.0
2026-08-06 07:30:00,NSW1,11042.73,10943.32,428.086,215.638
2026-08-06 07:30:00,QLD1,7186.59,7179.94,498.953,376.803
2026-08-06 07:30:00,SA1,1806.58,1699.86,0.794,0.0
2026-08-06 07:30:00,TAS1,1384.33,1341.0,2.984,0.0
2026-08-06 07:30:00,VIC1,7667.43,7412.21,38.234,0.0
2026-08-06 07:35:00,NSW1,10997.83,,,
2026-08-06 07:35:00,QLD1,7213.75,,,
2026-08-06 07:35:00,SA1,1853.14,,,
2026-08-06 07:35:00,TAS1,1385.51,,,
2026-08-06 07:35:00,VIC1,7648.74,,,
2026-08-06 08:00:00,NSW1,,10912.73,982.136,731.803
2026-08-06 08:00:00,QLD1,,6826.48,925.522,880.802
2026-08-06 08:00:00,SA1,,1831.43,52.816,0.0
2026-08-06 08:00:00,TAS1,,1369.0,11.878,8.741
2026-08-06 08:00:00,VIC1,,7621.83,177.619,104.328
2026-08-06 08:30:00,NSW1,10325.63,10609.41,1526.329,1271.832
2026-08-06 08:30:00,QLD1,6491.33,6700.78,1327.836,1370.985
2026-08-06 08:30:00,SA1,1904.06,1940.15,207.329,74.262
2026-08-06 08:30:00,TAS1,1395.87,1359.0,34.27,28.066
2026-08-06 08:30:00,VIC1,7881.34,7820.85,464.996,347.366
2026-08-06 08:35:00,NSW1,10241.43,,,
2026-08-06 08:35:00,QLD1,6472.54,,,
2026-08-06 08:35:00,SA1,1901.09,,,
2026-08-06 08:35:00,TAS1,1388.32,,,
2026-08-06 08:35:00,VIC1,7803.88,,,
2026-08-06 09:00:00,NSW1,,9986.79,,1971.399
2026-08-06 09:00:00,QLD1,,6256.11,,2026.965
2026-08-06 09:00:00,SA1,,1904.88,,209.506
2026-08-06 09:00:00,TAS1,,1350.0,,51.058
2026-08-06 09:00:00,VIC1,,7728.61,,665.212
2026-08-06 09:30:00,NSW1,9132.13,9390.91,2582.496,2516.848
2026-08-06 09:30:00,QLD1,5787.08,5881.76,2290.111,2522.382
2026-08-06 09:30:00,SA1,1522.4,1764.89,556.629,368.929
2026-08-06 09:30:00,TAS1,1294.29,1302.0,74.474,77.16
2026-08-06 09:30:00,VIC1,7350.85,7569.4,927.72,998.979
2026-08-06 09:35:00,NSW1,9047.62,,,
2026-08-06 09:35:00,QLD1,5770.52,,,
2026-08-06 09:35:00,SA1,1505.96,,,
2026-08-06 09:35:00,TAS1,1271.86,,,
2026-08-06 09:35:00,VIC1,7299.31,,,
2026-08-06 10:00:00,NSW1,,8829.81,3020.086,3073.29
2026-08-06 10:00:00,QLD1,,5525.65,2803.581,2962.032
2026-08-06 10:00:00,SA1,,1612.04,704.924,515.212
2026-08-06 10:00:00,TAS1,,1248.0,89.674,102.72
2026-08-06 10:00:00,VIC1,,7168.24,1147.761,1316.155
2026-08-06 10:30:00,NSW1,,8490.13,,3445.4
2026-08-06 10:30:00,QLD1,,5017.89,,3128.444
2026-08-06 10:30:00,SA1,,1328.97,,653.314
2026-08-06 10:30:00,TAS1,,1246.0,,131.986
2026-08-06 10:30:00,VIC1,,6804.06,,1567.41
2026-08-06 10:55:00,NSW1,8014.98,,,
2026-08-06 10:55:00,QLD1,4704.63,,,
2026-08-06 10:55:00,SA1,1199.93,,,
2026-08-06 10:55:00,TAS1,1177.37,,,
2026-08-06 10:55:00,VIC1,6008.02,,,
2026-08-06 11:00:00,NSW1,7917.11,8251.92,,3753.32
2026-08-06 11:00:00,QLD1,4626.68,4851.23,,3361.511
2026-08-06 11:00:00,SA1,1165.89,1225.48,,825.253
2026-08-06 11:00:00,TAS1,1170.13,1218.0,,139.422
2026-08-06 11:00:00,VIC1,5901.19,6380.69,,1770.605
2026-08-06 11:30:00,NSW1,,7839.64,,3990.107
2026-08-06 11:30:00,QLD1,,4767.28,,3547.992
2026-08-06 11:30:00,SA1,,1134.83,,889.851
2026-08-06 11:30:00,TAS1,,1175.0,,149.823
2026-08-06 11:30:00,VIC1,,6147.76,,1944.888
2026-08-06 12:00:00,NSW1,,7203.3,,4124.116
2026-08-06 12:00:00,QLD1,,4620.97,,3679.882
2026-08-06 12:00:00,SA1,,1107.29,,938.366
2026-08-06 12:00:00,TAS1,,1136.0,,154.756
2026-08-06 12:00:00,VIC1,,5878.12,,2055.697
2026-08-06 12:30:00,NSW1,,6760.06,,4164.65
2026-08-06 12:30:00,QLD1,,4523.73,,3753.747
2026-08-06 12:30:00,SA1,,1063.23,,966.84
2026-08-06 12:30:00,TAS1,,1112.0,,155.021
2026-08-06 12:30:00,VIC1,,5613.5,,2101.484
2026-08-06 13:00:00,NSW1,,6476.91,3717.18,4084.816
2026-08-06 13:00:00,QLD1,,4462.49,3585.812,3704.727
2026-08-06 13:00:00,SA1,,1026.25,1104.556,979.427
2026-08-06 13:00:00,TAS1,,1092.0,115.291,151.85
2026-08-06 13:00:00,VIC1,,5436.5,1905.396,2092.157
2026-08-06 13:30:00,NSW1,,6345.92,3531.22,4016.151
2026-08-06 13:30:00,QLD1,,4497.33,3394.062,3562.739
2026-08-06 13:30:00,SA1,,996.56,885.019,1092.724
2026-08-06 13:30:00,TAS1,,1094.0,90.545,137.484
2026-08-06 13:30:00,VIC1,,5372.27,1793.721,1975.757
2026-08-06 14:00:00,NSW1,,6848.3,,3631.995
2026-08-06 14:00:00,QLD1,,4756.45,,3264.181
2026-08-06 14:00:00,SA1,,1107.44,,908.817
2026-08-06 14:00:00,TAS1,,1114.0,,110.03
2026-08-06 14:00:00,VIC1,,5518.28,,1897.951
2026-08-06 14:10:00,NSW1,6587.53,,,
2026-08-06 14:10:00,QLD1,4909.37,,,
2026-08-06 14:10:00,SA1,1204.25,,,
2026-08-06 14:10:00,TAS1,1101.81,,,
2026-08-06 14:10:00,VIC1,5565.34,,,
2026-08-06 14:15:00,NSW1,6552.6,,,
2026-08-06 14:15:00,QLD1,4947.96,,,
2026-08-06 14:15:00,SA1,1219.86,,,
2026-08-06 14:15:00,TAS1,1103.44,,,
2026-08-06 14:15:00,VIC1,5496.32,,,
2026-08-06 14:30:00,NSW1,,6793.92,,3370.751
2026-08-06 14:30:00,QLD1,,4965.46,,2977.004
2026-08-06 14:30:00,SA1,,1260.19,,803.796
2026-08-06 14:30:00,TAS1,,1139.0,,84.672
2026-08-06 14:30:00,VIC1,,5585.09,,1637.815
2026-08-06 15:00:00,NSW1,,7066.1,,2829.809
2026-08-06 15:00:00,QLD1,,5242.89,,2539.152
2026-08-06 15:00:00,SA1,,1266.84,,744.454
2026-08-06 15:00:00,TAS1,,1143.0,,69.827
2026-08-06 15:00:00,VIC1,,5632.97,,1401.062
2026-08-06 15:30:00,NSW1,,7447.98,1866.573,2216.302
2026-08-06 15:30:00,QLD1,,5587.52,1718.075,2055.897
2026-08-06 15:30:00,SA1,,1295.12,582.849,657.914
2026-08-06 15:30:00,TAS1,,1165.0,49.093,53.228
2026-08-06 15:30:00,VIC1,,5815.67,660.235,1139.958
2026-08-06 16:00:00,NSW1,,8052.78,1357.472,1570.447
2026-08-06 16:00:00,QLD1,,6051.69,1345.225,1523.357
2026-08-06 16:00:00,SA1,,1346.77,581.11,546.816
2026-08-06 16:00:00,TAS1,,1189.0,37.271,36.073
2026-08-06 16:00:00,VIC1,,6104.69,579.61,853.621
2026-08-06 16:30:00,NSW1,,8788.54,,819.073
2026-08-06 16:30:00,QLD1,,6467.77,,914.114
2026-08-06 16:30:00,SA1,,1285.53,,367.024
2026-08-06 16:30:00,TAS1,,1199.0,,14.728
2026-08-06 16:30:00,VIC1,,6919.86,,328.391
2026-08-06 16:40:00,NSW1,9408.03,,,
2026-08-06 16:40:00,QLD1,6849.48,,,
2026-08-06 16:40:00,SA1,1277.23,,,
2026-08-06 16:40:00,TAS1,1219.74,,,
2026-08-06 16:40:00,VIC1,7121.61,,,
2026-08-06 16:45:00,NSW1,9644.44,,,
2026-08-06 16:45:00,QLD1,6958.03,,,
2026-08-06 16:45:00,SA1,1343.11,,,
2026-08-06 16:45:00,TAS1,1234.2,,,
2026-08-06 16:45:00,VIC1,7124.88,,,
2026-08-06 17:00:00,NSW1,,9447.13,,58.124
2026-08-06 17:00:00,QLD1,,6923.97,,361.893
2026-08-06 17:00:00,SA1,,1286.81,,266.774
2026-08-06 17:00:00,TAS1,,1254.0,,1.865
2026-08-06 17:00:00,VIC1,,7169.14,,50.173
2026-08-06 17:30:00,NSW1,,10122.59,,0.0
2026-08-06 17:30:00,QLD1,,7285.71,,91.483
2026-08-06 17:30:00,SA1,,1545.41,,52.888
2026-08-06 17:30:00,TAS1,,1301.0,,0.0
2026-08-06 17:30:00,VIC1,,7441.63,,0.59
2026-08-06 18:00:00,NSW1,,10851.48,0.0,0.0
2026-08-06 18:00:00,QLD1,,7616.14,12.769,0.0
2026-08-06 18:00:00,SA1,,1777.35,43.441,3.931
2026-08-06 18:00:00,TAS1,,1342.0,0.0,0.0
2026-08-06 18:00:00,VIC1,,7738.81,0.816,0.0
2026-08-06 18:30:00,NSW1,,11161.86,0.0,0.0
2026-08-06 18:30:00,QLD1,,7707.03,0.0,0.0
2026-08-06 18:30:00,SA1,,1929.21,0.494,0.0
2026-08-06 18:30:00,TAS1,,1359.0,0.0,0.0
2026-08-06 18:30:00,VIC1,,7918.98,0.0,0.0
2026-08-06 19:00:00,NSW1,,11229.32,,0.0
2026-08-06 19:00:00,QLD1,,7645.14,,0.0
2026-08-06 19:00:00,SA1,,1975.44,,0.0
2026-08-06 19:00:00,TAS1,,1319.0,,0.0
2026-08-06 19:00:00,VIC1,,7875.09,,0.0
2026-08-06 19:25:00,NSW1,11375.5,,,
2026-08-06 19:25:00,QLD1,7491.67,,,
2026-08-06 19:25:00,SA1,2032.81,,,
2026-08-06 19:25:00,TAS1,1311.67,,,
2026-08-06 19:25:00,VIC1,7775.6,,,
2026-08-06 19:30:00,NSW1,11315.22,11172.03,,0.0
2026-08-06 19:30:00,QLD1,7397.1,7429.16,,0.0
2026-08-06 19:30:00,SA1,2011.76,1992.7,,0.0
2026-08-06 19:30:00,TAS1,1309.84,1310.0,,0.0
2026-08-06 19:30:00,VIC1,7778.97,7748.11,,0.0
2026-08-06 20:00:00,NSW1,,11067.44,,0.0
2026-08-06 20:00:00,QLD1,,7321.13,,0.0
2026-08-06 20:00:00,SA1,,1983.84,,0.0
2026-08-06 20:00:00,TAS1,,1298.0,,0.0
2026-08-06 20:00:00,VIC1,,7635.12,,0.0
2026-08-06 20:30:00,NSW1,,10992.09,0.0,0.0
2026-08-06 20:30:00,QLD1,,7229.22,0.0,0.0
2026-08-06 20:30:00,SA1,,1968.98,0.0,0.0
2026-08-06 20:30:00,TAS1,,1292.0,0.0,0.0
2026-08-06 20:30:00,VIC1,,7498.42,0.0,0.0
2026-08-06 21:00:00,NSW1,,10813.85,0.0,0.0
2026-08-06 21:00:00,QLD1,,7226.35,0.0,0.0
2026-08-06 21:00:00,SA1,,1942.97,0.0,0.0
2026-08-06 21:00:00,TAS1,,1274.0,0.0,0.0
2026-08-06 21:00:00,VIC1,,7351.13,0.0,0.0
2026-08-06 21:30:00,NSW1,,10582.97,,0.0
2026-08-06 21:30:00,QLD1,,7180.77,,0.0
2026-08-06 21:30:00,SA1,,1889.94,,0.0
2026-08-06 21:30:00,TAS1,,1242.0,,0.0
2026-08-06 21:30:00,VIC1,,7101.67,,0.0
2026-08-06 21:40:00,NSW1,10301.32,,,
2026-08-06 21:40:00,QLD1,7146.07,,,
2026-08-06 21:40:00,SA1,1832.63,,,
2026-08-06 21:40:00,TAS1,1216.91,,,
2026-08-06 21:40:00,VIC1,6934.51,,,
2026-08-06 21:45:00,NSW1,10242.76,,,
2026-08-06 21:45:00,QLD1,7169.45,,,
2026-08-06 21:45:00,SA1,1817.79,,,
2026-08-06 21:45:00,TAS1,1210.07,,,
2026-08-06 21:45:00,VIC1,6853.66,,,
2026-08-06 22:00:00,NSW1,,10246.8,0.0,0.0
2026-08-06 22:00:00,QLD1,,7070.3,0.0,0.0
2026-08-06 22:00:00,SA1,,1813.19,0.0,0.0
2026-08-06 22:00:00,TAS1,,1210.0,0.0,0.0
2026-08-06 22:00:00,VIC1,,6896.2,0.0,0.0
2026-08-06 22:30:00,NSW1,,9920.82,0.0,0.0
2026-08-06 22:30:00,QLD1,,6827.16,0.0,0.0
2026-08-06 22:30:00,SA1,,1729.13,0.0,0.0
2026-08-06 22:30:00,TAS1,,1174.0,0.0,0.0
2026-08-06 22:30:00,VIC1,,6577.48,0.0,0.0
2026-08-06 23:00:00,NSW1,,9503.19,,0.0
2026-08-06 23:00:00,QLD1,,6618.43,,0.0
2026-08-06 23:00:00,SA1,,1634.22,,0.0
2026-08-06 23:00:00,TAS1,,1116.0,,0.0
2026-08-06 23:00:00,VIC1,,6207.84,,0.0
2026-08-06 23:15:00,NSW1,9225.42,,,
2026-08-06 23:15:00,QLD1,6435.22,,,
2026-08-06 23:15:00,SA1,1541.02,,,
2026-08-06 23:15:00,TAS1,1104.87,,,
2026-08-06 23:15:00,VIC1,6273.31,,,
2026-08-06 23:20:00,NSW1,9218.32,,,
2026-08-06 23:20:00,QLD1,6366.33,,,
2026-08-06 23:20:00,SA1,1533.29,,,
2026-08-06 23:20:00,TAS1,1096.74,,,
2026-08-06 23:20:00,VIC1,6194.94,,,
2026-08-06 23:30:00,NSW1,,9206.46,,0.0
2026-08-06 23:30:00,QLD1,,6394.78,,0.0
2026-08-06 23:30:00,SA1,,1543.38,,0.0
2026-08-06 23:30:00,TAS1,,1077.0,,0.0
2026-08-06 23:30:00,VIC1,,6196.21,,0.0
2026-08-07 00:00:00,NSW1,,9001.43,0.0,0.0
2026-08-07 00:00:00,QLD1,,6239.64,0.0,0.0
2026-08-07 00:00:00,SA1,,1543.24,0.0,0.0
2026-08-07 00:00:00,TAS1,,1064.0,0.0,0.0
2026-08-07 00:00:00,VIC1,,6071.12,0.0,0.0
2026-08-07 00:30:00,NSW1,,8793.02,0.0,0.0
2026-08-07 00:30:00,QLD1,,6096.52,0.0,0.0
2026-08-07 00:30:00,SA1,,1533.06,0.0,0.0
2026-08-07 00:30:00,TAS1,,1057.0,0.0,0.0
2026-08-07 00:30:00,VIC1,,5899.09,0.0,0.0
2026-08-07 01:00:00,NSW1,,8677.73,,0.0
2026-08-07 01:00:00,QLD1,,5953.18,,0.0
2026-08-07 01:00:00,SA1,,1537.01,,0.0
2026-08-07 01:00:00,TAS1,,1060.0,,0.0
2026-08-07 01:00:00,VIC1,,5775.49,,0.0
2026-08-07 01:30:00,NSW1,8263.69,8413.22,,0.0
2026-08-07 01:30:00,QLD1,5747.04,5808.48,,0.0
2026-08-07 01:30:00,SA1,1480.92,1540.91,,0.0
2026-08-07 01:30:00,TAS1,1060.89,1049.0,,0.0
2026-08-07 01:30:00,VIC1,5486.37,5619.7,,0.0
2026-08-07 01:35:00,NSW1,8209.59,,,
2026-08-07 01:35:00,QLD1,5795.59,,,
2026-08-07 01:35:00,SA1,1486.23,,,
2026-08-07 01:35:00,TAS1,1066.79,,,
2026-08-07 01:35:00,VIC1,5501.7,,,
2026-08-07 02:00:00,NSW1,,8202.16,,0.0
2026-08-07 02:00:00,QLD1,,5735.26,,0.0
2026-08-07 02:00:00,SA1,,1508.77,,0.0
2026-08-07 02:00:00,TAS1,,1050.0,,0.0
2026-08-07 02:00:00,VIC1,,5445.72,,0.0
2026-08-07 02:30:00,NSW1,,8075.69,,0.0
2026-08-07 02:30:00,QLD1,,5716.6,,0.0
2026-08-07 02:30:00,SA1,,1472.61,,0.0
2026-08-07 02:30:00,TAS1,,1057.0,,0.0
2026-08-07 02:30:00,VIC1,,5318.32,,0.0
2026-08-07 03:00:00,NSW1,,7943.95,,0.0
2026-08-07 03:00:00,QLD1,,5690.65,,0.0
2026-08-07 03:00:00,SA1,,1440.94,,0.0
2026-08-07 03:00:00,TAS1,,1069.0,,0.0
2026-08-07 03:00:00,VIC1,,5230.4,,0.0
2026-08-07 03:30:00,NSW1,,7865.57,,0.0
2026-08-07 03:30:00,QLD1,,5706.47,,0.0
2026-08-07 03:30:00,SA1,,1416.61,,0.0
2026-08-07 03:30:00,TAS1,,1075.0,,0.0
2026-08-07 03:30:00,VIC1,,5176.73,,0.0
2026-08-07 04:00:00,NSW1,,7846.11,,0.0
2026-08-07 04:00:00,QLD1,,5741.3,,0.0
2026-08-07 04:00:00,SA1,,1399.83,,0.0
2026-08-07 04:00:00,TAS1,,1080.0,,0.0
2026-08-07 04:00:00,VIC1,,5149.77,,0.0
2026-08-07 04:30:00,NSW1,,7904.96,,0.0
2026-08-07 04:30:00,QLD1,,5825.77,,0.0
2026-08-07 04:30:00,SA1,,1394.93,,0.0
2026-08-07 04:30:00,TAS1,,1090.0,,0.0
2026-08-07 04:30:00,VIC1,,5180.59,,0.0
2026-08-07 05:00:00,NSW1,,8015.41,,0.0
2026-08-07 05:00:00,QLD1,,5961.47,,0.0
2026-08-07 05:00:00,SA1,,1399.86,,0.0
2026-08-07 05:00:00,TAS1,,1103.0,,0.0
2026-08-07 05:00:00,VIC1,,5255.95,,0.0
2026-08-07 05:30:00,NSW1,,8341.24,,0.0
2026-08-07 05:30:00,QLD1,,6183.22,,0.0
2026-08-07 05:30:00,SA1,,1416.36,,0.0
2026-08-07 05:30:00,TAS1,,1133.0,,0.0
2026-08-07 05:30:00,VIC1,,5444.18,,0.0
2026-08-07 06:00:00,NSW1,,8780.9,,0.0
2026-08-07 06:00:00,QLD1,,6450.21,,0.0
2026-08-07 06:00:00,SA1,,1458.21,,0.0
2026-08-07 06:00:00,TAS1,,1173.0,,0.0
2026-08-07 06:00:00,VIC1,,5712.36,,0.0
2026-08-07 06:30:00,NSW1,,9517.18,,0.0
2026-08-07 06:30:00,QLD1,,6824.09,,0.0
2026-08-07 06:30:00,SA1,,1516.94,,0.0
2026-08-07 06:30:00,TAS1,,1232.0,,0.0
2026-08-07 06:30:00,VIC1,,6173.51,,0.0
2026-08-07 07:00:00,NSW1,,10292.31,,0.0
2026-08-07 07:00:00,QLD1,,7110.62,,84.712
2026-08-07 07:00:00,SA1,,1610.49,,0.0
2026-08-07 07:00:00,TAS1,,1297.0,,0.0
2026-08-07 07:00:00,VIC1,,6673.91,,0.0
2026-08-07 07:30:00,NSW1,,10830.26,,212.48
2026-08-07 07:30:00,QLD1,,7088.62,,441.793
2026-08-07 07:30:00,SA1,,1711.23,,0.0
2026-08-07 07:30:00,TAS1,,1356.0,,0.0
2026-08-07 07:30:00,VIC1,,7211.26,,0.0
2026-08-07 08:00:00,NSW1,,10856.79,,790.303
2026-08-07 08:00:00,QLD1,,6693.37,,1066.778
2026-08-07 08:00:00,SA1,,1835.98,,0.0
2026-08-07 08:00:00,TAS1,,1404.0,,7.758
2026-08-07 08:00:00,VIC1,,7557.65,,49.086
2026-08-07 08:30:00,NSW1,,10408.88,,1516.68
2026-08-07 08:30:00,QLD1,,6149.69,,1783.037
2026-08-07 08:30:00,SA1,,1855.04,,93.876
2026-08-07 08:30:00,TAS1,,1396.0,,30.053
2026-08-07 08:30:00,VIC1,,7575.9,,246.727
2026-08-07 09:00:00,NSW1,,9708.95,2324.259,2260.798
2026-08-07 09:00:00,QLD1,,5578.58,2488.357,2468.313
2026-08-07 09:00:00,SA1,,1759.3,431.426,271.125
2026-08-07 09:00:00,TAS1,,1357.0,65.897,56.846
2026-08-07 09:00:00,VIC1,,7380.52,896.888,502.964
2026-08-07 09:30:00,NSW1,,9073.04,2865.951,2926.25
2026-08-07 09:30:00,QLD1,,5070.24,3005.192,3077.891
2026-08-07 09:30:00,SA1,,1583.0,636.958,469.707
2026-08-07 09:30:00,TAS1,,1309.0,88.184,84.953
2026-08-07 09:30:00,VIC1,,7165.35,1256.712,771.159
2026-08-07 10:00:00,NSW1,,8185.07,,3543.734
2026-08-07 10:00:00,QLD1,,4825.41,,3755.316
2026-08-07 10:00:00,SA1,,1379.65,,718.204
2026-08-07 10:00:00,TAS1,,1266.0,,117.022
2026-08-07 10:00:00,VIC1,,6295.8,,1320.66
2026-08-07 10:25:00,NSW1,7580.15,,,
2026-08-07 10:25:00,QLD1,4405.92,,,
2026-08-07 10:25:00,SA1,1095.7,,,
2026-08-07 10:25:00,TAS1,1212.28,,,
2026-08-07 10:25:00,VIC1,5982.86,,,
2026-08-07 10:30:00,NSW1,7540.34,7797.5,,3963.362
2026-08-07 10:30:00,QLD1,4352.4,4529.99,,4082.778
2026-08-07 10:30:00,SA1,1071.95,1239.9,,920.04
2026-08-07 10:30:00,TAS1,1199.06,1213.0,,139.162
2026-08-07 10:30:00,VIC1,5973.15,6011.82,,1667.733
2026-08-07 11:00:00,NSW1,,7362.1,,4242.39
2026-08-07 11:00:00,QLD1,,4274.05,,4351.546
2026-08-07 11:00:00,SA1,,1087.14,,1086.656
2026-08-07 11:00:00,TAS1,,1188.0,,157.076
2026-08-07 11:00:00,VIC1,,5740.64,,1887.939
2026-08-07 11:30:00,NSW1,,6836.67,,4411.479
2026-08-07 11:30:00,QLD1,,4036.03,,4520.849
2026-08-07 11:30:00,SA1,,949.61,,1211.15
2026-08-07 11:30:00,TAS1,,1146.0,,167.599
2026-08-07 11:30:00,VIC1,,5623.87,,2048.183
2026-08-07 12:00:00,NSW1,,6429.79,4215.016,4488.239
2026-08-07 12:00:00,QLD1,,3898.99,4292.069,4609.515
2026-08-07 12:00:00,SA1,,850.92,1343.191,1278.694
2026-08-07 12:00:00,TAS1,,1116.0,155.495,172.109
2026-08-07 12:00:00,VIC1,,5457.04,2214.157,2137.918
2026-08-07 12:30:00,NSW1,,6165.12,4150.35,4487.906
2026-08-07 12:30:00,QLD1,,3759.56,4258.701,4631.904
2026-08-07 12:30:00,SA1,,771.69,1378.202,1304.316
2026-08-07 12:30:00,TAS1,,1101.0,156.284,174.594
2026-08-07 12:30:00,VIC1,,5333.32,2307.0,2175.621
2026-08-07 13:00:00,NSW1,,6297.51,,4565.329
2026-08-07 13:00:00,QLD1,,3969.3,,4524.824
2026-08-07 13:00:00,SA1,,846.97,,1275.782
2026-08-07 13:00:00,TAS1,,1029.0,,179.358
2026-08-07 13:00:00,VIC1,,4864.09,,2187.802
2026-08-07 13:25:00,NSW1,6400.9,,,
2026-08-07 13:25:00,QLD1,4039.89,,,
2026-08-07 13:25:00,SA1,626.13,,,
2026-08-07 13:25:00,TAS1,1038.89,,,
2026-08-07 13:25:00,VIC1,4670.42,,,
2026-08-07 13:30:00,NSW1,6183.86,6361.8,,4310.121
2026-08-07 13:30:00,QLD1,4093.83,4006.61,,4300.935
2026-08-07 13:30:00,SA1,608.38,740.99,,1174.37
2026-08-07 13:30:00,TAS1,1038.55,1023.0,,174.067
2026-08-07 13:30:00,VIC1,4627.92,4870.56,,2194.442
2026-08-07 14:00:00,NSW1,,6368.37,3363.393,3939.733
2026-08-07 14:00:00,QLD1,,4036.03,3463.02,3999.9
2026-08-07 14:00:00,SA1,,689.44,1357.196,1130.876
2026-08-07 14:00:00,TAS1,,1026.0,123.61,157.832
2026-08-07 14:00:00,VIC1,,4940.98,2139.161,2040.782
2026-08-07 14:30:00,NSW1,,6416.74,2945.629,3463.015
2026-08-07 14:30:00,QLD1,,4178.9,3065.01,3604.136
2026-08-07 14:30:00,SA1,,732.16,1237.779,1038.315
2026-08-07 14:30:00,TAS1,,1049.0,104.3,137.94
2026-08-07 14:30:00,VIC1,,4966.33,1870.875,1826.225
2026-08-07 15:00:00,NSW1,,6852.03,,2859.592
2026-08-07 15:00:00,QLD1,,4660.78,,3069.796
2026-08-07 15:00:00,SA1,,690.45,,1048.721
2026-08-07 15:00:00,TAS1,,1053.0,,109.236
2026-08-07 15:00:00,VIC1,,4836.85,,1636.584
2026-08-07 15:10:00,NSW1,7158.65,,,
2026-08-07 15:10:00,QLD1,5025.59,,,
2026-08-07 15:10:00,SA1,741.8,,,
2026-08-07 15:10:00,TAS1,1077.4,,,
2026-08-07 15:10:00,VIC1,5056.26,,,
2026-08-07 15:15:00,NSW1,7149.92,,,
2026-08-07 15:15:00,QLD1,5114.71,,,
2026-08-07 15:15:00,SA1,765.95,,,
2026-08-07 15:15:00,TAS1,1075.37,,,
2026-08-07 15:15:00,VIC1,5045.09,,,
2026-08-07 15:30:00,NSW1,,7175.18,1942.858,2295.4
2026-08-07 15:30:00,QLD1,,5076.21,2077.622,2476.063
2026-08-07 15:30:00,SA1,,802.26,872.256,888.769
2026-08-07 15:30:00,TAS1,,1080.0,66.474,82.122
2026-08-07 15:30:00,VIC1,,5107.67,1264.052,1326.209
2026-08-07 16:00:00,NSW1,,7740.42,1405.886,1633.098
2026-08-07 16:00:00,QLD1,,5663.68,1535.125,1824.078
2026-08-07 16:00:00,SA1,,949.71,692.846,694.237
2026-08-07 16:00:00,TAS1,,1115.0,48.705,57.477
2026-08-07 16:00:00,VIC1,,5391.46,1006.614,982.618
2026-08-07 16:30:00,NSW1,9029.22,8722.8,850.261,1004.185
2026-08-07 16:30:00,QLD1,6553.91,6198.68,966.044,1125.998
2026-08-07 16:30:00,SA1,1244.81,1114.22,524.965,509.092
2026-08-07 16:30:00,TAS1,1207.02,1162.0,28.44,25.935
2026-08-07 16:30:00,VIC1,6005.63,5705.87,681.81,621.817
2026-08-07 16:35:00,NSW1,9096.04,,,
2026-08-07 16:35:00,QLD1,6609.75,,,
2026-08-07 16:35:00,SA1,1286.94,,,
2026-08-07 16:35:00,TAS1,1211.01,,,
2026-08-07 16:35:00,VIC1,6109.74,,,
2026-08-07 17:00:00,NSW1,,9392.9,334.394,61.797
2026-08-07 17:00:00,QLD1,,6712.53,448.716,406.359
2026-08-07 17:00:00,SA1,,1321.59,335.021,314.406
2026-08-07 17:00:00,TAS1,,1218.0,11.037,3.097
2026-08-07 17:00:00,VIC1,,6129.15,336.28,214.26
2026-08-07 17:30:00,NSW1,,9964.57,44.827,0.0
2026-08-07 17:30:00,QLD1,,7172.24,112.951,104.478
2026-08-07 17:30:00,SA1,,1482.19,158.054,39.335
2026-08-07 17:30:00,TAS1,,1273.0,1.307,0.0
2026-08-07 17:30:00,VIC1,,6683.25,87.336,59.03
2026-08-07 17:50:00,NSW1,10549.7,,,
2026-08-07 17:50:00,QLD1,7346.82,,,
2026-08-07 17:50:00,SA1,1733.97,,,
2026-08-07 17:50:00,TAS1,1356.52,,,
2026-08-07 17:50:00,VIC1,7186.27,,,
2026-08-07 17:55:00,NSW1,10500.81,,,
2026-08-07 17:55:00,QLD1,7467.7,,,
2026-08-07 17:55:00,SA1,1716.51,,,
2026-08-07 17:55:00,TAS1,1362.07,,,
2026-08-07 17:55:00,VIC1,7256.0,,,
2026-08-07 18:00:00,NSW1,,10597.71,0.002,0.0
2026-08-07 18:00:00,QLD1,,7310.36,13.094,0.0
2026-08-07 18:00:00,SA1,,1702.55,30.923,9.245
2026-08-07 18:00:00,TAS1,,1319.0,0.0,0.0
2026-08-07 18:00:00,VIC1,,7166.99,1.044,0.0
2026-08-07 18:30:00,NSW1,,10568.8,0.0,0.0
2026-08-07 18:30:00,QLD1,,7431.79,0.0,0.0
2026-08-07 18:30:00,SA1,,1742.65,0.345,0.0
2026-08-07 18:30:00,TAS1,,1335.0,0.0,0.0
2026-08-07 18:30:00,VIC1,,7333.91,0.0,0.0
2026-08-07 18:45:00,NSW1,10623.74,,,
2026-08-07 18:45:00,QLD1,7388.88,,,
2026-08-07 18:45:00,SA1,1870.21,,,
2026-08-07 18:45:00,TAS1,1362.98,,,
2026-08-07 18:45:00,VIC1,7397.7,,,
2026-08-07 19:00:00,NSW1,,10670.39,0.0,0.0
2026-08-07 19:00:00,QLD1,,7385.27,0.0,0.0
2026-08-07 19:00:00,SA1,,1830.13,0.0,0.0
2026-08-07 19:00:00,TAS1,,1330.0,0.0,0.0
2026-08-07 19:00:00,VIC1,,7377.87,0.0,0.0
2026-08-07 19:30:00,NSW1,,10582.29,0.0,0.0
2026-08-07 19:30:00,QLD1,,7200.02,0.0,0.0
2026-08-07 19:30:00,SA1,,1876.84,0.0,0.0
2026-08-07 19:30:00,TAS1,,1323.0,0.0,0.0
2026-08-07 19:30:00,VIC1,,7304.6,0.0,0.0
2026-08-07 19:35:00,NSW1,10561.94,,,
2026-08-07 19:35:00,QLD1,7189.33,,,
2026-08-07 19:35:00,SA1,1784.6,,,
2026-08-07 19:35:00,TAS1,1353.55,,,
2026-08-07 19:35:00,VIC1,7307.66,,,
2026-08-07 19:40:00,NSW1,10523.42,,,
2026-08-07 19:40:00,QLD1,7155.87,,,
2026-08-07 19:40:00,SA1,1781.94,,,
2026-08-07 19:40:00,TAS1,1350.96,,,
2026-08-07 19:40:00,VIC1,7249.07,,,
2026-08-07 20:00:00,NSW1,,10471.82,0.0,0.0
2026-08-07 20:00:00,QLD1,,7152.88,0.0,0.0
2026-08-07 20:00:00,SA1,,1822.88,0.0,0.0
2026-08-07 20:00:00,TAS1,,1316.0,0.0,0.0
2026-08-07 20:00:00,VIC1,,7237.28,0.0,0.0
2026-08-07 20:30:00,NSW1,10383.59,10378.59,,0.0
2026-08-07 20:30:00,QLD1,6939.61,7021.22,,0.0
2026-08-07 20:30:00,SA1,1764.08,1806.03,,0.0
2026-08-07 20:30:00,TAS1,1321.09,1307.0,,0.0
2026-08-07 20:30:00,VIC1,7032.19,7071.08,,0.0
2026-08-07 20:35:00,NSW1,10311.84,,,
2026-08-07 20:35:00,QLD1,6933.85,,,
2026-08-07 20:35:00,SA1,1740.36,,,
2026-08-07 20:35:00,TAS1,1324.94,,,
2026-08-07 20:35:00,VIC1,6977.85,,,
2026-08-07 21:00:00,NSW1,,10257.19,0.0,0.0
2026-08-07 21:00:00,QLD1,,6949.37,0.0,0.0
2026-08-07 21:00:00,SA1,,1761.74,0.0,0.0
2026-08-07 21:00:00,TAS1,,1292.0,0.0,0.0
2026-08-07 21:00:00,VIC1,,6985.17,0.0,0.0
2026-08-07 21:20:00,NSW1,10065.14,,,
2026-08-07 21:20:00,QLD1,7026.47,,,
2026-08-07 21:20:00,SA1,1652.83,,,
2026-08-07 21:20:00,TAS1,1298.26,,,
2026-08-07 21:20:00,VIC1,6732.21,,,
2026-08-07 21:25:00,NSW1,9977.0,,,
2026-08-07 21:25:00,QLD1,7090.56,,,
2026-08-07 21:25:00,SA1,1645.2,,,
2026-08-07 21:25:00,TAS1,1293.0,,,
2026-08-07 21:25:00,VIC1,6679.69,,,
2026-08-07 21:30:00,NSW1,,10024.02,0.0,0.0
2026-08-07 21:30:00,QLD1,,7025.26,0.0,0.0
2026-08-07 21:30:00,SA1,,1696.72,0.0,0.0
2026-08-07 21:30:00,TAS1,,1279.0,0.0,0.0
2026-08-07 21:30:00,VIC1,,6802.65,0.0,0.0
2026-08-07 22:00:00,NSW1,9717.58,9761.1,0.0,0.0
2026-08-07 22:00:00,QLD1,6798.44,6891.23,0.0,0.0
2026-08-07 22:00:00,SA1,1612.58,1638.86,0.0,0.0
2026-08-07 22:00:00,TAS1,1247.81,1245.0,0.0,0.0
2026-08-07 22:00:00,VIC1,6326.92,6532.38,0.0,0.0
2026-08-07 22:05:00,NSW1,9666.16,,,
2026-08-07 22:05:00,QLD1,6749.35,,,
2026-08-07 22:05:00,SA1,1589.17,,,
2026-08-07 22:05:00,TAS1,1247.08,,,
2026-08-07 22:05:00,VIC1,6288.27,,,
2026-08-07 22:30:00,NSW1,,9558.33,0.0,0.0
2026-08-07 22:30:00,QLD1,,6693.86,0.0,0.0
2026-08-07 22:30:00,SA1,,1585.52,0.0,0.0
2026-08-07 22:30:00,TAS1,,1215.0,0.0,0.0
2026-08-07 22:30:00,VIC1,,6278.16,0.0,0.0
2026-08-07 23:00:00,NSW1,,9368.78,0.0,0.0
2026-08-07 23:00:00,QLD1,,6568.89,0.0,0.0
2026-08-07 23:00:00,SA1,,1534.7,0.0,0.0
2026-08-07 23:00:00,TAS1,,1196.0,0.0,0.0
2026-08-07 23:00:00,VIC1,,6045.18,0.0,0.0
2026-08-07 23:25:00,NSW1,9051.45,,,
2026-08-07 23:25:00,QLD1,6310.76,,,
2026-08-07 23:25:00,SA1,1458.16,,,
2026-08-07 23:25:00,TAS1,1160.23,,,
2026-08-07 23:25:00,VIC1,6003.31,,,
2026-08-07 23:30:00,NSW1,9050.77,9198.1,0.0,0.0
2026-08-07 23:30:00,QLD1,6257.72,6391.77,0.0,0.0
2026-08-07 23:30:00,SA1,1460.01,1457.47,0.0,0.0
2026-08-07 23:30:00,TAS1,1157.29,1155.0,0.0,0.0
2026-08-07 23:30:00,VIC1,5923.22,6011.94,0.0,0.0
2026-08-08 00:00:00,NSW1,,8959.9,0.0,0.0
2026-08-08 00:00:00,QLD1,,6235.3,0.0,0.0
2026-08-08 00:00:00,SA1,,1495.05,0.0,0.0
2026-08-08 00:00:00,TAS1,,1124.0,0.0,0.0
2026-08-08 00:00:00,VIC1,,5874.58,0.0,0.0
2026-08-08 00:30:00,NSW1,8713.92,8684.31,0.0,0.0
2026-08-08 00:30:00,QLD1,6000.98,6080.62,0.0,0.0
2026-08-08 00:30:00,SA1,1452.39,1457.53,0.0,0.0
2026-08-08 00:30:00,TAS1,1085.45,1099.0,0.0,0.0
2026-08-08 00:30:00,VIC1,5659.96,5694.67,0.0,0.0
2026-08-08 00:35:00,NSW1,8752.24,,,
2026-08-08 00:35:00,QLD1,5991.91,,,
2026-08-08 00:35:00,SA1,1448.48,,,
2026-08-08 00:35:00,TAS1,1079.83,,,
2026-08-08 00:35:00,VIC1,5542.03,,,
2026-08-08 01:00:00,NSW1,,8614.0,0.0,0.0
2026-08-08 01:00:00,QLD1,,5923.87,0.0,0.0
2026-08-08 01:00:00,SA1,,1467.51,0.0,0.0
2026-08-08 01:00:00,TAS1,,1077.0,0.0,0.0
2026-08-08 01:00:00,VIC1,,5513.42,0.0,0.0
2026-08-08 01:25:00,NSW1,8289.53,,,
2026-08-08 01:25:00,QLD1,5797.14,,,
2026-08-08 01:25:00,SA1,1441.75,,,
2026-08-08 01:25:00,TAS1,1040.27,,,
2026-08-08 01:25:00,VIC1,5339.77,,,
2026-08-08 01:30:00,NSW1,8287.03,8400.32,0.0,0.0
2026-08-08 01:30:00,QLD1,5785.85,5794.22,0.0,0.0
2026-08-08 01:30:00,SA1,1442.69,1475.36,0.0,0.0
2026-08-08 01:30:00,TAS1,1041.24,1053.0,0.0,0.0
2026-08-08 01:30:00,VIC1,5212.26,5361.33,0.0,0.0
2026-08-08 02:00:00,NSW1,,8131.63,0.0,0.0
2026-08-08 02:00:00,QLD1,,5725.09,0.0,0.0
2026-08-08 02:00:00,SA1,,1455.55,0.0,0.0
2026-08-08 02:00:00,TAS1,,1031.0,0.0,0.0
2026-08-08 02:00:00,VIC1,,5197.09,0.0,0.0
2026-08-08 02:20:00,NSW1,7905.77,,,
2026-08-08 02:20:00,QLD1,5653.44,,,
2026-08-08 02:20:00,SA1,1415.64,,,
2026-08-08 02:20:00,TAS1,1042.42,,,
2026-08-08 02:20:00,VIC1,4980.59,,,
2026-08-08 02:25:00,NSW1,7913.05,,,
2026-08-08 02:25:00,QLD1,5622.06,,,
2026-08-08 02:25:00,SA1,1400.3,,,
2026-08-08 02:25:00,TAS1,1036.3,,,
2026-08-08 02:25:00,VIC1,4904.91,,,
2026-08-08 02:30:00,NSW1,,7899.61,0.0,0.0
2026-08-08 02:30:00,QLD1,,5650.54,0.0,0.0
2026-08-08 02:30:00,SA1,,1419.45,0.0,0.0
2026-08-08 02:30:00,TAS1,,1045.0,0.0,0.0
2026-08-08 02:30:00,VIC1,,5012.88,0.0,0.0
2026-08-08 03:00:00,NSW1,,7747.96,0.0,0.0
2026-08-08 03:00:00,QLD1,,5616.42,0.0,0.0
2026-08-08 03:00:00,SA1,,1396.44,0.0,0.0
2026-08-08 03:00:00,TAS1,,1042.0,0.0,0.0
2026-08-08 03:00:00,VIC1,,4887.58,0.0,0.0
2026-08-08 03:10:00,NSW1,7799.94,,,
2026-08-08 03:10:00,QLD1,5643.85,,,
2026-08-08 03:10:00,SA1,1389.59,,,
2026-08-08 03:10:00,TAS1,1038.4,,,
2026-08-08 03:10:00,VIC1,4823.8,,,
2026-08-08 03:15:00,NSW1,7783.56,,,
2026-08-08 03:15:00,QLD1,5640.22,,,
2026-08-08 03:15:00,SA1,1397.73,,,
2026-08-08 03:15:00,TAS1,1036.44,,,
2026-08-08 03:15:00,VIC1,4815.44,,,
2026-08-08 03:30:00,NSW1,,7740.78,,0.0
2026-08-08 03:30:00,QLD1,,5618.19,,0.0
2026-08-08 03:30:00,SA1,,1378.08,,0.0
2026-08-08 03:30:00,TAS1,,1035.0,,0.0
2026-08-08 03:30:00,VIC1,,4800.21,,0.0
2026-08-08 03:55:00,NSW1,7661.3,,,
2026-08-08 03:55:00,QLD1,5606.44,,,
2026-08-08 03:55:00,SA1,1397.33,,,
2026-08-08 03:55:00,TAS1,1026.31,,,
2026-08-08 03:55:00,VIC1,4809.0,,,
2026-08-08 04:00:00,NSW1,7736.68,7639.22,0.0,0.0
2026-08-08 04:00:00,QLD1,5598.46,5635.05,0.0,0.0
2026-08-08 04:00:00,SA1,1369.99,1400.6,0.0,0.0
2026-08-08 04:00:00,TAS1,1025.62,1032.0,0.0,0.0
2026-08-08 04:00:00,VIC1,4811.39,4762.7,0.0,0.0
2026-08-08 04:30:00,NSW1,,7626.41,0.0,0.0
2026-08-08 04:30:00,QLD1,,5675.92,0.0,0.0
2026-08-08 04:30:00,SA1,,1376.84,0.0,0.0
2026-08-08 04:30:00,TAS1,,1036.0,0.0,0.0
2026-08-08 04:30:00,VIC1,,4757.37,0.0,0.0
2026-08-08 05:00:00,NSW1,,7625.98,0.0,0.0
2026-08-08 05:00:00,QLD1,,5731.56,0.0,0.0
2026-08-08 05:00:00,SA1,,1378.78,0.0,0.0
2026-08-08 05:00:00,TAS1,,1028.0,0.0,0.0
2026-08-08 05:00:00,VIC1,,4813.01,0.0,0.0
2026-08-08 05:05:00,NSW1,7651.52,,,
2026-08-08 05:05:00,QLD1,5792.35,,,
2026-08-08 05:05:00,SA1,1364.62,,,
2026-08-08 05:05:00,TAS1,1040.58,,,
2026-08-08 05:05:00,VIC1,4813.61,,,
2026-08-08 05:10:00,NSW1,7733.88,,,
2026-08-08 05:10:00,QLD1,5887.03,,,
2026-08-08 05:10:00,SA1,1385.04,,,
2026-08-08 05:10:00,TAS1,1049.58,,,
2026-08-08 05:10:00,VIC1,4838.71,,,
2026-08-08 05:30:00,NSW1,,7785.12,0.0,0.0
2026-08-08 05:30:00,QLD1,,5859.73,0.0,0.0
2026-08-08 05:30:00,SA1,,1386.11,0.0,0.0
2026-08-08 05:30:00,TAS1,,1045.0,0.0,0.0
2026-08-08 05:30:00,VIC1,,4890.43,0.0,0.0
2026-08-08 05:50:00,NSW1,7954.44,,,
2026-08-08 05:50:00,QLD1,6042.43,,,
2026-08-08 05:50:00,SA1,1384.6,,,
2026-08-08 05:50:00,TAS1,1062.42,,,
2026-08-08 05:50:00,VIC1,4949.66,,,
2026-08-08 05:55:00,NSW1,8018.7,,,
2026-08-08 05:55:00,QLD1,6057.15,,,
2026-08-08 05:55:00,SA1,1398.63,,,
2026-08-08 05:55:00,TAS1,1067.3,,,
2026-08-08 05:55:00,VIC1,5025.85,,,
2026-08-08 06:00:00,NSW1,,7871.79,0.0,0.0
2026-08-08 06:00:00,QLD1,,6009.24,0.0,0.0
2026-08-08 06:00:00,SA1,,1373.29,0.0,0.0
2026-08-08 06:00:00,TAS1,,1053.0,0.0,0.0
2026-08-08 06:00:00,VIC1,,4985.94,0.0,0.0
2026-08-08 06:30:00,NSW1,8458.98,8385.91,2.656,0.0
2026-08-08 06:30:00,QLD1,6257.19,6215.64,28.812,0.0
2026-08-08 06:30:00,SA1,1377.4,1373.51,0.0,0.0
2026-08-08 06:30:00,TAS1,1091.98,1089.0,0.0,0.0
2026-08-08 06:30:00,VIC1,5340.72,5179.91,0.0,0.0
2026-08-08 06:35:00,NSW1,8572.17,,,
2026-08-08 06:35:00,QLD1,6324.83,,,
2026-08-08 06:35:00,SA1,1386.78,,,
2026-08-08 06:35:00,TAS1,1096.47,,,
2026-08-08 06:35:00,VIC1,5363.13,,,
2026-08-08 07:00:00,NSW1,,8673.68,116.636,0.0
2026-08-08 07:00:00,QLD1,,6333.88,288.218,110.607
2026-08-08 07:00:00,SA1,,1385.09,0.0,0.0
2026-08-08 07:00:00,TAS1,,1118.0,0.0,0.0
2026-08-08 07:00:00,VIC1,,5443.82,0.062,0.0
2026-08-08 07:15:00,NSW1,9043.78,,,
2026-08-08 07:15:00,QLD1,6376.77,,,
2026-08-08 07:15:00,SA1,1411.2,,,
2026-08-08 07:15:00,TAS1,1144.21,,,
2026-08-08 07:15:00,VIC1,5713.74,,,
2026-08-08 07:20:00,NSW1,9100.06,,,
2026-08-08 07:20:00,QLD1,6371.53,,,
2026-08-08 07:20:00,SA1,1414.89,,,
2026-08-08 07:20:00,TAS1,1151.31,,,
2026-08-08 07:20:00,VIC1,5766.12,,,
2026-08-08 07:30:00,NSW1,,9013.75,511.12,239.601
2026-08-08 07:30:00,QLD1,,6281.84,793.58,476.855
2026-08-08 07:30:00,SA1,,1391.13,2.72,0.0
2026-08-08 07:30:00,TAS1,,1146.0,3.236,0.0
2026-08-08 07:30:00,VIC1,,5624.1,56.38,0.0
2026-08-08 07:55:00,NSW1,9049.08,,,
2026-08-08 07:55:00,QLD1,5816.79,,,
2026-08-08 07:55:00,SA1,1469.6,,,
2026-08-08 07:55:00,TAS1,1222.03,,,
2026-08-08 07:55:00,VIC1,5988.94,,,
2026-08-08 08:00:00,NSW1,8972.08,9183.13,1102.505,754.958
2026-08-08 08:00:00,QLD1,5778.37,6104.54,1385.577,1106.401
2026-08-08 08:00:00,SA1,1477.8,1406.7,52.998,0.0
2026-08-08 08:00:00,TAS1,1223.3,1186.0,14.415,9.088
2026-08-08 08:00:00,VIC1,6000.9,5925.39,227.784,133.884
2026-08-08 08:30:00,NSW1,8619.36,8894.52,1710.662,1428.346
2026-08-08 08:30:00,QLD1,5263.86,5614.33,1990.341,1832.333
2026-08-08 08:30:00,SA1,1523.7,1470.68,131.6,47.353
2026-08-08 08:30:00,TAS1,1235.19,1231.0,33.534,27.921
2026-08-08 08:30:00,VIC1,5945.76,6003.06,577.385,432.428
2026-08-08 08:35:00,NSW1,8590.99,,,
2026-08-08 08:35:00,QLD1,5276.58,,,
2026-08-08 08:35:00,SA1,1566.95,,,
2026-08-08 08:35:00,TAS1,1240.9,,,
2026-08-08 08:35:00,VIC1,5908.72,,,
2026-08-08 09:00:00,NSW1,,8378.28,2303.247,2182.736
2026-08-08 09:00:00,QLD1,,5127.66,2548.543,2782.263
2026-08-08 09:00:00,SA1,,1512.41,198.288,124.287
2026-08-08 09:00:00,TAS1,,1235.0,51.243,50.143
2026-08-08 09:00:00,VIC1,,5870.5,902.39,802.394
2026-08-08 09:10:00,NSW1,8135.55,,,
2026-08-08 09:10:00,QLD1,4797.63,,,
2026-08-08 09:10:00,SA1,1581.98,,,
2026-08-08 09:10:00,TAS1,1231.67,,,
2026-08-08 09:10:00,VIC1,5458.62,,,
2026-08-08 09:15:00,NSW1,8018.43,,,
2026-08-08 09:15:00,QLD1,4723.06,,,
2026-08-08 09:15:00,SA1,1568.78,,,
2026-08-08 09:15:00,TAS1,1223.7,,,
2026-08-08 09:15:00,VIC1,5384.04,,,
2026-08-08 09:30:00,NSW1,,8085.87,2876.546,3010.258
2026-08-08 09:30:00,QLD1,,4710.15,3054.536,3363.9
2026-08-08 09:30:00,SA1,,1553.29,245.546,233.41
2026-08-08 09:30:00,TAS1,,1220.0,66.911,63.912
2026-08-08 09:30:00,VIC1,,5528.09,1249.342,1176.463
2026-08-08 09:45:00,NSW1,7314.17,,,
2026-08-08 09:45:00,QLD1,4294.62,,,
2026-08-08 09:45:00,SA1,1573.13,,,
2026-08-08 09:45:00,TAS1,1190.77,,,
2026-08-08 09:45:00,VIC1,5124.23,,,
2026-08-08 09:50:00,NSW1,7186.94,,,
2026-08-08 09:50:00,QLD1,4237.83,,,
2026-08-08 09:50:00,SA1,1581.33,,,
2026-08-08 09:50:00,TAS1,1193.14,,,
2026-08-08 09:50:00,VIC1,5087.68,,,
2026-08-08 10:00:00,NSW1,,7312.02,,3492.948
2026-08-08 10:00:00,QLD1,,4363.54,,3855.811
2026-08-08 10:00:00,SA1,,1555.26,,227.078
2026-08-08 10:00:00,TAS1,,1190.0,,92.7
2026-08-08 10:00:00,VIC1,,5086.65,,1491.182
2026-08-08 10:30:00,NSW1,6463.68,6776.82,,3910.925
2026-08-08 10:30:00,QLD1,3862.84,4017.72,,4207.21
2026-08-08 10:30:00,SA1,1652.34,1566.31,,302.433
2026-08-08 10:30:00,TAS1,1130.32,1173.0,,108.947
2026-08-08 10:30:00,VIC1,4758.24,4881.31,,1825.579
2026-08-08 10:35:00,NSW1,6531.57,,,
2026-08-08 10:35:00,QLD1,3752.73,,,
2026-08-08 10:35:00,SA1,1648.3,,,
2026-08-08 10:35:00,TAS1,1098.23,,,
2026-08-08 10:35:00,VIC1,4703.39,,,
2026-08-08 11:00:00,NSW1,,6374.35,4054.097,4234.842
2026-08-08 11:00:00,QLD1,,3773.24,4139.937,4472.216
2026-08-08 11:00:00,SA1,,1544.51,282.641,390.314
2026-08-08 11:00:00,TAS1,,1138.0,116.561,121.006
2026-08-08 11:00:00,VIC1,,4622.19,1852.647,2026.415
2026-08-08 11:30:00,NSW1,,5997.69,4218.584,4421.53
2026-08-08 11:30:00,QLD1,,3530.29,4316.316,4637.516
2026-08-08 11:30:00,SA1,,1531.49,401.729,457.896
2026-08-08 11:30:00,TAS1,,1098.0,130.81,127.331
2026-08-08 11:30:00,VIC1,,4477.72,2074.34,2160.783
2026-08-08 12:00:00,NSW1,,5849.47,,4563.732
2026-08-08 12:00:00,QLD1,,3534.78,,4698.44
2026-08-08 12:00:00,SA1,,1601.42,,495.082
2026-08-08 12:00:00,TAS1,,1016.0,,145.384
2026-08-08 12:00:00,VIC1,,4067.2,,2260.617
2026-08-08 12:25:00,NSW1,5739.33,,,
2026-08-08 12:25:00,QLD1,3519.48,,,
2026-08-08 12:25:00,SA1,1496.39,,,
2026-08-08 12:25:00,TAS1,995.77,,,
2026-08-08 12:25:00,VIC1,3773.66,,,
2026-08-08 12:30:00,NSW1,5747.17,5653.63,4142.002,4491.407
2026-08-08 12:30:00,QLD1,3530.46,3515.25,4339.661,4709.012
2026-08-08 12:30:00,SA1,1504.57,1467.48,480.18,556.168
2026-08-08 12:30:00,TAS1,996.16,1011.0,129.746,153.107
2026-08-08 12:30:00,VIC1,3741.39,3864.21,2191.149,2324.534
2026-08-08 13:00:00,NSW1,,5525.5,3962.319,4345.632
2026-08-08 13:00:00,QLD1,,3433.49,4196.589,4619.368
2026-08-08 13:00:00,SA1,,1395.96,585.838,609.366
2026-08-08 13:00:00,TAS1,,1003.0,121.502,143.928
2026-08-08 13:00:00,VIC1,,3777.47,2045.135,2248.587
2026-08-08 13:30:00,NSW1,,5599.05,3699.196,4020.708
2026-08-08 13:30:00,QLD1,,3504.33,3963.925,4397.987
2026-08-08 13:30:00,SA1,,1390.33,797.236,674.35
2026-08-08 13:30:00,TAS1,,1019.0,103.22,138.99
2026-08-08 13:30:00,VIC1,,3762.49,1855.885,2166.32
2026-08-08 13:45:00,NSW1,5718.63,,,
2026-08-08 13:45:00,QLD1,3603.75,,,
2026-08-08 13:45:00,SA1,1306.07,,,
2026-08-08 13:45:00,TAS1,1021.45,,,
2026-08-08 13:45:00,VIC1,3911.13,,,
2026-08-08 13:50:00,NSW1,5733.08,,,
2026-08-08 13:50:00,QLD1,3753.14,,,
2026-08-08 13:50:00,SA1,1357.28,,,
2026-08-08 13:50:00,TAS1,1021.22,,,
2026-08-08 13:50:00,VIC1,3977.52,,,
2026-08-08 14:00:00,NSW1,,5661.86,3380.003,3693.795
2026-08-08 14:00:00,QLD1,,3666.28,3627.326,4054.271
2026-08-08 14:00:00,SA1,,1187.38,707.772,667.327
2026-08-08 14:00:00,TAS1,,1017.0,85.672,109.739
2026-08-08 14:00:00,VIC1,,4112.57,1694.834,2001.292
2026-08-08 14:30:00,NSW1,,5882.6,2997.035,3342.474
2026-08-08 14:30:00,QLD1,,3928.41,3205.38,3668.564
2026-08-08 14:30:00,SA1,,1359.98,631.679,646.028
2026-08-08 14:30:00,TAS1,,1031.0,72.59,96.408
2026-08-08 14:30:00,VIC1,,4098.5,1408.005,1678.562
2026-08-08 14:40:00,NSW1,6124.04,,,
2026-08-08 14:40:00,QLD1,4171.87,,,
2026-08-08 14:40:00,SA1,1290.77,,,
2026-08-08 14:40:00,TAS1,1058.1,,,
2026-08-08 14:40:00,VIC1,4419.24,,,
2026-08-08 14:45:00,NSW1,6248.52,,,
2026-08-08 14:45:00,QLD1,4296.61,,,
2026-08-08 14:45:00,SA1,1305.51,,,
2026-08-08 14:45:00,TAS1,1054.79,,,
2026-08-08 14:45:00,VIC1,4387.34,,,
2026-08-08 15:00:00,NSW1,,6076.07,2521.516,2738.123
2026-08-08 15:00:00,QLD1,,4255.0,2727.713,3146.28
2026-08-08 15:00:00,SA1,,1252.92,532.891,518.304
2026-08-08 15:00:00,TAS1,,1066.0,60.837,76.792
2026-08-08 15:00:00,VIC1,,4538.36,1112.198,1421.968
2026-08-08 15:20:00,NSW1,6703.01,,,
2026-08-08 15:20:00,QLD1,4948.06,,,
2026-08-08 15:20:00,SA1,1468.67,,,
2026-08-08 15:20:00,TAS1,1046.07,,,
2026-08-08 15:20:00,VIC1,4816.9,,,
2026-08-08 15:25:00,NSW1,6878.09,,,
2026-08-08 15:25:00,QLD1,4905.84,,,
2026-08-08 15:25:00,SA1,1450.96,,,
2026-08-08 15:25:00,TAS1,1058.19,,,
2026-08-08 15:25:00,VIC1,4838.81,,,
2026-08-08 15:30:00,NSW1,,6720.08,,2153.988
2026-08-08 15:30:00,QLD1,,4763.4,,2539.132
2026-08-08 15:30:00,SA1,,1339.6,,485.802
2026-08-08 15:30:00,TAS1,,1077.0,,54.579
2026-08-08 15:30:00,VIC1,,4677.14,,1113.837
2026-08-08 16:00:00,NSW1,7778.11,7250.29,1429.498,1501.303
2026-08-08 16:00:00,QLD1,5551.13,5279.39,1643.794,1860.83
2026-08-08 16:00:00,SA1,1426.06,1415.01,427.427,340.442
2026-08-08 16:00:00,TAS1,1097.81,1087.0,40.397,38.928
2026-08-08 16:00:00,VIC1,5214.41,5007.22,644.991,810.772
2026-08-08 16:05:00,NSW1,7791.98,,,
2026-08-08 16:05:00,QLD1,5659.03,,,
2026-08-08 16:05:00,SA1,1442.81,,,
2026-08-08 16:05:00,TAS1,1103.85,,,
2026-08-08 16:05:00,VIC1,5335.58,,,
2026-08-08 16:30:00,NSW1,,8032.77,855.205,837.525
2026-08-08 16:30:00,QLD1,,5824.41,1050.659,1174.32
2026-08-08 16:30:00,SA1,,1394.17,328.382,248.273
2026-08-08 16:30:00,TAS1,,1124.0,25.271,17.018
2026-08-08 16:30:00,VIC1,,5400.88,411.499,547.467
2026-08-08 17:00:00,NSW1,,8801.04,330.643,68.357
2026-08-08 17:00:00,QLD1,,6431.53,491.076,438.026
2026-08-08 17:00:00,SA1,,1490.56,225.747,176.547
2026-08-08 17:00:00,TAS1,,1168.0,8.904,2.461
2026-08-08 17:00:00,VIC1,,5753.24,211.709,196.479
2026-08-08 17:05:00,NSW1,9148.18,,,
2026-08-08 17:05:00,QLD1,6788.68,,,
2026-08-08 17:05:00,SA1,1609.93,,,
2026-08-08 17:05:00,TAS1,1200.18,,,
2026-08-08 17:05:00,VIC1,6101.4,,,
2026-08-08 17:10:00,NSW1,9187.6,,,
2026-08-08 17:10:00,QLD1,6714.48,,,
2026-08-08 17:10:00,SA1,1660.72,,,
2026-08-08 17:10:00,TAS1,1200.09,,,
2026-08-08 17:10:00,VIC1,6138.97,,,
2026-08-08 17:30:00,NSW1,,9314.42,30.547,0.0
2026-08-08 17:30:00,QLD1,,6873.76,125.35,109.928
2026-08-08 17:30:00,SA1,,1601.48,121.433,26.408
2026-08-08 17:30:00,TAS1,,1220.0,0.697,0.0
2026-08-08 17:30:00,VIC1,,6280.84,52.806,54.459
2026-08-08 17:50:00,NSW1,9992.59,,,
2026-08-08 17:50:00,QLD1,7116.88,,,
2026-08-08 17:50:00,SA1,1828.67,,,
2026-08-08 17:50:00,TAS1,1292.82,,,
2026-08-08 17:50:00,VIC1,6605.58,,,
2026-08-08 17:55:00,NSW1,9976.91,,,
2026-08-08 17:55:00,QLD1,7104.09,,,
2026-08-08 17:55:00,SA1,1844.79,,,
2026-08-08 17:55:00,TAS1,1307.74,,,
2026-08-08 17:55:00,VIC1,6686.18,,,
2026-08-08 18:00:00,NSW1,,9880.61,0.002,0.0
2026-08-08 18:00:00,QLD1,,7071.44,15.184,0.0
2026-08-08 18:00:00,SA1,,1754.34,32.583,4.137
2026-08-08 18:00:00,TAS1,,1264.0,0.0,0.0
2026-08-08 18:00:00,VIC1,,6615.21,1.156,0.0
2026-08-08 18:30:00,NSW1,10066.31,10030.48,0.0,0.0
2026-08-08 18:30:00,QLD1,7179.74,7154.65,0.0,0.0
2026-08-08 18:30:00,SA1,1871.81,1827.77,0.421,0.0
2026-08-08 18:30:00,TAS1,1307.33,1285.0,0.0,0.0
2026-08-08 18:30:00,VIC1,6683.95,6692.27,0.0,0.0
2026-08-08 18:35:00,NSW1,10076.6,,,
2026-08-08 18:35:00,QLD1,7188.28,,,
2026-08-08 18:35:00,SA1,1875.3,,,
2026-08-08 18:35:00,TAS1,1304.16,,,
2026-08-08 18:35:00,VIC1,6654.01,,,
2026-08-08 19:00:00,NSW1,,10018.8,0.0,0.0
2026-08-08 19:00:00,QLD1,,7102.12,0.0,0.0
2026-08-08 19:00:00,SA1,,1873.68,0.0,0.0
2026-08-08 19:00:00,TAS1,,1278.0,0.0,0.0
2026-08-08 19:00:00,VIC1,,6667.11,0.0,0.0
2026-08-08 19:15:00,NSW1,9930.58,,,
2026-08-08 19:15:00,QLD1,7066.74,,,
2026-08-08 19:15:00,SA1,1849.76,,,
2026-08-08 19:15:00,TAS1,1274.72,,,
2026-08-08 19:15:00,VIC1,6534.26,,,
2026-08-08 19:20:00,NSW1,9922.7,,,
2026-08-08 19:20:00,QLD1,7048.66,,,
2026-08-08 19:20:00,SA1,1832.22,,,
2026-08-08 19:20:00,TAS1,1276.74,,,
2026-08-08 19:20:00,VIC1,6521.56,,,
2026-08-08 19:30:00,NSW1,,9851.46,0.0,0.0
2026-08-08 19:30:00,QLD1,,6990.95,0.0,0.0
2026-08-08 19:30:00,SA1,,1863.27,0.0,0.0
2026-08-08 19:30:00,TAS1,,1265.0,0.0,0.0
2026-08-08 19:30:00,VIC1,,6571.33,0.0,0.0
2026-08-08 19:50:00,NSW1,9814.22,,,
2026-08-08 19:50:00,QLD1,6940.29,,,
2026-08-08 19:50:00,SA1,1794.23,,,
2026-08-08 19:50:00,TAS1,1243.34,,,
2026-08-08 19:50:00,VIC1,6487.57,,,
2026-08-08 19:55:00,NSW1,9792.95,,,
2026-08-08 19:55:00,QLD1,6990.43,,,
2026-08-08 19:55:00,SA1,1778.83,,,
2026-08-08 19:55:00,TAS1,1242.04,,,
2026-08-08 19:55:00,VIC1,6487.29,,,
2026-08-08 20:00:00,NSW1,,9815.38,0.0,0.0
2026-08-08 20:00:00,QLD1,,6937.97,0.0,0.0
2026-08-08 20:00:00,SA1,,1807.15,0.0,0.0
2026-08-08 20:00:00,TAS1,,1239.0,0.0,0.0
2026-08-08 20:00:00,VIC1,,6425.83,0.0,0.0
2026-08-08 20:25:00,NSW1,9655.98,,,
2026-08-08 20:25:00,QLD1,6815.44,,,
2026-08-08 20:25:00,SA1,1760.17,,,
2026-08-08 20:25:00,TAS1,1218.03,,,
2026-08-08 20:25:00,VIC1,6305.79,,,
2026-08-08 20:30:00,NSW1,9675.15,9749.53,0.0,0.0
2026-08-08 20:30:00,QLD1,6833.98,6882.83,0.0,0.0
2026-08-08 20:30:00,SA1,1738.68,1770.16,0.0,0.0
2026-08-08 20:30:00,TAS1,1213.71,1230.0,0.0,0.0
2026-08-08 20:30:00,VIC1,6256.33,6378.21,0.0,0.0
2026-08-08 20:55:00,NSW1,9633.88,,,
2026-08-08 20:55:00,QLD1,6916.88,,,
2026-08-08 20:55:00,SA1,1709.48,,,
2026-08-08 20:55:00,TAS1,1194.93,,,
2026-08-08 20:55:00,VIC1,6096.16,,,
2026-08-08 21:00:00,NSW1,9515.92,9585.19,0.0,0.0
2026-08-08 21:00:00,QLD1,6876.71,6751.83,0.0,0.0
2026-08-08 21:00:00,SA1,1699.86,1756.5,0.0,0.0
2026-08-08 21:00:00,TAS1,1200.01,1204.0,0.0,0.0
2026-08-08 21:00:00,VIC1,6044.12,6251.0,0.0,0.0
2026-08-08 21:30:00,NSW1,9361.2,9495.57,0.0,0.0
2026-08-08 21:30:00,QLD1,6748.31,6796.09,0.0,0.0
2026-08-08 21:30:00,SA1,1684.34,1710.41,0.0,0.0
2026-08-08 21:30:00,TAS1,1182.89,1182.0,0.0,0.0
2026-08-08 21:30:00,VIC1,6082.34,6053.58,0.0,0.0
2026-08-08 21:35:00,NSW1,9324.14,,,
2026-08-08 21:35:00,QLD1,6743.74,,,
2026-08-08 21:35:00,SA1,1668.88,,,
2026-08-08 21:35:00,TAS1,1177.7,,,
2026-08-08 21:35:00,VIC1,5951.93,,,
2026-08-08 21:55:00,NSW1,9155.91,,,
2026-08-08 21:55:00,QLD1,6662.49,,,
2026-08-08 21:55:00,SA1,1648.95,,,
2026-08-08 21:55:00,TAS1,1150.45,,,
2026-08-08 21:55:00,VIC1,5861.58,,,
2026-08-08 22:00:00,NSW1,9143.68,9225.69,0.0,0.0
2026-08-08 22:00:00,QLD1,6650.54,6696.02,0.0,0.0
2026-08-08 22:00:00,SA1,1653.22,1675.58,0.0,0.0
2026-08-08 22:00:00,TAS1,1147.93,1166.0,0.0,0.0
2026-08-08 22:00:00,VIC1,5830.13,5956.66,0.0,0.0
2026-08-08 22:30:00,NSW1,,9076.79,0.0,0.0
2026-08-08 22:30:00,QLD1,,6555.97,0.0,0.0
2026-08-08 22:30:00,SA1,,1637.17,0.0,0.0
2026-08-08 22:30:00,TAS1,,1125.0,0.0,0.0
2026-08-08 22:30:00,VIC1,,5736.59,0.0,0.0
2026-08-08 22:40:00,NSW1,8960.77,,,
2026-08-08 22:40:00,QLD1,6421.06,,,
2026-08-08 22:40:00,SA1,1587.74,,,
2026-08-08 22:40:00,TAS1,1118.85,,,
2026-08-08 22:40:00,VIC1,5588.0,,,
2026-08-08 22:45:00,NSW1,9005.8,,,
2026-08-08 22:45:00,QLD1,6391.03,,,
2026-08-08 22:45:00,SA1,1583.55,,,
2026-08-08 22:45:00,TAS1,1113.77,,,
2026-08-08 22:45:00,VIC1,5615.9,,,
2026-08-08 23:00:00,NSW1,,8936.08,0.0,0.0
2026-08-08 23:00:00,QLD1,,6337.57,0.0,0.0
2026-08-08 23:00:00,SA1,,1586.18,0.0,0.0
2026-08-08 23:00:00,TAS1,,1105.0,0.0,0.0
2026-08-08 23:00:00,VIC1,,5526.98,0.0,0.0
2026-08-08 23:30:00,NSW1,8605.6,8717.66,0.0,0.0
2026-08-08 23:30:00,QLD1,6210.41,6206.86,0.0,0.0
2026-08-08 23:30:00,SA1,1513.01,1529.44,0.0,0.0
2026-08-08 23:30:00,TAS1,1069.99,1080.0,0.0,0.0
2026-08-08 23:30:00,VIC1,5568.88,5524.05,0.0,0.0
2026-08-08 23:35:00,NSW1,8586.1,,,
2026-08-08 23:35:00,QLD1,6086.78,,,
2026-08-08 23:35:00,SA1,1548.88,,,
2026-08-08 23:35:00,TAS1,1065.5,,,
2026-08-08 23:35:00,VIC1,5571.05,,,
2026-08-09 00:00:00,NSW1,,8507.0,0.0,0.0
2026-08-09 00:00:00,QLD1,,6109.31,0.0,0.0
2026-08-09 00:00:00,SA1,,1561.64,0.0,0.0
2026-08-09 00:00:00,TAS1,,1061.0,0.0,0.0
2026-08-09 00:00:00,VIC1,,5463.0,0.0,0.0
2026-08-09 00:05:00,NSW1,8310.36,,,
2026-08-09 00:05:00,QLD1,6002.43,,,
2026-08-09 00:05:00,SA1,1532.23,,,
2026-08-09 00:05:00,TAS1,1074.97,,,
2026-08-09 00:05:00,VIC1,5359.65,,,
2026-08-09 00:10:00,NSW1,8357.74,,,
2026-08-09 00:10:00,QLD1,5989.99,,,
2026-08-09 00:10:00,SA1,1536.66,,,
2026-08-09 00:10:00,TAS1,1074.13,,,
2026-08-09 00:10:00,VIC1,5366.77,,,
2026-08-09 00:30:00,NSW1,,8270.65,0.0,0.0
2026-08-09 00:30:00,QLD1,,5941.25,0.0,0.0
2026-08-09 00:30:00,SA1,,1553.98,0.0,0.0
2026-08-09 00:30:00,TAS1,,1063.0,0.0,0.0
2026-08-09 00:30:00,VIC1,,5276.89,0.0,0.0
2026-08-09 00:45:00,NSW1,8209.7,,,
2026-08-09 00:45:00,QLD1,5768.13,,,
2026-08-09 00:45:00,SA1,1584.13,,,
2026-08-09 00:45:00,TAS1,1026.93,,,
2026-08-09 00:45:00,VIC1,5161.32,,,
2026-08-09 00:50:00,NSW1,8067.7,,,
2026-08-09 00:50:00,QLD1,5774.35,,,
2026-08-09 00:50:00,SA1,1564.84,,,
2026-08-09 00:50:00,TAS1,1014.26,,,
2026-08-09 00:50:00,VIC1,5061.57,,,
2026-08-09 01:00:00,NSW1,,8199.49,0.0,0.0
2026-08-09 01:00:00,QLD1,,5767.76,0.0,0.0
2026-08-09 01:00:00,SA1,,1558.18,0.0,0.0
2026-08-09 01:00:00,TAS1,,1042.0,0.0,0.0
2026-08-09 01:00:00,VIC1,,5107.8,0.0,0.0
2026-08-09 01:05:00,NSW1,7989.56,,,
2026-08-09 01:05:00,QLD1,5681.92,,,
2026-08-09 01:05:00,SA1,1569.33,,,
2026-08-09 01:05:00,TAS1,1027.0,,,
2026-08-09 01:05:00,VIC1,4960.9,,,
2026-08-09 01:10:00,NSW1,7991.08,,,
2026-08-09 01:10:00,QLD1,5693.11,,,
2026-08-09 01:10:00,SA1,1547.26,,,
2026-08-09 01:10:00,TAS1,1029.71,,,
2026-08-09 01:10:00,VIC1,4955.62,,,
2026-08-09 01:30:00,NSW1,,7961.05,0.0,0.0
2026-08-09 01:30:00,QLD1,,5707.77,0.0,0.0
2026-08-09 01:30:00,SA1,,1556.68,0.0,0.0
2026-08-09 01:30:00,TAS1,,1035.0,0.0,0.0
2026-08-09 01:30:00,VIC1,,4952.83,0.0,0.0
2026-08-09 01:40:00,NSW1,7776.96,,,
2026-08-09 01:40:00,QLD1,5546.04,,,
2026-08-09 01:40:00,SA1,1528.41,,,
2026-08-09 01:40:00,TAS1,1020.61,,,
2026-08-09 01:40:00,VIC1,4833.32,,,
2026-08-09 01:45:00,NSW1,7706.88,,,
2026-08-09 01:45:00,QLD1,5646.87,,,
2026-08-09 01:45:00,SA1,1505.82,,,
2026-08-09 01:45:00,TAS1,1015.66,,,
2026-08-09 01:45:00,VIC1,4792.49,,,
2026-08-09 02:00:00,NSW1,7720.14,7704.37,0.0,0.0
2026-08-09 02:00:00,QLD1,5596.58,5588.61,0.0,0.0
2026-08-09 02:00:00,SA1,1512.51,1516.55,0.0,0.0
2026-08-09 02:00:00,TAS1,1013.44,1013.0,0.0,0.0
2026-08-09 02:00:00,VIC1,4726.23,4814.87,0.0,0.0
2026-08-09 02:05:00,NSW1,7705.62,,,
2026-08-09 02:05:00,QLD1,5517.71,,,
2026-08-09 02:05:00,SA1,1482.97,,,
2026-08-09 02:05:00,TAS1,1012.41,,,
2026-08-09 02:05:00,VIC1,4709.57,,,
2026-08-09 02:30:00,NSW1,,7565.02,0.0,0.0
2026-08-09 02:30:00,QLD1,,5559.03,0.0,0.0
2026-08-09 02:30:00,SA1,,1491.58,0.0,0.0
2026-08-09 02:30:00,TAS1,,1010.0,0.0,0.0
2026-08-09 02:30:00,VIC1,,4654.65,0.0,0.0
2026-08-09 02:40:00,NSW1,7405.75,,,
2026-08-09 02:40:00,QLD1,5512.37,,,
2026-08-09 02:40:00,SA1,1445.48,,,
2026-08-09 02:40:00,TAS1,1000.56,,,
2026-08-09 02:40:00,VIC1,4520.58,,,
2026-08-09 02:45:00,NSW1,7380.75,,,
2026-08-09 02:45:00,QLD1,5551.61,,,
2026-08-09 02:45:00,SA1,1430.81,,,
2026-08-09 02:45:00,TAS1,1008.75,,,
2026-08-09 02:45:00,VIC1,4587.95,,,
2026-08-09 03:00:00,NSW1,,7501.03,0.0,0.0
2026-08-09 03:00:00,QLD1,,5509.96,0.0,0.0
2026-08-09 03:00:00,SA1,,1436.76,0.0,0.0
2026-08-09 03:00:00,TAS1,,1015.0,0.0,0.0
2026-08-09 03:00:00,VIC1,,4513.55,0.0,0.0
2026-08-09 03:10:00,NSW1,7325.51,,,
2026-08-09 03:10:00,QLD1,5553.04,,,
2026-08-09 03:10:00,SA1,1432.97,,,
2026-08-09 03:10:00,TAS1,1011.21,,,
2026-08-09 03:10:00,VIC1,4530.32,,,
2026-08-09 03:15:00,NSW1,7350.43,,,
2026-08-09 03:15:00,QLD1,5536.8,,,
2026-08-09 03:15:00,SA1,1431.82,,,
2026-08-09 03:15:00,TAS1,1000.06,,,
2026-08-09 03:15:00,VIC1,4534.33,,,
2026-08-09 03:30:00,NSW1,,7335.43,0.0,0.0
2026-08-09 03:30:00,QLD1,,5510.63,0.0,0.0
2026-08-09 03:30:00,SA1,,1405.59,0.0,0.0
2026-08-09 03:30:00,TAS1,,1006.0,0.0,0.0
2026-08-09 03:30:00,VIC1,,4461.17,0.0,0.0
2026-08-09 03:45:00,NSW1,7364.24,,,
2026-08-09 03:45:00,QLD1,5424.07,,,
2026-08-09 03:45:00,SA1,1398.07,,,
2026-08-09 03:45:00,TAS1,994.48,,,
2026-08-09 03:45:00,VIC1,4414.3,,,
2026-08-09 03:50:00,NSW1,7348.18,,,
2026-08-09 03:50:00,QLD1,5442.64,,,
2026-08-09 03:50:00,SA1,1393.46,,,
2026-08-09 03:50:00,TAS1,995.48,,,
2026-08-09 03:50:00,VIC1,4403.6,,,
2026-08-09 04:00:00,NSW1,,7370.3,0.0,0.0
2026-08-09 04:00:00,QLD1,,5493.23,0.0,0.0
2026-08-09 04:00:00,SA1,,1403.36,0.0,0.0
2026-08-09 04:00:00,TAS1,,996.0,0.0,0.0
2026-08-09 04:00:00,VIC1,,4407.12,0.0,0.0
2026-08-09 04:10:00,NSW1,7318.01,,,
2026-08-09 04:10:00,QLD1,5442.61,,,
2026-08-09 04:10:00,SA1,1390.38,,,
2026-08-09 04:10:00,TAS1,1010.93,,,
2026-08-09 04:10:00,VIC1,4438.59,,,
2026-08-09 04:15:00,NSW1,7267.97,,,
2026-08-09 04:15:00,QLD1,5501.75,,,
2026-08-09 04:15:00,SA1,1399.72,,,
2026-08-09 04:15:00,TAS1,1012.14,,,
2026-08-09 04:15:00,VIC1,4401.36,,,
2026-08-09 04:30:00,NSW1,,7310.72,0.0,0.0
2026-08-09 04:30:00,QLD1,,5503.56,0.0,0.0
2026-08-09 04:30:00,SA1,,1367.26,0.0,0.0
2026-08-09 04:30:00,TAS1,,1000.0,0.0,0.0
2026-08-09 04:30:00,VIC1,,4407.74,0.0,0.0
2026-08-09 04:55:00,NSW1,7324.85,,,
2026-08-09 04:55:00,QLD1,5599.54,,,
2026-08-09 04:55:00,SA1,1381.93,,,
2026-08-09 04:55:00,TAS1,1018.0,,,
2026-08-09 04:55:00,VIC1,4433.41,,,
2026-08-09 05:00:00,NSW1,7349.41,7279.72,0.0,0.0
2026-08-09 05:00:00,QLD1,5602.58,5527.36,0.0,0.0
2026-08-09 05:00:00,SA1,1375.48,1368.62,0.0,0.0
2026-08-09 05:00:00,TAS1,1018.32,1004.0,0.0,0.0
2026-08-09 05:00:00,VIC1,4377.79,4414.05,0.0,0.0
2026-08-09 05:25:00,NSW1,7460.31,,,
2026-08-09 05:25:00,QLD1,5667.83,,,
2026-08-09 05:25:00,SA1,1360.71,,,
2026-08-09 05:25:00,TAS1,1021.99,,,
2026-08-09 05:25:00,VIC1,4421.15,,,
2026-08-09 05:30:00,NSW1,7379.07,7454.8,0.0,0.0
2026-08-09 05:30:00,QLD1,5695.44,5645.44,0.0,0.0
2026-08-09 05:30:00,SA1,1342.22,1367.75,0.0,0.0
2026-08-09 05:30:00,TAS1,1014.45,1024.0,0.0,0.0
2026-08-09 05:30:00,VIC1,4480.2,4478.57,0.0,0.0
2026-08-09 05:50:00,NSW1,7595.91,,,
2026-08-09 05:50:00,QLD1,5762.46,,,
2026-08-09 05:50:00,SA1,1337.61,,,
2026-08-09 05:50:00,TAS1,1042.06,,,
2026-08-09 05:50:00,VIC1,4540.25,,,
2026-08-09 05:55:00,NSW1,7605.33,,,
2026-08-09 05:55:00,QLD1,5772.04,,,
2026-08-09 05:55:00,SA1,1340.22,,,
2026-08-09 05:55:00,TAS1,1043.52,,,
2026-08-09 05:55:00,VIC1,4585.92,,,
2026-08-09 06:00:00,NSW1,,7584.54,0.0,0.0
2026-08-09 06:00:00,QLD1,,5742.02,0.0,0.0
2026-08-09 06:00:00,SA1,,1344.02,0.0,0.0
2026-08-09 06:00:00,TAS1,,1027.0,0.0,0.0
2026-08-09 06:00:00,VIC1,,4516.57,0.0,0.0
2026-08-09 06:20:00,NSW1,7887.89,,,
2026-08-09 06:20:00,QLD1,5890.8,,,
2026-08-09 06:20:00,SA1,1333.63,,,
2026-08-09 06:20:00,TAS1,1072.09,,,
2026-08-09 06:20:00,VIC1,4753.8,,,
2026-08-09 06:25:00,NSW1,7884.99,,,
2026-08-09 06:25:00,QLD1,5885.4,,,
2026-08-09 06:25:00,SA1,1327.93,,,
2026-08-09 06:25:00,TAS1,1073.29,,,
2026-08-09 06:25:00,VIC1,4697.25,,,
2026-08-09 06:30:00,NSW1,,7916.12,2.414,0.0
2026-08-09 06:30:00,QLD1,,5893.65,14.641,0.0
2026-08-09 06:30:00,SA1,,1350.64,0.0,0.0
2026-08-09 06:30:00,TAS1,,1049.0,0.0,0.0
2026-08-09 06:30:00,VIC1,,4690.41,0.0,0.0
2026-08-09 06:50:00,NSW1,8081.78,,,
2026-08-09 06:50:00,QLD1,5877.67,,,
2026-08-09 06:50:00,SA1,1325.03,,,
2026-08-09 06:50:00,TAS1,1078.98,,,
2026-08-09 06:50:00,VIC1,4913.47,,,
2026-08-09 06:55:00,NSW1,8139.53,,,
2026-08-09 06:55:00,QLD1,5899.67,,,
2026-08-09 06:55:00,SA1,1339.06,,,
2026-08-09 06:55:00,TAS1,1087.25,,,
2026-08-09 06:55:00,VIC1,4938.89,,,
2026-08-09 07:00:00,NSW1,,8132.56,57.387,0.0
2026-08-09 07:00:00,QLD1,,5901.4,135.342,105.696
2026-08-09 07:00:00,SA1,,1339.76,0.0,0.0
2026-08-09 07:00:00,TAS1,,1075.0,0.0,0.0
2026-08-09 07:00:00,VIC1,,4844.99,0.087,0.0
2026-08-09 07:15:00,NSW1,8242.97,,,
2026-08-09 07:15:00,QLD1,5893.49,,,
2026-08-09 07:15:00,SA1,1339.28,,,
2026-08-09 07:15:00,TAS1,1099.43,,,
2026-08-09 07:15:00,VIC1,5127.47,,,
2026-08-09 07:20:00,NSW1,8351.03,,,
2026-08-09 07:20:00,QLD1,5917.94,,,
2026-08-09 07:20:00,SA1,1360.05,,,
2026-08-09 07:20:00,TAS1,1109.87,,,
2026-08-09 07:20:00,VIC1,5205.09,,,
2026-08-09 07:30:00,NSW1,,8234.77,322.556,186.006
2026-08-09 07:30:00,QLD1,,5840.87,727.495,417.253
2026-08-09 07:30:00,SA1,,1335.14,3.793,0.0
2026-08-09 07:30:00,TAS1,,1097.0,3.629,0.0
2026-08-09 07:30:00,VIC1,,5062.15,21.777,0.0
2026-08-09 07:45:00,NSW1,8578.85,,,
2026-08-09 07:45:00,QLD1,5609.55,,,
2026-08-09 07:45:00,SA1,1428.41,,,
2026-08-09 07:45:00,TAS1,1136.71,,,
2026-08-09 07:45:00,VIC1,5435.91,,,
2026-08-09 07:50:00,NSW1,8477.95,,,
2026-08-09 07:50:00,QLD1,5617.82,,,
2026-08-09 07:50:00,SA1,1429.34,,,
2026-08-09 07:50:00,TAS1,1143.28,,,
2026-08-09 07:50:00,VIC1,5422.02,,,
2026-08-09 08:00:00,NSW1,,8485.45,733.225,543.437
2026-08-09 08:00:00,QLD1,,5658.84,1257.078,919.99
2026-08-09 08:00:00,SA1,,1350.78,45.961,15.234
2026-08-09 08:00:00,TAS1,,1141.0,13.387,7.823
2026-08-09 08:00:00,VIC1,,5349.7,86.623,64.473
2026-08-09 08:10:00,NSW1,8567.1,,,
2026-08-09 08:10:00,QLD1,5313.8,,,
2026-08-09 08:10:00,SA1,1434.51,,,
2026-08-09 08:10:00,TAS1,1157.04,,,
2026-08-09 08:10:00,VIC1,5672.37,,,
2026-08-09 08:15:00,NSW1,8530.92,,,
2026-08-09 08:15:00,QLD1,5401.86,,,
2026-08-09 08:15:00,SA1,1424.68,,,
2026-08-09 08:15:00,TAS1,1165.99,,,
2026-08-09 08:15:00,VIC1,5737.29,,,
2026-08-09 08:30:00,NSW1,,8405.8,1075.239,960.094
2026-08-09 08:30:00,QLD1,,5457.29,1848.792,1555.934
2026-08-09 08:30:00,SA1,,1410.74,148.24,55.138
2026-08-09 08:30:00,TAS1,,1163.0,29.194,21.949
2026-08-09 08:30:00,VIC1,,5533.0,201.385,149.533
2026-08-09 08:40:00,NSW1,8471.37,,,
2026-08-09 08:40:00,QLD1,5100.77,,,
2026-08-09 08:40:00,SA1,1427.76,,,
2026-08-09 08:40:00,TAS1,1187.84,,,
2026-08-09 08:40:00,VIC1,5854.25,,,
2026-08-09 08:45:00,NSW1,8479.96,,,
2026-08-09 08:45:00,QLD1,5078.98,,,
2026-08-09 08:45:00,SA1,1419.41,,,
2026-08-09 08:45:00,TAS1,1187.47,,,
2026-08-09 08:45:00,VIC1,5901.22,,,
2026-08-09 09:00:00,NSW1,,8482.55,1345.892,1612.213
2026-08-09 09:00:00,QLD1,,5114.53,2439.268,2278.539
2026-08-09 09:00:00,SA1,,1415.65,266.83,140.74
2026-08-09 09:00:00,TAS1,,1178.0,42.689,38.08
2026-08-09 09:00:00,VIC1,,5821.93,244.119,250.292
2026-08-09 09:05:00,NSW1,8492.6,,,
2026-08-09 09:05:00,QLD1,4697.0,,,
2026-08-09 09:05:00,SA1,1428.28,,,
2026-08-09 09:05:00,TAS1,1219.78,,,
2026-08-09 09:05:00,VIC1,6077.72,,,
2026-08-09 09:10:00,NSW1,8530.05,,,
2026-08-09 09:10:00,QLD1,4720.32,,,
2026-08-09 09:10:00,SA1,1387.46,,,
2026-08-09 09:10:00,TAS1,1218.54,,,
2026-08-09 09:10:00,VIC1,6160.29,,,
2026-08-09 09:30:00,NSW1,,8440.87,1607.898,1876.465
2026-08-09 09:30:00,QLD1,,4641.66,2907.527,2705.681
2026-08-09 09:30:00,SA1,,1419.59,315.532,232.83
2026-08-09 09:30:00,TAS1,,1195.0,54.394,53.157
2026-08-09 09:30:00,VIC1,,6094.83,270.471,162.368
2026-08-09 09:40:00,NSW1,8222.21,,,
2026-08-09 09:40:00,QLD1,4429.94,,,
2026-08-09 09:40:00,SA1,1468.74,,,
2026-08-09 09:40:00,TAS1,1195.5,,,
2026-08-09 09:40:00,VIC1,6318.22,,,
2026-08-09 09:45:00,NSW1,8119.72,,,
2026-08-09 09:45:00,QLD1,4400.91,,,
2026-08-09 09:45:00,SA1,1470.0,,,
2026-08-09 09:45:00,TAS1,1205.08,,,
2026-08-09 09:45:00,VIC1,6333.39,,,
2026-08-09 10:00:00,NSW1,8114.37,8042.47,,2099.858
2026-08-09 10:00:00,QLD1,4190.46,4304.05,,3095.408
2026-08-09 10:00:00,SA1,1437.24,1419.22,,285.125
2026-08-09 10:00:00,TAS1,1200.42,1203.0,,71.178
2026-08-09 10:00:00,VIC1,6327.37,6103.16,,241.876
2026-08-09 10:05:00,NSW1,8017.35,,,
2026-08-09 10:05:00,QLD1,4088.71,,,
2026-08-09 10:05:00,SA1,1399.23,,,
2026-08-09 10:05:00,TAS1,1199.74,,,
2026-08-09 10:05:00,VIC1,6422.91,,,
2026-08-09 10:30:00,NSW1,,7894.77,,2297.283
2026-08-09 10:30:00,QLD1,,4106.27,,3295.823
2026-08-09 10:30:00,SA1,,1380.68,,353.885
2026-08-09 10:30:00,TAS1,,1179.0,,80.354
2026-08-09 10:30:00,VIC1,,6072.25,,292.972
2026-08-09 11:00:00,NSW1,,7840.22,1754.722,2322.077
2026-08-09 11:00:00,QLD1,,4035.0,3489.071,3468.765
2026-08-09 11:00:00,SA1,,1411.1,377.274,452.27
2026-08-09 11:00:00,TAS1,,1147.0,91.935,93.128
2026-08-09 11:00:00,VIC1,,6078.31,322.406,351.26
2026-08-09 11:30:00,NSW1,,7799.72,1753.923,2284.231
2026-08-09 11:30:00,QLD1,,4074.2,3626.079,3575.66
2026-08-09 11:30:00,SA1,,1402.26,483.024,547.602
2026-08-09 11:30:00,TAS1,,1114.0,98.02,101.388
2026-08-09 11:30:00,VIC1,,6083.66,335.598,412.057
2026-08-09 12:00:00,NSW1,,8413.78,,2167.842
2026-08-09 12:00:00,QLD1,,4034.66,,3641.813
2026-08-09 12:00:00,SA1,,1352.23,,659.537
2026-08-09 12:00:00,TAS1,,1115.0,,107.214
2026-08-09 12:00:00,VIC1,,6977.98,,383.774
2026-08-09 12:15:00,NSW1,8789.87,,,
2026-08-09 12:15:00,QLD1,4224.77,,,
2026-08-09 12:15:00,SA1,1089.98,,,
2026-08-09 12:15:00,TAS1,1117.8,,,
2026-08-09 12:15:00,VIC1,7131.39,,,
2026-08-09 12:20:00,NSW1,8667.74,,,
2026-08-09 12:20:00,QLD1,4201.05,,,
2026-08-09 12:20:00,SA1,1104.17,,,
2026-08-09 12:20:00,TAS1,1111.95,,,
2026-08-09 12:20:00,VIC1,7073.16,,,
2026-08-09 12:30:00,NSW1,,8641.9,1607.465,2141.323
2026-08-09 12:30:00,QLD1,,4069.54,3464.584,3635.207
2026-08-09 12:30:00,SA1,,1126.22,894.582,612.848
2026-08-09 12:30:00,TAS1,,1111.0,94.067,111.886
2026-08-09 12:30:00,VIC1,,6988.16,323.408,392.836
2026-08-09 13:00:00,NSW1,,8502.26,1428.587,1980.561
2026-08-09 13:00:00,QLD1,,4086.07,3469.487,3535.845
2026-08-09 13:00:00,SA1,,1150.11,867.527,641.26
2026-08-09 13:00:00,TAS1,,1096.0,95.129,107.613
2026-08-09 13:00:00,VIC1,,6705.88,313.2,416.481
2026-08-09 13:30:00,NSW1,,8966.1,1162.85,1705.088
2026-08-09 13:30:00,QLD1,,3996.81,3423.843,3348.55
2026-08-09 13:30:00,SA1,,1107.48,602.027,702.852
2026-08-09 13:30:00,TAS1,,1061.0,88.184,87.199
2026-08-09 13:30:00,VIC1,,7139.32,327.191,380.595
2026-08-09 13:50:00,NSW1,9329.58,,,
2026-08-09 13:50:00,QLD1,4128.61,,,
2026-08-09 13:50:00,SA1,1382.33,,,
2026-08-09 13:50:00,TAS1,1096.61,,,
2026-08-09 13:50:00,VIC1,7158.67,,,
2026-08-09 13:55:00,NSW1,9225.12,,,
2026-08-09 13:55:00,QLD1,4181.47,,,
2026-08-09 13:55:00,SA1,1390.98,,,
2026-08-09 13:55:00,TAS1,1096.37,,,
2026-08-09 13:55:00,VIC1,7186.69,,,
2026-08-09 14:00:00,NSW1,,9101.27,999.317,1383.584
2026-08-09 14:00:00,QLD1,,4077.35,3080.589,3118.114
2026-08-09 14:00:00,SA1,,1308.35,449.962,618.074
2026-08-09 14:00:00,TAS1,,1056.0,70.923,83.215
2026-08-09 14:00:00,VIC1,,7059.78,307.35,364.59
2026-08-09 14:30:00,NSW1,,9122.63,946.547,1153.311
2026-08-09 14:30:00,QLD1,,4454.49,2731.753,2842.322
2026-08-09 14:30:00,SA1,,1372.95,382.314,424.137
2026-08-09 14:30:00,TAS1,,1093.0,49.8,66.594
2026-08-09 14:30:00,VIC1,,7062.43,285.991,326.962
2026-08-09 14:55:00,NSW1,9152.04,,,
2026-08-09 14:55:00,QLD1,4691.64,,,
2026-08-09 14:55:00,SA1,1617.32,,,
2026-08-09 14:55:00,TAS1,1131.29,,,
2026-08-09 14:55:00,VIC1,7025.1,,,
2026-08-09 15:00:00,NSW1,9249.42,9279.32,836.473,854.486
2026-08-09 15:00:00,QLD1,4739.1,4682.18,2386.144,2410.903
2026-08-09 15:00:00,SA1,1648.7,1420.37,286.693,289.586
2026-08-09 15:00:00,TAS1,1137.63,1123.0,36.099,45.709
2026-08-09 15:00:00,VIC1,7012.62,6804.81,258.105,276.73
2026-08-09 15:30:00,NSW1,,9274.02,624.64,668.102
2026-08-09 15:30:00,QLD1,,4894.82,1924.179,1917.241
2026-08-09 15:30:00,SA1,,1634.23,210.929,257.259
2026-08-09 15:30:00,TAS1,,1136.0,22.835,29.843
2026-08-09 15:30:00,VIC1,,6914.31,229.179,228.439
2026-08-09 15:40:00,NSW1,9615.25,,,
2026-08-09 15:40:00,QLD1,5334.07,,,
2026-08-09 15:40:00,SA1,1792.73,,,
2026-08-09 15:40:00,TAS1,1169.41,,,
2026-08-09 15:40:00,VIC1,7080.07,,,
2026-08-09 15:45:00,NSW1,9704.02,,,
2026-08-09 15:45:00,QLD1,5389.41,,,
2026-08-09 15:45:00,SA1,1799.68,,,
2026-08-09 15:45:00,TAS1,1173.2,,,
2026-08-09 15:45:00,VIC1,7086.65,,,
2026-08-09 16:00:00,NSW1,,9755.64,473.759,502.122
2026-08-09 16:00:00,QLD1,,5562.84,1504.306,1441.56
2026-08-09 16:00:00,SA1,,1798.18,172.988,164.386
2026-08-09 16:00:00,TAS1,,1177.0,16.584,20.96
2026-08-09 16:00:00,VIC1,,6962.97,212.118,170.015
2026-08-09 16:25:00,NSW1,10117.51,,,
2026-08-09 16:25:00,QLD1,6090.18,,,
2026-08-09 16:25:00,SA1,1802.42,,,
2026-08-09 16:25:00,TAS1,1225.56,,,
2026-08-09 16:25:00,VIC1,7073.89,,,
2026-08-09 16:30:00,NSW1,10119.58,9956.27,327.59,277.072
2026-08-09 16:30:00,QLD1,6205.62,5775.55,990.369,902.009
2026-08-09 16:30:00,SA1,1792.76,1752.56,149.634,125.843
2026-08-09 16:30:00,TAS1,1235.1,1202.0,12.197,7.72
2026-08-09 16:30:00,VIC1,7101.73,7053.34,194.547,111.586
2026-08-09 17:00:00,NSW1,,10358.57,172.507,9.065
2026-08-09 17:00:00,QLD1,,6473.55,477.668,332.94
2026-08-09 17:00:00,SA1,,1812.25,138.174,106.108
2026-08-09 17:00:00,TAS1,,1241.0,5.827,1.515
2026-08-09 17:00:00,VIC1,,7099.61,129.587,36.821
2026-08-09 17:30:00,NSW1,10920.67,10665.45,21.407,0.0
2026-08-09 17:30:00,QLD1,7171.36,6966.49,118.646,87.66
2026-08-09 17:30:00,SA1,1941.71,1832.28,111.924,23.726
2026-08-09 17:30:00,TAS1,1341.55,1288.0,0.348,0.0
2026-08-09 17:30:00,VIC1,7450.41,7292.83,41.091,9.254
2026-08-09 17:35:00,NSW1,10938.22,,,
2026-08-09 17:35:00,QLD1,7203.83,,,
2026-08-09 17:35:00,SA1,1967.09,,,
2026-08-09 17:35:00,TAS1,1340.63,,,
2026-08-09 17:35:00,VIC1,7554.8,,,
2026-08-09 18:00:00,NSW1,,11137.76,0.015,0.0
2026-08-09 18:00:00,QLD1,,7235.39,15.326,0.0
2026-08-09 18:00:00,SA1,,1926.75,37.931,1.266
2026-08-09 18:00:00,TAS1,,1342.0,0.0,0.0
2026-08-09 18:00:00,VIC1,,7456.79,1.131,0.0
2026-08-09 18:05:00,NSW1,11073.24,,,
2026-08-09 18:05:00,QLD1,7456.89,,,
2026-08-09 18:05:00,SA1,2030.97,,,
2026-08-09 18:05:00,TAS1,1373.12,,,
2026-08-09 18:05:00,VIC1,7599.08,,,
2026-08-09 18:10:00,NSW1,10991.74,,,
2026-08-09 18:10:00,QLD1,7465.95,,,
2026-08-09 18:10:00,SA1,2036.61,,,
2026-08-09 18:10:00,TAS1,1347.93,,,
2026-08-09 18:10:00,VIC1,7619.28,,,
2026-08-09 18:30:00,NSW1,,11119.38,0.0,0.0
2026-08-09 18:30:00,QLD1,,7423.88,0.0,0.0
2026-08-09 18:30:00,SA1,,1988.71,0.436,0.0
2026-08-09 18:30:00,TAS1,,1351.0,0.0,0.0
2026-08-09 18:30:00,VIC1,,7613.29,0.0,0.0
2026-08-09 18:55:00,NSW1,10774.31,,,
2026-08-09 18:55:00,QLD1,7281.92,,,
2026-08-09 18:55:00,SA1,2065.33,,,
2026-08-09 18:55:00,TAS1,1338.67,,,
2026-08-09 18:55:00,VIC1,7447.5,,,
2026-08-09 19:00:00,NSW1,10740.65,10999.26,0.0,0.0
2026-08-09 19:00:00,QLD1,7298.1,7353.38,0.0,0.0
2026-08-09 19:00:00,SA1,2038.6,2030.95,0.0,0.0
2026-08-09 19:00:00,TAS1,1333.06,1319.0,0.0,0.0
2026-08-09 19:00:00,VIC1,7351.73,7444.74,0.0,0.0
2026-08-09 19:30:00,NSW1,,10694.9,0.0,0.0
2026-08-09 19:30:00,QLD1,,7184.26,0.0,0.0
2026-08-09 19:30:00,SA1,,2007.82,0.0,0.0
2026-08-09 19:30:00,TAS1,,1297.0,0.0,0.0
2026-08-09 19:30:00,VIC1,,7275.56,0.0,0.0
2026-08-09 19:45:00,NSW1,10538.21,,,
2026-08-09 19:45:00,QLD1,6980.98,,,
2026-08-09 19:45:00,SA1,1974.55,,,
2026-08-09 19:45:00,TAS1,1305.4,,,
2026-08-09 19:45:00,VIC1,7235.02,,,
2026-08-09 19:50:00,NSW1,10482.85,,,
2026-08-09 19:50:00,QLD1,7011.58,,,
2026-08-09 19:50:00,SA1,1970.06,,,
2026-08-09 19:50:00,TAS1,1305.38,,,
2026-08-09 19:50:00,VIC1,7205.72,,,
2026-08-09 20:00:00,NSW1,,10467.11,0.0,0.0
2026-08-09 20:00:00,QLD1,,7048.66,0.0,0.0
2026-08-09 20:00:00,SA1,,1975.69,0.0,0.0
2026-08-09 20:00:00,TAS1,,1282.0,0.0,0.0
2026-08-09 20:00:00,VIC1,,7138.84,0.0,0.0
2026-08-09 20:10:00,NSW1,10352.15,,,
2026-08-09 20:10:00,QLD1,6959.38,,,
2026-08-09 20:10:00,SA1,1964.68,,,
2026-08-09 20:10:00,TAS1,1294.65,,,
2026-08-09 20:10:00,VIC1,7027.01,,,
2026-08-09 20:15:00,NSW1,10311.47,,,
2026-08-09 20:15:00,QLD1,6925.87,,,
2026-08-09 20:15:00,SA1,1943.7,,,
2026-08-09 20:15:00,TAS1,1290.9,,,
2026-08-09 20:15:00,VIC1,6995.3,,,
2026-08-09 20:30:00,NSW1,,10317.78,0.0,0.0
2026-08-09 20:30:00,QLD1,,6896.63,0.0,0.0
2026-08-09 20:30:00,SA1,,1949.1,0.0,0.0
2026-08-09 20:30:00,TAS1,,1268.0,0.0,0.0
2026-08-09 20:30:00,VIC1,,6998.7,0.0,0.0
2026-08-09 20:50:00,NSW1,9893.39,,,
2026-08-09 20:50:00,QLD1,6897.82,,,
2026-08-09 20:50:00,SA1,1901.83,,,
2026-08-09 20:50:00,TAS1,1273.22,,,
2026-08-09 20:50:00,VIC1,6768.56,,,
2026-08-09 20:55:00,NSW1,9893.04,,,
2026-08-09 20:55:00,QLD1,6914.56,,,
2026-08-09 20:55:00,SA1,1895.2,,,
2026-08-09 20:55:00,TAS1,1262.37,,,
2026-08-09 20:55:00,VIC1,6802.22,,,
2026-08-09 21:00:00,NSW1,,10029.58,0.0,0.0
2026-08-09 21:00:00,QLD1,,6780.93,0.0,0.0
2026-08-09 21:00:00,SA1,,1914.27,0.0,0.0
2026-08-09 21:00:00,TAS1,,1250.0,0.0,0.0
2026-08-09 21:00:00,VIC1,,6826.82,0.0,0.0
2026-08-09 21:15:00,NSW1,9710.44,,,
2026-08-09 21:15:00,QLD1,6789.39,,,
2026-08-09 21:15:00,SA1,1854.81,,,
2026-08-09 21:15:00,TAS1,1259.59,,,
2026-08-09 21:15:00,VIC1,6693.29,,,
2026-08-09 21:20:00,NSW1,9653.8,,,
2026-08-09 21:20:00,QLD1,6800.6,,,
2026-08-09 21:20:00,SA1,1853.03,,,
2026-08-09 21:20:00,TAS1,1252.86,,,
2026-08-09 21:20:00,VIC1,6676.08,,,
2026-08-09 21:30:00,NSW1,,9705.04,0.0,0.0
2026-08-09 21:30:00,QLD1,,6775.95,0.0,0.0
2026-08-09 21:30:00,SA1,,1851.59,0.0,0.0
2026-08-09 21:30:00,TAS1,,1224.0,0.0,0.0
2026-08-09 21:30:00,VIC1,,6633.58,0.0,0.0
2026-08-09 21:45:00,NSW1,9350.43,,,
2026-08-09 21:45:00,QLD1,6746.68,,,
2026-08-09 21:45:00,SA1,1753.52,,,
2026-08-09 21:45:00,TAS1,1225.62,,,
2026-08-09 21:45:00,VIC1,6417.6,,,
2026-08-09 21:50:00,NSW1,9310.29,,,
2026-08-09 21:50:00,QLD1,6612.0,,,
2026-08-09 21:50:00,SA1,1738.03,,,
2026-08-09 21:50:00,TAS1,1220.66,,,
2026-08-09 21:50:00,VIC1,6344.41,,,
2026-08-09 22:00:00,NSW1,,9327.56,0.0,0.0
2026-08-09 22:00:00,QLD1,,6684.09,0.0,0.0
2026-08-09 22:00:00,SA1,,1792.71,0.0,0.0
2026-08-09 22:00:00,TAS1,,1192.0,0.0,0.0
2026-08-09 22:00:00,VIC1,,6379.71,0.0,0.0
2026-08-09 22:15:00,NSW1,9078.74,,,
2026-08-09 22:15:00,QLD1,6465.81,,,
2026-08-09 22:15:00,SA1,1664.85,,,
2026-08-09 22:15:00,TAS1,1186.35,,,
2026-08-09 22:15:00,VIC1,6129.49,,,
2026-08-09 22:20:00,NSW1,8947.34,,,
2026-08-09 22:20:00,QLD1,6447.02,,,
2026-08-09 22:20:00,SA1,1661.67,,,
2026-08-09 22:20:00,TAS1,1175.58,,,
2026-08-09 22:20:00,VIC1,6163.67,,,
2026-08-09 22:30:00,NSW1,,9050.0,0.0,0.0
2026-08-09 22:30:00,QLD1,,6507.91,0.0,0.0
2026-08-09 22:30:00,SA1,,1687.44,0.0,0.0
2026-08-09 22:30:00,TAS1,,1157.0,0.0,0.0
2026-08-09 22:30:00,VIC1,,6148.89,0.0,0.0
2026-08-09 23:00:00,NSW1,,8724.0,0.0,0.0
2026-08-09 23:00:00,QLD1,,6263.07,0.0,0.0
2026-08-09 23:00:00,SA1,,1578.92,0.0,0.0
2026-08-09 23:00:00,TAS1,,1133.0,0.0,0.0
2026-08-09 23:00:00,VIC1,,5918.39,0.0,0.0
2026-08-09 23:20:00,NSW1,8389.09,,,
2026-08-09 23:20:00,QLD1,6071.67,,,
2026-08-09 23:20:00,SA1,1491.65,,,
2026-08-09 23:20:00,TAS1,1139.57,,,
2026-08-09 23:20:00,VIC1,5955.84,,,
2026-08-09 23:25:00,NSW1,8326.41,,,
2026-08-09 23:25:00,QLD1,6026.25,,,
2026-08-09 23:25:00,SA1,1502.96,,,
2026-08-09 23:25:00,TAS1,1133.65,,,
2026-08-09 23:25:00,VIC1,5947.29,,,
2026-08-09 23:30:00,NSW1,,8453.6,0.0,0.0
2026-08-09 23:30:00,QLD1,,6096.59,0.0,0.0
2026-08-09 23:30:00,SA1,,1505.6,0.0,0.0
2026-08-09 23:30:00,TAS1,,1109.0,0.0,0.0
2026-08-09 23:30:00,VIC1,,5844.83,0.0,0.0
2026-08-10 00:00:00,NSW1,8095.75,8198.07,0.0,0.0
2026-08-10 00:00:00,QLD1,5884.56,5972.36,0.0,0.0
2026-08-10 00:00:00,SA1,1481.14,1520.8,0.0,0.0
2026-08-10 00:00:00,TAS1,1088.41,1090.0,0.0,0.0
2026-08-10 00:00:00,VIC1,5704.95,5807.52,0.0,0.0
2026-08-10 00:05:00,NSW1,8005.74,,,
2026-08-10 00:05:00,QLD1,5881.27,,,
2026-08-10 00:05:00,SA1,1495.46,,,
2026-08-10 00:05:00,TAS1,1075.58,,,
2026-08-10 00:05:00,VIC1,5709.54,,,
2026-08-10 00:30:00,NSW1,,7951.68,0.0,0.0
2026-08-10 00:30:00,QLD1,,5819.15,0.0,0.0
2026-08-10 00:30:00,SA1,,1500.9,0.0,0.0
2026-08-10 00:30:00,TAS1,,1064.0,0.0,0.0
2026-08-10 00:30:00,VIC1,,5618.0,0.0,0.0
2026-08-10 00:40:00,NSW1,8037.56,,,
2026-08-10 00:40:00,QLD1,5706.85,,,
2026-08-10 00:40:00,SA1,1567.84,,,
2026-08-10 00:40:00,TAS1,1084.85,,,
2026-08-10 00:40:00,VIC1,5562.99,,,
2026-08-10 00:45:00,NSW1,7952.25,,,
2026-08-10 00:45:00,QLD1,5672.14,,,
2026-08-10 00:45:00,SA1,1558.26,,,
2026-08-10 00:45:00,TAS1,1078.84,,,
2026-08-10 00:45:00,VIC1,5546.55,,,
2026-08-10 01:00:00,NSW1,,8020.05,0.0,0.0
2026-08-10 01:00:00,QLD1,,5697.29,0.0,0.0
2026-08-10 01:00:00,SA1,,1540.52,0.0,0.0
2026-08-10 01:00:00,TAS1,,1048.0,0.0,0.0
2026-08-10 01:00:00,VIC1,,5521.84,0.0,0.0
2026-08-10 01:10:00,NSW1,7854.22,,,
2026-08-10 01:10:00,QLD1,5635.34,,,
2026-08-10 01:10:00,SA1,1523.13,,,
2026-08-10 01:10:00,TAS1,1077.96,,,
2026-08-10 01:10:00,VIC1,5324.84,,,
2026-08-10 01:15:00,NSW1,7735.55,,,
2026-08-10 01:15:00,QLD1,5554.16,,,
2026-08-10 01:15:00,SA1,1514.85,,,
2026-08-10 01:15:00,TAS1,1079.39,,,
2026-08-10 01:15:00,VIC1,5366.59,,,
2026-08-10 01:30:00,NSW1,,7733.52,0.0,0.0
2026-08-10 01:30:00,QLD1,,5592.97,0.0,0.0
2026-08-10 01:30:00,SA1,,1532.26,0.0,0.0
2026-08-10 01:30:00,TAS1,,1061.0,0.0,0.0
2026-08-10 01:30:00,VIC1,,5358.47,0.0,0.0
2026-08-10 01:40:00,NSW1,7473.28,,,
2026-08-10 01:40:00,QLD1,5579.75,,,
2026-08-10 01:40:00,SA1,1518.51,,,
2026-08-10 01:40:00,TAS1,1072.18,,,
2026-08-10 01:40:00,VIC1,5253.53,,,
2026-08-10 01:45:00,NSW1,7453.42,,,
2026-08-10 01:45:00,QLD1,5510.32,,,
2026-08-10 01:45:00,SA1,1497.37,,,
2026-08-10 01:45:00,TAS1,1071.74,,,
2026-08-10 01:45:00,VIC1,5175.12,,,
2026-08-10 02:00:00,NSW1,,7547.94,0.0,0.0
2026-08-10 02:00:00,QLD1,,5521.68,0.0,0.0
2026-08-10 02:00:00,SA1,,1500.78,0.0,0.0
2026-08-10 02:00:00,TAS1,,1058.0,0.0,0.0
2026-08-10 02:00:00,VIC1,,5197.58,0.0,0.0
2026-08-10 02:10:00,NSW1,7253.46,,,
2026-08-10 02:10:00,QLD1,5519.8,,,
2026-08-10 02:10:00,SA1,1504.01,,,
2026-08-10 02:10:00,TAS1,1066.47,,,
2026-08-10 02:10:00,VIC1,5103.55,,,
2026-08-10 02:15:00,NSW1,7229.14,,,
2026-08-10 02:15:00,QLD1,5478.66,,,
2026-08-10 02:15:00,SA1,1485.48,,,
2026-08-10 02:15:00,TAS1,1070.97,,,
2026-08-10 02:15:00,VIC1,5078.1,,,
2026-08-10 02:30:00,NSW1,,7348.4,0.0,0.0
2026-08-10 02:30:00,QLD1,,5462.18,0.0,0.0
2026-08-10 02:30:00,SA1,,1492.17,0.0,0.0
2026-08-10 02:30:00,TAS1,,1056.0,0.0,0.0
2026-08-10 02:30:00,VIC1,,5067.66,0.0,0.0
2026-08-10 02:50:00,NSW1,7173.91,,,
2026-08-10 02:50:00,QLD1,5501.91,,,
2026-08-10 02:50:00,SA1,1486.43,,,
2026-08-10 02:50:00,TAS1,1072.77,,,
2026-08-10 02:50:00,VIC1,4849.49,,,
2026-08-10 02:55:00,NSW1,7208.41,,,
2026-08-10 02:55:00,QLD1,5451.38,,,
2026-08-10 02:55:00,SA1,1506.29,,,
2026-08-10 02:55:00,TAS1,1067.79,,,
2026-08-10 02:55:00,VIC1,4845.1,,,
2026-08-10 03:00:00,NSW1,,7120.92,0.0,0.0
2026-08-10 03:00:00,QLD1,,5478.44,0.0,0.0
2026-08-10 03:00:00,SA1,,1465.28,0.0,0.0
2026-08-10 03:00:00,TAS1,,1060.0,0.0,0.0
2026-08-10 03:00:00,VIC1,,4951.08,0.0,0.0
2026-08-10 03:20:00,NSW1,7081.55,,,
2026-08-10 03:20:00,QLD1,5508.52,,,
2026-08-10 03:20:00,SA1,1489.78,,,
2026-08-10 03:20:00,TAS1,1073.32,,,
2026-08-10 03:20:00,VIC1,4740.89,,,
2026-08-10 03:25:00,NSW1,7031.52,,,
2026-08-10 03:25:00,QLD1,5508.87,,,
2026-08-10 03:25:00,SA1,1486.33,,,
2026-08-10 03:25:00,TAS1,1074.06,,,
2026-08-10 03:25:00,VIC1,4808.97,,,
2026-08-10 03:30:00,NSW1,,7124.46,0.0,0.0
2026-08-10 03:30:00,QLD1,,5476.67,0.0,0.0
2026-08-10 03:30:00,SA1,,1480.87,0.0,0.0
2026-08-10 03:30:00,TAS1,,1056.0,0.0,0.0
2026-08-10 03:30:00,VIC1,,4888.78,0.0,0.0
2026-08-10 03:50:00,NSW1,7084.42,,,
2026-08-10 03:50:00,QLD1,5477.38,,,
2026-08-10 03:50:00,SA1,1513.88,,,
2026-08-10 03:50:00,TAS1,1073.72,,,
2026-08-10 03:50:00,VIC1,4737.74,,,
2026-08-10 03:55:00,NSW1,7032.72,,,
2026-08-10 03:55:00,QLD1,5494.09,,,
2026-08-10 03:55:00,SA1,1464.7,,,
2026-08-10 03:55:00,TAS1,1078.63,,,
2026-08-10 03:55:00,VIC1,4708.0,,,
2026-08-10 04:00:00,NSW1,,7059.86,0.0,0.0
2026-08-10 04:00:00,QLD1,,5497.68,0.0,0.0
2026-08-10 04:00:00,SA1,,1491.75,0.0,0.0
2026-08-10 04:00:00,TAS1,,1059.0,0.0,0.0
2026-08-10 04:00:00,VIC1,,4800.35,0.0,0.0
2026-08-10 04:15:00,NSW1,7127.33,,,
2026-08-10 04:15:00,QLD1,5538.71,,,
2026-08-10 04:15:00,SA1,1464.25,,,
2026-08-10 04:15:00,TAS1,1065.85,,,
2026-08-10 04:15:00,VIC1,4770.03,,,
2026-08-10 04:20:00,NSW1,7100.81,,,
2026-08-10 04:20:00,QLD1,5567.68,,,
2026-08-10 04:20:00,SA1,1470.35,,,
2026-08-10 04:20:00,TAS1,1068.01,,,
2026-08-10 04:20:00,VIC1,4760.89,,,
2026-08-10 04:30:00,NSW1,,7116.9,0.0,0.0
2026-08-10 04:30:00,QLD1,,5590.23,0.0,0.0
2026-08-10 04:30:00,SA1,,1449.88,0.0,0.0
2026-08-10 04:30:00,TAS1,,1067.0,0.0,0.0
2026-08-10 04:30:00,VIC1,,4807.71,0.0,0.0
2026-08-10 05:00:00,NSW1,7261.89,7218.72,0.0,0.0
2026-08-10 05:00:00,QLD1,5841.9,5678.04,0.0,0.0
2026-08-10 05:00:00,SA1,1450.5,1462.99,0.0,0.0
2026-08-10 05:00:00,TAS1,1084.01,1070.0,0.0,0.0
2026-08-10 05:00:00,VIC1,4956.27,4907.58,0.0,0.0
2026-08-10 05:05:00,NSW1,7322.8,,,
2026-08-10 05:05:00,QLD1,5827.42,,,
2026-08-10 05:05:00,SA1,1454.65,,,
2026-08-10 05:05:00,TAS1,1086.31,,,
2026-08-10 05:05:00,VIC1,4991.79,,,
2026-08-10 05:30:00,NSW1,,7523.69,0.0,0.0
2026-08-10 05:30:00,QLD1,,5910.28,0.0,0.0
2026-08-10 05:30:00,SA1,,1434.63,0.0,0.0
2026-08-10 05:30:00,TAS1,,1093.0,0.0,0.0
2026-08-10 05:30:00,VIC1,,5099.96,0.0,0.0
2026-08-10 05:40:00,NSW1,7880.63,,,
2026-08-10 05:40:00,QLD1,6094.02,,,
2026-08-10 05:40:00,SA1,1440.02,,,
2026-08-10 05:40:00,TAS1,1129.81,,,
2026-08-10 05:40:00,VIC1,5280.48,,,
2026-08-10 05:45:00,NSW1,7899.32,,,
2026-08-10 05:45:00,QLD1,6044.0,,,
2026-08-10 05:45:00,SA1,1463.43,,,
2026-08-10 05:45:00,TAS1,1139.1,,,
2026-08-10 05:45:00,VIC1,5388.06,,,
2026-08-10 06:00:00,NSW1,8177.99,7942.17,0.0,0.0
2026-08-10 06:00:00,QLD1,6212.6,6105.27,0.0,0.0
2026-08-10 06:00:00,SA1,1444.29,1457.31,0.0,0.0
2026-08-10 06:00:00,TAS1,1158.92,1125.0,0.0,0.0
2026-08-10 06:00:00,VIC1,5453.83,5372.77,0.0,0.0
2026-08-10 06:05:00,NSW1,8179.31,,,
2026-08-10 06:05:00,QLD1,6233.75,,,
2026-08-10 06:05:00,SA1,1461.44,,,
2026-08-10 06:05:00,TAS1,1182.67,,,
2026-08-10 06:05:00,VIC1,5629.52,,,
2026-08-10 06:30:00,NSW1,,8620.8,1.89,0.0
2026-08-10 06:30:00,QLD1,,6422.57,13.696,0.0
2026-08-10 06:30:00,SA1,,1453.7,0.0,0.0
2026-08-10 06:30:00,TAS1,,1192.0,0.0,0.0
2026-08-10 06:30:00,VIC1,,5835.29,0.0,0.0
2026-08-10 06:40:00,NSW1,9191.65,,,
2026-08-10 06:40:00,QLD1,6624.34,,,
2026-08-10 06:40:00,SA1,1518.25,,,
2026-08-10 06:40:00,TAS1,1255.54,,,
2026-08-10 06:40:00,VIC1,6214.95,,,
2026-08-10 06:45:00,NSW1,9372.32,,,
2026-08-10 06:45:00,QLD1,6666.26,,,
2026-08-10 06:45:00,SA1,1571.58,,,
2026-08-10 06:45:00,TAS1,1271.25,,,
2026-08-10 06:45:00,VIC1,6344.78,,,
2026-08-10 07:00:00,NSW1,,9260.31,90.028,0.0
2026-08-10 07:00:00,QLD1,,6581.96,98.408,86.952
2026-08-10 07:00:00,SA1,,1524.58,0.0,0.0
2026-08-10 07:00:00,TAS1,,1258.0,0.0,0.0
2026-08-10 07:00:00,VIC1,,6429.85,0.175,0.0
2026-08-10 07:10:00,NSW1,9769.03,,,
2026-08-10 07:10:00,QLD1,6816.88,,,
2026-08-10 07:10:00,SA1,1636.46,,,
2026-08-10 07:10:00,TAS1,1301.12,,,
2026-08-10 07:10:00,VIC1,6785.29,,,
2026-08-10 07:15:00,NSW1,9916.17,,,
2026-08-10 07:15:00,QLD1,6810.16,,,
2026-08-10 07:15:00,SA1,1695.72,,,
2026-08-10 07:15:00,TAS1,1315.53,,,
2026-08-10 07:15:00,VIC1,6933.81,,,
2026-08-10 07:30:00,NSW1,,9713.52,322.217,187.8
2026-08-10 07:30:00,QLD1,,6692.05,545.817,267.382
2026-08-10 07:30:00,SA1,,1635.06,4.04,0.0
2026-08-10 07:30:00,TAS1,,1312.0,1.347,0.0
2026-08-10 07:30:00,VIC1,,6878.7,29.494,0.0
2026-08-10 07:45:00,NSW1,10264.61,,,
2026-08-10 07:45:00,QLD1,6604.95,,,
2026-08-10 07:45:00,SA1,1772.4,,,
2026-08-10 07:45:00,TAS1,1354.29,,,
2026-08-10 07:45:00,VIC1,7410.51,,,
2026-08-10 07:50:00,NSW1,10268.32,,,
2026-08-10 07:50:00,QLD1,6486.9,,,
2026-08-10 07:50:00,SA1,1782.13,,,
2026-08-10 07:50:00,TAS1,1358.03,,,
2026-08-10 07:50:00,VIC1,7430.71,,,
2026-08-10 08:00:00,NSW1,,9982.0,727.56,512.238
2026-08-10 08:00:00,QLD1,,6529.75,927.049,572.157
2026-08-10 08:00:00,SA1,,1747.92,73.479,22.392
2026-08-10 08:00:00,TAS1,,1343.0,11.222,8.195
2026-08-10 08:00:00,VIC1,,7307.72,116.38,69.465
2026-08-10 08:10:00,NSW1,10191.88,,,
2026-08-10 08:10:00,QLD1,6420.63,,,
2026-08-10 08:10:00,SA1,1807.74,,,
2026-08-10 08:10:00,TAS1,1348.46,,,
2026-08-10 08:10:00,VIC1,7577.84,,,
2026-08-10 08:15:00,NSW1,10080.8,,,
2026-08-10 08:15:00,QLD1,6450.19,,,
2026-08-10 08:15:00,SA1,1792.93,,,
2026-08-10 08:15:00,TAS1,1351.05,,,
2026-08-10 08:15:00,VIC1,7567.43,,,
2026-08-10 08:30:00,NSW1,,10104.79,1218.894,955.927
2026-08-10 08:30:00,QLD1,,6115.31,1256.11,1049.194
2026-08-10 08:30:00,SA1,,1783.15,197.479,96.494
2026-08-10 08:30:00,TAS1,,1339.0,34.836,22.785
2026-08-10 08:30:00,VIC1,,7385.58,246.909,159.815
2026-08-10 08:45:00,NSW1,9396.16,,,
2026-08-10 08:45:00,QLD1,6183.4,,,
2026-08-10 08:45:00,SA1,1795.95,,,
2026-08-10 08:45:00,TAS1,1376.31,,,
2026-08-10 08:45:00,VIC1,7500.08,,,
2026-08-10 08:50:00,NSW1,9317.13,,,
2026-08-10 08:50:00,QLD1,6128.45,,,
2026-08-10 08:50:00,SA1,1731.59,,,
2026-08-10 08:50:00,TAS1,1376.8,,,
2026-08-10 08:50:00,VIC1,7592.88,,,
2026-08-10 09:00:00,NSW1,,9398.31,1711.434,1031.146
2026-08-10 09:00:00,QLD1,,6088.25,1803.757,1333.653
2026-08-10 09:00:00,SA1,,1729.85,363.177,232.799
2026-08-10 09:00:00,TAS1,,1324.0,53.62,39.57
2026-08-10 09:00:00,VIC1,,7502.0,333.479,265.466
2026-08-10 09:10:00,NSW1,8898.8,,,
2026-08-10 09:10:00,QLD1,5950.71,,,
2026-08-10 09:10:00,SA1,1686.71,,,
2026-08-10 09:10:00,TAS1,1354.33,,,
2026-08-10 09:10:00,VIC1,7588.35,,,
2026-08-10 09:15:00,NSW1,8913.85,,,
2026-08-10 09:15:00,QLD1,5861.98,,,
2026-08-10 09:15:00,SA1,1630.15,,,
2026-08-10 09:15:00,TAS1,1353.44,,,
2026-08-10 09:15:00,VIC1,7545.63,,,
2026-08-10 09:30:00,NSW1,,8944.23,2065.584,1554.238
2026-08-10 09:30:00,QLD1,,5838.75,2193.855,1519.171
2026-08-10 09:30:00,SA1,,1700.82,556.586,366.057
2026-08-10 09:30:00,TAS1,,1323.0,67.361,43.632
2026-08-10 09:30:00,VIC1,,7466.3,413.786,230.799
2026-08-10 09:45:00,NSW1,8519.91,,,
2026-08-10 09:45:00,QLD1,5434.98,,,
2026-08-10 09:45:00,SA1,1485.64,,,
2026-08-10 09:45:00,TAS1,1335.41,,,
2026-08-10 09:45:00,VIC1,7498.98,,,
2026-08-10 09:50:00,NSW1,8504.94,,,
2026-08-10 09:50:00,QLD1,5380.42,,,
2026-08-10 09:50:00,SA1,1516.59,,,
2026-08-10 09:50:00,TAS1,1328.78,,,
2026-08-10 09:50:00,VIC1,7507.66,,,
2026-08-10 10:00:00,NSW1,,8541.56,2299.717,2054.159
2026-08-10 10:00:00,QLD1,,5403.59,2389.632,1768.514
2026-08-10 10:00:00,SA1,,1488.02,652.63,521.494
2026-08-10 10:00:00,TAS1,,1281.0,78.673,60.882
2026-08-10 10:00:00,VIC1,,7369.31,462.72,337.754
2026-08-10 10:30:00,NSW1,,8295.38,,2376.586
2026-08-10 10:30:00,QLD1,,5340.66,,2150.43
2026-08-10 10:30:00,SA1,,1454.74,,659.467
2026-08-10 10:30:00,TAS1,,1282.0,,79.679
2026-08-10 10:30:00,VIC1,,7327.88,,411.808
2026-08-10 10:35:00,NSW1,8034.37,,,
2026-08-10 10:35:00,QLD1,5985.71,,,
2026-08-10 10:35:00,SA1,1513.07,,,
2026-08-10 10:35:00,TAS1,1254.51,,,
2026-08-10 10:35:00,VIC1,7430.93,,,
2026-08-10 10:40:00,NSW1,8061.72,,,
2026-08-10 10:40:00,QLD1,6009.81,,,
2026-08-10 10:40:00,SA1,1579.47,,,
2026-08-10 10:40:00,TAS1,1250.11,,,
2026-08-10 10:40:00,VIC1,7429.3,,,
2026-08-10 11:00:00,NSW1,,8056.01,,2616.921
2026-08-10 11:00:00,QLD1,,5681.21,,2334.038
2026-08-10 11:00:00,SA1,,1488.11,,777.884
2026-08-10 11:00:00,TAS1,,1232.0,,89.491
2026-08-10 11:00:00,VIC1,,7394.54,,458.018
2026-08-10 11:30:00,NSW1,,8053.2,2788.67,2721.094
2026-08-10 11:30:00,QLD1,,5768.1,1853.076,2424.369
2026-08-10 11:30:00,SA1,,1400.06,828.063,856.298
2026-08-10 11:30:00,TAS1,,1198.0,99.699,101.543
2026-08-10 11:30:00,VIC1,,7277.44,741.49,516.222
2026-08-10 12:00:00,NSW1,,8259.83,2836.188,2729.336
2026-08-10 12:00:00,QLD1,,5953.39,1870.528,2490.019
2026-08-10 12:00:00,SA1,,1298.09,920.104,909.6
2026-08-10 12:00:00,TAS1,,1173.0,100.093,107.426
2026-08-10 12:00:00,VIC1,,7227.66,767.84,565.647
2026-08-10 12:30:00,NSW1,,8014.42,,3159.523
2026-08-10 12:30:00,QLD1,,6502.09,,2240.599
2026-08-10 12:30:00,SA1,,1397.22,,915.358
2026-08-10 12:30:00,TAS1,,1146.0,,120.587
2026-08-10 12:30:00,VIC1,,7231.95,,693.998
2026-08-10 12:50:00,NSW1,8147.89,,,
2026-08-10 12:50:00,QLD1,5650.84,,,
2026-08-10 12:50:00,SA1,1242.31,,,
2026-08-10 12:50:00,TAS1,1138.45,,,
2026-08-10 12:50:00,VIC1,7401.13,,,
2026-08-10 12:55:00,NSW1,8228.99,,,
2026-08-10 12:55:00,QLD1,5517.02,,,
2026-08-10 12:55:00,SA1,1264.93,,,
2026-08-10 12:55:00,TAS1,1128.31,,,
2026-08-10 12:55:00,VIC1,7228.36,,,
2026-08-10 13:00:00,NSW1,,8055.77,2647.403,2940.211
2026-08-10 13:00:00,QLD1,,5872.04,2138.876,2230.377
2026-08-10 13:00:00,SA1,,1251.79,1035.536,963.058
2026-08-10 13:00:00,TAS1,,1125.0,96.449,116.603
2026-08-10 13:00:00,VIC1,,7288.41,651.184,724.179
2026-08-10 13:30:00,NSW1,,8118.42,2337.653,2573.286
2026-08-10 13:30:00,QLD1,,6002.01,2811.452,2234.236
2026-08-10 13:30:00,SA1,,1187.35,1000.656,925.22
2026-08-10 13:30:00,TAS1,,1115.0,88.652,109.504
2026-08-10 13:30:00,VIC1,,7146.96,630.447,721.218
2026-08-10 14:00:00,NSW1,,8478.56,,2505.334
2026-08-10 14:00:00,QLD1,,5319.13,,2400.75
2026-08-10 14:00:00,SA1,,1197.24,,972.365
2026-08-10 14:00:00,TAS1,,1133.0,,98.502
2026-08-10 14:00:00,VIC1,,7201.23,,632.237
2026-08-10 14:20:00,NSW1,8423.94,,,
2026-08-10 14:20:00,QLD1,4758.03,,,
2026-08-10 14:20:00,SA1,1147.74,,,
2026-08-10 14:20:00,TAS1,1161.18,,,
2026-08-10 14:20:00,VIC1,7018.17,,,
2026-08-10 14:25:00,NSW1,8335.15,,,
2026-08-10 14:25:00,QLD1,4780.62,,,
2026-08-10 14:25:00,SA1,1131.37,,,
2026-08-10 14:25:00,TAS1,1162.63,,,
2026-08-10 14:25:00,VIC1,7057.24,,,
2026-08-10 14:30:00,NSW1,,8404.94,1844.65,2132.108
2026-08-10 14:30:00,QLD1,,4967.18,2924.473,2258.297
2026-08-10 14:30:00,SA1,,1198.73,896.551,882.771
2026-08-10 14:30:00,TAS1,,1122.0,52.995,90.612
2026-08-10 14:30:00,VIC1,,7197.24,662.875,599.817
2026-08-10 15:00:00,NSW1,,8614.99,1621.751,1719.4
2026-08-10 15:00:00,QLD1,,5324.4,2560.458,1939.679
2026-08-10 15:00:00,SA1,,1286.01,781.191,767.488
2026-08-10 15:00:00,TAS1,,1123.0,48.86,74.158
2026-08-10 15:00:00,VIC1,,7001.78,566.338,546.908
2026-08-10 15:30:00,NSW1,,8678.86,1292.081,1451.339
2026-08-10 15:30:00,QLD1,,5472.32,2092.795,1682.305
2026-08-10 15:30:00,SA1,,1127.31,631.033,731.495
2026-08-10 15:30:00,TAS1,,1159.0,42.781,51.537
2026-08-10 15:30:00,VIC1,,6893.25,489.243,468.018
2026-08-10 15:45:00,NSW1,9046.19,,,
2026-08-10 15:45:00,QLD1,5834.14,,,
2026-08-10 15:45:00,SA1,1263.63,,,
2026-08-10 15:45:00,TAS1,1181.67,,,
2026-08-10 15:45:00,VIC1,7106.74,,,
2026-08-10 15:50:00,NSW1,9116.22,,,
2026-08-10 15:50:00,QLD1,5932.95,,,
2026-08-10 15:50:00,SA1,1299.06,,,
2026-08-10 15:50:00,TAS1,1179.95,,,
2026-08-10 15:50:00,VIC1,7140.14,,,
2026-08-10 16:00:00,NSW1,,9024.41,1043.904,1029.899
2026-08-10 16:00:00,QLD1,,5905.94,1601.959,1263.147
2026-08-10 16:00:00,SA1,,1219.95,579.123,602.152
2026-08-10 16:00:00,TAS1,,1174.0,36.739,36.792
2026-08-10 16:00:00,VIC1,,6975.59,501.84,348.902
2026-08-10 16:30:00,NSW1,,9518.25,,609.443
2026-08-10 16:30:00,QLD1,,6409.36,,806.11
2026-08-10 16:30:00,SA1,,1342.83,,465.944
2026-08-10 16:30:00,TAS1,,1196.0,,23.116
2026-08-10 16:30:00,VIC1,,7212.84,,235.119
2026-08-10 16:55:00,NSW1,10556.45,,,
2026-08-10 16:55:00,QLD1,7234.28,,,
2026-08-10 16:55:00,SA1,1660.24,,,
2026-08-10 16:55:00,TAS1,1280.49,,,
2026-08-10 16:55:00,VIC1,7532.35,,,
2026-08-10 17:00:00,NSW1,10620.7,10101.22,,70.687
2026-08-10 17:00:00,QLD1,7259.13,6985.06,,309.586
2026-08-10 17:00:00,SA1,1686.18,1491.85,,293.415
2026-08-10 17:00:00,TAS1,1284.45,1209.0,,3.55
2026-08-10 17:00:00,VIC1,7575.45,7394.54,,75.296
2026-08-10 17:30:00,NSW1,,10693.19,49.598,0.0
2026-08-10 17:30:00,QLD1,,7413.91,129.112,79.688
2026-08-10 17:30:00,SA1,,1713.59,148.513,48.964
2026-08-10 17:30:00,TAS1,,1258.0,1.658,0.0
2026-08-10 17:30:00,VIC1,,7602.37,89.468,18.56
2026-08-10 18:00:00,NSW1,,11467.05,0.046,0.0
2026-08-10 18:00:00,QLD1,,7851.3,15.065,0.0
2026-08-10 18:00:00,SA1,,1934.77,50.572,2.195
2026-08-10 18:00:00,TAS1,,1305.0,0.0,0.0
2026-08-10 18:00:00,VIC1,,7873.57,1.983,0.0
2026-08-10 18:30:00,NSW1,,11561.23,0.0,0.0
2026-08-10 18:30:00,QLD1,,7954.73,0.0,0.0
2026-08-10 18:30:00,SA1,,1973.89,0.785,0.0
2026-08-10 18:30:00,TAS1,,1318.0,0.0,0.0
2026-08-10 18:30:00,VIC1,,7972.03,0.0,0.0
2026-08-10 18:40:00,NSW1,11406.58,,,
2026-08-10 18:40:00,QLD1,7948.86,,,
2026-08-10 18:40:00,SA1,2073.01,,,
2026-08-10 18:40:00,TAS1,1321.36,,,
2026-08-10 18:40:00,VIC1,7882.5,,,
2026-08-10 18:45:00,NSW1,11448.25,,,
2026-08-10 18:45:00,QLD1,7938.71,,,
2026-08-10 18:45:00,SA1,2082.45,,,
2026-08-10 18:45:00,TAS1,1318.05,,,
2026-08-10 18:45:00,VIC1,7846.06,,,
2026-08-10 19:00:00,NSW1,,11360.98,0.0,0.0
2026-08-10 19:00:00,QLD1,,7921.91,0.0,0.0
2026-08-10 19:00:00,SA1,,2061.53,0.0,0.0
2026-08-10 19:00:00,TAS1,,1289.0,0.0,0.0
2026-08-10 19:00:00,VIC1,,7911.48,0.0,0.0
2026-08-10 19:30:00,NSW1,,11211.33,,0.0
2026-08-10 19:30:00,QLD1,,7793.35,,0.0
2026-08-10 19:30:00,SA1,,2089.38,,0.0
2026-08-10 19:30:00,TAS1,,1283.0,,0.0
2026-08-10 19:30:00,VIC1,,7672.12,,0.0
2026-08-10 20:00:00,NSW1,10994.02,10987.11,0.0,0.0
2026-08-10 20:00:00,QLD1,7577.54,7658.5,0.0,0.0
2026-08-10 20:00:00,SA1,2011.01,2034.59,0.0,0.0
2026-08-10 20:00:00,TAS1,1291.97,1259.0,0.0,0.0
2026-08-10 20:00:00,VIC1,7456.28,7568.91,0.0,0.0
2026-08-10 20:05:00,NSW1,10831.73,,,
2026-08-10 20:05:00,QLD1,7581.43,,,
2026-08-10 20:05:00,SA1,2005.26,,,
2026-08-10 20:05:00,TAS1,1289.61,,,
2026-08-10 20:05:00,VIC1,7464.97,,,
2026-08-10 20:30:00,NSW1,,10782.22,0.0,0.0
2026-08-10 20:30:00,QLD1,,7521.4,0.0,0.0
2026-08-10 20:30:00,SA1,,2004.87,0.0,0.0
2026-08-10 20:30:00,TAS1,,1245.0,0.0,0.0
2026-08-10 20:30:00,VIC1,,7364.6,0.0,0.0
2026-08-10 21:00:00,NSW1,,10496.09,0.0,0.0
2026-08-10 21:00:00,QLD1,,7396.75,0.0,0.0
2026-08-10 21:00:00,SA1,,1940.94,0.0,0.0
2026-08-10 21:00:00,TAS1,,1228.0,0.0,0.0
2026-08-10 21:00:00,VIC1,,7161.7,0.0,0.0
2026-08-10 21:10:00,NSW1,10295.67,,,
2026-08-10 21:10:00,QLD1,7408.7,,,
2026-08-10 21:10:00,SA1,1851.5,,,
2026-08-10 21:10:00,TAS1,1256.71,,,
2026-08-10 21:10:00,VIC1,7028.57,,,
2026-08-10 21:15:00,NSW1,10146.27,,,
2026-08-10 21:15:00,QLD1,7327.0,,,
2026-08-10 21:15:00,SA1,1818.31,,,
2026-08-10 21:15:00,TAS1,1253.23,,,
2026-08-10 21:15:00,VIC1,7010.94,,,
2026-08-10 21:30:00,NSW1,,10063.7,,0.0
2026-08-10 21:30:00,QLD1,,7352.42,,0.0
2026-08-10 21:30:00,SA1,,1903.44,,0.0
2026-08-10 21:30:00,TAS1,,1209.0,,0.0
2026-08-10 21:30:00,VIC1,,6924.06,,0.0
2026-08-10 21:55:00,NSW1,9616.32,,,
2026-08-10 21:55:00,QLD1,7124.22,,,
2026-08-10 21:55:00,SA1,1742.98,,,
2026-08-10 21:55:00,TAS1,1195.06,,,
2026-08-10 21:55:00,VIC1,6579.81,,,
2026-08-10 22:00:00,NSW1,9533.65,9791.46,0.0,0.0
2026-08-10 22:00:00,QLD1,6989.9,7170.72,0.0,0.0
2026-08-10 22:00:00,SA1,1702.05,1777.15,0.0,0.0
2026-08-10 22:00:00,TAS1,1189.46,1185.0,0.0,0.0
2026-08-10 22:00:00,VIC1,6535.76,6598.9,0.0,0.0
2026-08-10 22:30:00,NSW1,,9490.13,0.0,0.0
2026-08-10 22:30:00,QLD1,,6884.87,0.0,0.0
2026-08-10 22:30:00,SA1,,1680.52,0.0,0.0
2026-08-10 22:30:00,TAS1,,1146.0,0.0,0.0
2026-08-10 22:30:00,VIC1,,6296.99,0.0,0.0
2026-08-10 23:00:00,NSW1,,9079.58,0.0,0.0
2026-08-10 23:00:00,QLD1,,6554.45,0.0,0.0
2026-08-10 23:00:00,SA1,,1599.25,0.0,0.0
2026-08-10 23:00:00,TAS1,,1113.0,0.0,0.0
2026-08-10 23:00:00,VIC1,,6050.6,0.0,0.0
2026-08-10 23:20:00,NSW1,8681.3,,,
2026-08-10 23:20:00,QLD1,6240.51,,,
2026-08-10 23:20:00,SA1,1463.89,,,
2026-08-10 23:20:00,TAS1,1089.39,,,
2026-08-10 23:20:00,VIC1,6088.97,,,
2026-08-10 23:25:00,NSW1,8579.98,,,
2026-08-10 23:25:00,QLD1,6166.72,,,
2026-08-10 23:25:00,SA1,1456.58,,,
2026-08-10 23:25:00,TAS1,1091.29,,,
2026-08-10 23:25:00,VIC1,5962.86,,,
2026-08-10 23:30:00,NSW1,,8776.82,0.0,0.0
2026-08-10 23:30:00,QLD1,,6303.8,0.0,0.0
2026-08-10 23:30:00,SA1,,1498.56,0.0,0.0
2026-08-10 23:30:00,TAS1,,1080.0,0.0,0.0
2026-08-10 23:30:00,VIC1,,6035.55,0.0,0.0
2026-08-11 00:00:00,NSW1,,8470.75,0.0,0.0
2026-08-11 00:00:00,QLD1,,6107.13,0.0,0.0
2026-08-11 00:00:00,SA1,,1486.48,0.0,0.0
2026-08-11 00:00:00,TAS1,,1060.0,0.0,0.0
2026-08-11 00:00:00,VIC1,,5906.45,0.0,0.0
2026-08-11 00:30:00,NSW1,8222.51,8252.29,0.0,0.0
2026-08-11 00:30:00,QLD1,5930.55,5973.57,0.0,0.0
2026-08-11 00:30:00,SA1,1477.08,1469.1,0.0,0.0
2026-08-11 00:30:00,TAS1,1041.11,1035.0,0.0,0.0
2026-08-11 00:30:00,VIC1,5732.44,5710.17,0.0,0.0
2026-08-11 00:35:00,NSW1,8231.93,,,
2026-08-11 00:35:00,QLD1,5855.31,,,
2026-08-11 00:35:00,SA1,1454.81,,,
2026-08-11 00:35:00,TAS1,1053.46,,,
2026-08-11 00:35:00,VIC1,5698.3,,,
2026-08-11 01:00:00,NSW1,,8163.49,0.0,0.0
2026-08-11 01:00:00,QLD1,,5858.76,0.0,0.0
2026-08-11 01:00:00,SA1,,1474.9,0.0,0.0
2026-08-11 01:00:00,TAS1,,1024.0,0.0,0.0
2026-08-11 01:00:00,VIC1,,5564.73,0.0,0.0
2026-08-11 01:30:00,NSW1,7730.79,7903.55,0.0,0.0
2026-08-11 01:30:00,QLD1,5630.94,5737.91,0.0,0.0
2026-08-11 01:30:00,SA1,1420.45,1465.5,0.0,0.0
2026-08-11 01:30:00,TAS1,1020.98,1023.0,0.0,0.0
2026-08-11 01:30:00,VIC1,5383.59,5480.4,0.0,0.0
2026-08-11 01:35:00,NSW1,7674.89,,,
2026-08-11 01:35:00,QLD1,5605.37,,,
2026-08-11 01:35:00,SA1,1407.35,,,
2026-08-11 01:35:00,TAS1,1009.9,,,
2026-08-11 01:35:00,VIC1,5337.79,,,
2026-08-11 02:00:00,NSW1,,7642.71,0.0,0.0
2026-08-11 02:00:00,QLD1,,5634.31,0.0,0.0
2026-08-11 02:00:00,SA1,,1433.93,0.0,0.0
2026-08-11 02:00:00,TAS1,,1021.0,0.0,0.0
2026-08-11 02:00:00,VIC1,,5320.1,0.0,0.0
2026-08-11 02:20:00,NSW1,7507.59,,,
2026-08-11 02:20:00,QLD1,5616.09,,,
2026-08-11 02:20:00,SA1,1381.23,,,
2026-08-11 02:20:00,TAS1,1002.69,,,
2026-08-11 02:20:00,VIC1,5227.06,,,
2026-08-11 02:25:00,NSW1,7466.6,,,
2026-08-11 02:25:00,QLD1,5581.08,,,
2026-08-11 02:25:00,SA1,1363.85,,,
2026-08-11 02:25:00,TAS1,1002.16,,,
2026-08-11 02:25:00,VIC1,5100.27,,,
2026-08-11 02:30:00,NSW1,,7449.14,0.0,0.0
2026-08-11 02:30:00,QLD1,,5619.74,0.0,0.0
2026-08-11 02:30:00,SA1,,1413.85,0.0,0.0
2026-08-11 02:30:00,TAS1,,1016.0,0.0,0.0
2026-08-11 02:30:00,VIC1,,5178.7,0.0,0.0
2026-08-11 03:00:00,NSW1,,7330.6,0.0,0.0
2026-08-11 03:00:00,QLD1,,5572.88,0.0,0.0
2026-08-11 03:00:00,SA1,,1386.46,0.0,0.0
2026-08-11 03:00:00,TAS1,,1008.0,0.0,0.0
2026-08-11 03:00:00,VIC1,,5100.93,0.0,0.0
2026-08-11 03:20:00,NSW1,7363.02,,,
2026-08-11 03:20:00,QLD1,5624.25,,,
2026-08-11 03:20:00,SA1,1403.12,,,
2026-08-11 03:20:00,TAS1,1027.06,,,
2026-08-11 03:20:00,VIC1,5125.38,,,
2026-08-11 03:25:00,NSW1,7355.19,,,
2026-08-11 03:25:00,QLD1,5602.12,,,
2026-08-11 03:25:00,SA1,1401.71,,,
2026-08-11 03:25:00,TAS1,1030.74,,,
2026-08-11 03:25:00,VIC1,5122.22,,,
2026-08-11 03:30:00,NSW1,,7252.39,0.0,0.0
2026-08-11 03:30:00,QLD1,,5577.37,0.0,0.0
2026-08-11 03:30:00,SA1,,1403.06,0.0,0.0
2026-08-11 03:30:00,TAS1,,1029.0,0.0,0.0
2026-08-11 03:30:00,VIC1,,5125.64,0.0,0.0
2026-08-11 04:00:00,NSW1,,7274.71,0.0,0.0
2026-08-11 04:00:00,QLD1,,5610.69,0.0,0.0
2026-08-11 04:00:00,SA1,,1409.96,0.0,0.0
2026-08-11 04:00:00,TAS1,,1025.0,0.0,0.0
2026-08-11 04:00:00,VIC1,,5107.28,0.0,0.0
2026-08-11 04:05:00,NSW1,7196.8,,,
2026-08-11 04:05:00,QLD1,5665.9,,,
2026-08-11 04:05:00,SA1,1331.72,,,
2026-08-11 04:05:00,TAS1,1002.7,,,
2026-08-11 04:05:00,VIC1,5115.4,,,
2026-08-11 04:10:00,NSW1,7216.65,,,
2026-08-11 04:10:00,QLD1,5665.12,,,
2026-08-11 04:10:00,SA1,1318.17,,,
2026-08-11 04:10:00,TAS1,980.98,,,
2026-08-11 04:10:00,VIC1,5141.5,,,
2026-08-11 04:30:00,NSW1,,7288.43,0.0,0.0
2026-08-11 04:30:00,QLD1,,5714.04,0.0,0.0
2026-08-11 04:30:00,SA1,,1354.97,0.0,0.0
2026-08-11 04:30:00,TAS1,,1023.0,0.0,0.0
2026-08-11 04:30:00,VIC1,,5114.44,0.0,0.0
2026-08-11 05:00:00,NSW1,,7295.19,0.0,0.0
2026-08-11 05:00:00,QLD1,,5832.71,0.0,0.0
2026-08-11 05:00:00,SA1,,1323.17,0.0,0.0
2026-08-11 05:00:00,TAS1,,1007.0,0.0,0.0
2026-08-11 05:00:00,VIC1,,5213.92,0.0,0.0
2026-08-11 05:10:00,NSW1,7499.42,,,
2026-08-11 05:10:00,QLD1,6035.56,,,
2026-08-11 05:10:00,SA1,1342.7,,,
2026-08-11 05:10:00,TAS1,1063.04,,,
2026-08-11 05:10:00,VIC1,5423.57,,,
2026-08-11 05:15:00,NSW1,7558.52,,,
2026-08-11 05:15:00,QLD1,6124.23,,,
2026-08-11 05:15:00,SA1,1325.59,,,
2026-08-11 05:15:00,TAS1,1060.81,,,
2026-08-11 05:15:00,VIC1,5433.16,,,
2026-08-11 05:30:00,NSW1,,7572.97,0.0,0.0
2026-08-11 05:30:00,QLD1,,6083.01,0.0,0.0
2026-08-11 05:30:00,SA1,,1340.24,0.0,0.0
2026-08-11 05:30:00,TAS1,,1037.0,0.0,0.0
2026-08-11 05:30:00,VIC1,,5425.96,0.0,0.0
2026-08-11 05:55:00,NSW1,8054.86,,,
2026-08-11 05:55:00,QLD1,6508.84,,,
2026-08-11 05:55:00,SA1,1409.52,,,
2026-08-11 05:55:00,TAS1,1109.24,,,
2026-08-11 05:55:00,VIC1,5780.77,,,
2026-08-11 06:00:00,NSW1,8171.94,7901.26,0.0,0.0
2026-08-11 06:00:00,QLD1,6584.61,6412.95,0.0,0.0
2026-08-11 06:00:00,SA1,1397.97,1350.93,0.0,0.0
2026-08-11 06:00:00,TAS1,1118.22,1089.0,0.0,0.0
2026-08-11 06:00:00,VIC1,5806.42,5662.06,0.0,0.0
2026-08-11 06:30:00,NSW1,,8588.1,4.2,0.0
2026-08-11 06:30:00,QLD1,,6835.17,42.538,0.0
2026-08-11 06:30:00,SA1,,1432.87,0.0,0.0
2026-08-11 06:30:00,TAS1,,1159.0,0.0,0.0
2026-08-11 06:30:00,VIC1,,6208.8,0.0,0.0
2026-08-11 06:50:00,NSW1,9446.71,,,
2026-08-11 06:50:00,QLD1,7297.42,,,
2026-08-11 06:50:00,SA1,1535.6,,,
2026-08-11 06:50:00,TAS1,1290.68,,,
2026-08-11 06:50:00,VIC1,6753.3,,,
2026-08-11 06:55:00,NSW1,9557.93,,,
2026-08-11 06:55:00,QLD1,7265.47,,,
2026-08-11 06:55:00,SA1,1587.13,,,
2026-08-11 06:55:00,TAS1,1291.83,,,
2026-08-11 06:55:00,VIC1,6842.8,,,
2026-08-11 07:00:00,NSW1,,9247.03,149.162,0.0
2026-08-11 07:00:00,QLD1,,7140.86,327.086,121.669
2026-08-11 07:00:00,SA1,,1515.28,0.0,0.0
2026-08-11 07:00:00,TAS1,,1254.0,0.0,0.0
2026-08-11 07:00:00,VIC1,,6698.06,0.365,0.0
2026-08-11 07:25:00,NSW1,9712.75,,,
2026-08-11 07:25:00,QLD1,7052.27,,,
2026-08-11 07:25:00,SA1,1679.33,,,
2026-08-11 07:25:00,TAS1,1362.16,,,
2026-08-11 07:25:00,VIC1,7452.3,,,
2026-08-11 07:30:00,NSW1,9617.21,9734.36,554.976,265.48
2026-08-11 07:30:00,QLD1,6972.02,7163.88,867.15,498.479
2026-08-11 07:30:00,SA1,1709.65,1606.05,6.08,0.0
2026-08-11 07:30:00,TAS1,1369.26,1333.0,6.246,0.0
2026-08-11 07:30:00,VIC1,7512.96,7131.89,89.623,0.0
2026-08-11 08:00:00,NSW1,,9522.32,1100.905,798.921
2026-08-11 08:00:00,QLD1,,6725.22,1483.096,1104.84
2026-08-11 08:00:00,SA1,,1673.49,71.268,18.88
2026-08-11 08:00:00,TAS1,,1368.0,21.673,12.082
2026-08-11 08:00:00,VIC1,,7604.04,269.319,133.488
2026-08-11 08:05:00,NSW1,9075.64,,,
2026-08-11 08:05:00,QLD1,6259.54,,,
2026-08-11 08:05:00,SA1,1821.24,,,
2026-08-11 08:05:00,TAS1,1368.77,,,
2026-08-11 08:05:00,VIC1,7660.08,,,
2026-08-11 08:10:00,NSW1,9046.03,,,
2026-08-11 08:10:00,QLD1,6110.77,,,
2026-08-11 08:10:00,SA1,1838.0,,,
2026-08-11 08:10:00,TAS1,1344.6,,,
2026-08-11 08:10:00,VIC1,7597.0,,,
2026-08-11 08:30:00,NSW1,,9016.39,1658.821,1464.761
2026-08-11 08:30:00,QLD1,,6082.09,2101.23,1825.014
2026-08-11 08:30:00,SA1,,1801.66,203.493,84.942
2026-08-11 08:30:00,TAS1,,1327.0,46.337,35.451
2026-08-11 08:30:00,VIC1,,7554.26,518.508,399.077
2026-08-11 08:50:00,NSW1,8065.75,,,
2026-08-11 08:50:00,QLD1,5237.62,,,
2026-08-11 08:50:00,SA1,1751.18,,,
2026-08-11 08:50:00,TAS1,1249.7,,,
2026-08-11 08:50:00,VIC1,7254.89,,,
2026-08-11 08:55:00,NSW1,7968.65,,,
2026-08-11 08:55:00,QLD1,5106.98,,,
2026-08-11 08:55:00,SA1,1742.14,,,
2026-08-11 08:55:00,TAS1,1241.57,,,
2026-08-11 08:55:00,VIC1,7185.99,,,
2026-08-11 09:00:00,NSW1,,8188.87,2199.219,2290.675
2026-08-11 09:00:00,QLD1,,5499.81,2677.222,2891.671
2026-08-11 09:00:00,SA1,,1774.75,355.191,207.838
2026-08-11 09:00:00,TAS1,,1275.0,72.161,61.507
2026-08-11 09:00:00,VIC1,,7390.63,769.947,726.181
2026-08-11 09:20:00,NSW1,7451.95,,,
2026-08-11 09:20:00,QLD1,4771.58,,,
2026-08-11 09:20:00,SA1,1640.34,,,
2026-08-11 09:20:00,TAS1,1162.54,,,
2026-08-11 09:20:00,VIC1,6830.24,,,
2026-08-11 09:25:00,NSW1,7494.14,,,
2026-08-11 09:25:00,QLD1,4688.44,,,
2026-08-11 09:25:00,SA1,1614.54,,,
2026-08-11 09:25:00,TAS1,1153.87,,,
2026-08-11 09:25:00,VIC1,6746.08,,,
2026-08-11 09:30:00,NSW1,,7637.61,,2751.35
2026-08-11 09:30:00,QLD1,,4897.52,,3482.544
2026-08-11 09:30:00,SA1,,1719.62,,375.766
2026-08-11 09:30:00,TAS1,,1206.0,,99.75
2026-08-11 09:30:00,VIC1,,7064.78,,920.32
2026-08-11 09:50:00,NSW1,7050.88,,,
2026-08-11 09:50:00,QLD1,4418.88,,,
2026-08-11 09:50:00,SA1,1532.95,,,
2026-08-11 09:50:00,TAS1,1131.06,,,
2026-08-11 09:50:00,VIC1,6422.7,,,
2026-08-11 09:55:00,NSW1,6673.4,,,
2026-08-11 09:55:00,QLD1,4380.17,,,
2026-08-11 09:55:00,SA1,1525.81,,,
2026-08-11 09:55:00,TAS1,1133.25,,,
2026-08-11 09:55:00,VIC1,6351.54,,,
2026-08-11 10:00:00,NSW1,,7081.06,3084.795,3425.509
2026-08-11 10:00:00,QLD1,,4495.34,3641.071,3993.344
2026-08-11 10:00:00,SA1,,1571.52,623.396,444.164
2026-08-11 10:00:00,TAS1,,1114.0,117.005,131.762
2026-08-11 10:00:00,VIC1,,6921.83,1169.445,1125.433
2026-08-11 10:30:00,NSW1,,6718.54,3376.859,3819.479
2026-08-11 10:30:00,QLD1,,4113.68,4004.622,4369.039
2026-08-11 10:30:00,SA1,,1450.74,776.455,581.079
2026-08-11 10:30:00,TAS1,,1081.0,132.688,149.297
2026-08-11 10:30:00,VIC1,,6634.92,1298.578,1296.281
2026-08-11 11:00:00,NSW1,,6635.81,,4011.844
2026-08-11 11:00:00,QLD1,,3948.35,,4653.807
2026-08-11 11:00:00,SA1,,1433.35,,729.06
2026-08-11 11:00:00,TAS1,,1057.0,,170.617
2026-08-11 11:00:00,VIC1,,6135.67,,1420.491
2026-08-11 11:05:00,NSW1,5854.36,,,
2026-08-11 11:05:00,QLD1,3764.79,,,
2026-08-11 11:05:00,SA1,1489.32,,,
2026-08-11 11:05:00,TAS1,1021.94,,,
2026-08-11 11:05:00,VIC1,6088.83,,,
2026-08-11 11:10:00,NSW1,6003.15,,,
2026-08-11 11:10:00,QLD1,3784.62,,,
2026-08-11 11:10:00,SA1,1513.83,,,
2026-08-11 11:10:00,TAS1,1025.15,,,
2026-08-11 11:10:00,VIC1,6367.68,,,
2026-08-11 11:30:00,NSW1,,5906.62,,4230.01
2026-08-11 11:30:00,QLD1,,3804.98,,4851.384
2026-08-11 11:30:00,SA1,,1412.65,,863.55
2026-08-11 11:30:00,TAS1,,1029.0,,177.633
2026-08-11 11:30:00,VIC1,,6084.21,,1522.976
2026-08-11 12:00:00,NSW1,,5803.67,3890.738,4325.707
2026-08-11 12:00:00,QLD1,,3727.93,4548.493,4920.906
2026-08-11 12:00:00,SA1,,1265.61,1100.202,941.771
2026-08-11 12:00:00,TAS1,,1011.0,154.749,175.114
2026-08-11 12:00:00,VIC1,,5985.15,1648.576,1550.873
2026-08-11 12:30:00,NSW1,,5711.07,3885.432,4322.427
2026-08-11 12:30:00,QLD1,,3538.32,4519.035,4909.199
2026-08-11 12:30:00,SA1,,1105.95,1101.307,1002.96
2026-08-11 12:30:00,TAS1,,1002.0,153.752,169.804
2026-08-11 12:30:00,VIC1,,5918.48,1638.598,1521.482
2026-08-11 13:00:00,NSW1,,5648.97,,4241.342
2026-08-11 13:00:00,QLD1,,3588.37,,4836.285
2026-08-11 13:00:00,SA1,,1240.66,,1065.413
2026-08-11 13:00:00,TAS1,,987.0,,171.077
2026-08-11 13:00:00,VIC1,,5960.6,,1505.207
2026-08-11 13:05:00,NSW1,5726.52,,,
2026-08-11 13:05:00,QLD1,3557.48,,,
2026-08-11 13:05:00,SA1,1086.63,,,
2026-08-11 13:05:00,TAS1,967.95,,,
2026-08-11 13:05:00,VIC1,6005.95,,,
2026-08-11 13:10:00,NSW1,5726.47,,,
2026-08-11 13:10:00,QLD1,3657.79,,,
2026-08-11 13:10:00,SA1,1081.97,,,
2026-08-11 13:10:00,TAS1,988.44,,,
2026-08-11 13:10:00,VIC1,6061.72,,,
2026-08-11 13:30:00,NSW1,,5759.93,3596.286,4025.966
2026-08-11 13:30:00,QLD1,,3637.49,4159.343,4645.419
2026-08-11 13:30:00,SA1,,1123.71,1030.851,1043.421
2026-08-11 13:30:00,TAS1,,981.0,133.351,160.572
2026-08-11 13:30:00,VIC1,,5837.14,1337.038,1436.864
2026-08-11 14:00:00,NSW1,,5834.15,3315.899,3694.77
2026-08-11 14:00:00,QLD1,,3680.57,3830.915,4333.607
2026-08-11 14:00:00,SA1,,990.76,955.848,1024.362
2026-08-11 14:00:00,TAS1,,989.0,125.986,142.425
2026-08-11 14:00:00,VIC1,,5783.0,1173.055,1299.284
2026-08-11 14:30:00,NSW1,5959.29,5923.45,2954.721,3347.381
2026-08-11 14:30:00,QLD1,4216.03,4064.73,3407.391,3930.816
2026-08-11 14:30:00,SA1,1152.52,1147.73,870.816,955.149
2026-08-11 14:30:00,TAS1,1019.04,1008.0,119.349,127.546
2026-08-11 14:30:00,VIC1,6256.72,6225.92,963.303,1098.581
2026-08-11 14:35:00,NSW1,6111.6,,,
2026-08-11 14:35:00,QLD1,4209.17,,,
2026-08-11 14:35:00,SA1,1205.88,,,
2026-08-11 14:35:00,TAS1,1020.33,,,
2026-08-11 14:35:00,VIC1,6274.38,,,
2026-08-11 15:00:00,NSW1,,6184.0,2500.19,2964.648
2026-08-11 15:00:00,QLD1,,4411.01,2903.848,3405.568
2026-08-11 15:00:00,SA1,,1075.14,828.015,858.524
2026-08-11 15:00:00,TAS1,,1018.0,101.539,110.252
2026-08-11 15:00:00,VIC1,,6232.26,785.856,909.113
2026-08-11 15:30:00,NSW1,,6645.55,1972.757,2295.711
2026-08-11 15:30:00,QLD1,,4847.7,2334.704,2776.475
2026-08-11 15:30:00,SA1,,1203.91,797.031,720.397
2026-08-11 15:30:00,TAS1,,1035.0,79.75,85.767
2026-08-11 15:30:00,VIC1,,6343.62,611.216,730.907
2026-08-11 15:35:00,NSW1,7110.37,,,
2026-08-11 15:35:00,QLD1,5220.21,,,
2026-08-11 15:35:00,SA1,1198.87,,,
2026-08-11 15:35:00,TAS1,996.48,,,
2026-08-11 15:35:00,VIC1,6504.46,,,
2026-08-11 15:40:00,NSW1,7226.82,,,
2026-08-11 15:40:00,QLD1,5378.22,,,
2026-08-11 15:40:00,SA1,1246.56,,,
2026-08-11 15:40:00,TAS1,998.62,,,
2026-08-11 15:40:00,VIC1,6550.01,,,
2026-08-11 16:00:00,NSW1,,7261.19,1458.399,1652.064
2026-08-11 16:00:00,QLD1,,5468.45,1722.365,2067.455
2026-08-11 16:00:00,SA1,,1150.8,681.732,641.115
2026-08-11 16:00:00,TAS1,,1061.0,59.022,62.003
2026-08-11 16:00:00,VIC1,,6650.68,578.51,557.389
2026-08-11 16:30:00,NSW1,8430.07,7858.4,899.023,986.723
2026-08-11 16:30:00,QLD1,6387.21,6046.93,1099.644,1304.244
2026-08-11 16:30:00,SA1,1277.53,1299.09,545.606,540.383
2026-08-11 16:30:00,TAS1,1122.58,1083.0,35.461,35.142
2026-08-11 16:30:00,VIC1,7100.12,6915.76,444.692,374.655
2026-08-11 16:35:00,NSW1,8478.55,,,
2026-08-11 16:35:00,QLD1,6542.61,,,
2026-08-11 16:35:00,SA1,1302.82,,,
2026-08-11 16:35:00,TAS1,1139.06,,,
2026-08-11 16:35:00,VIC1,7096.53,,,
2026-08-11 17:00:00,NSW1,,8534.01,371.402,249.078
2026-08-11 17:00:00,QLD1,,6651.46,522.432,488.552
2026-08-11 17:00:00,SA1,,1451.79,396.118,353.614
2026-08-11 17:00:00,TAS1,,1140.0,13.959,2.51
2026-08-11 17:00:00,VIC1,,7168.01,263.756,121.764
2026-08-11 17:30:00,NSW1,,9246.91,62.153,0.0
2026-08-11 17:30:00,QLD1,,7199.73,138.739,129.05
2026-08-11 17:30:00,SA1,,1462.26,216.134,68.053
2026-08-11 17:30:00,TAS1,,1206.0,2.04,0.0
2026-08-11 17:30:00,VIC1,,7539.9,94.428,30.674
2026-08-11 17:45:00,NSW1,9998.42,,,
2026-08-11 17:45:00,QLD1,7535.02,,,
2026-08-11 17:45:00,SA1,1752.54,,,
2026-08-11 17:45:00,TAS1,1268.83,,,
2026-08-11 17:45:00,VIC1,8108.03,,,
2026-08-11 17:50:00,NSW1,10107.83,,,
2026-08-11 17:50:00,QLD1,7526.92,,,
2026-08-11 17:50:00,SA1,1771.06,,,
2026-08-11 17:50:00,TAS1,1283.15,,,
2026-08-11 17:50:00,VIC1,8085.15,,,
2026-08-11 18:00:00,NSW1,,9920.88,0.06,0.0
2026-08-11 18:00:00,QLD1,,7498.5,15.855,0.0
2026-08-11 18:00:00,SA1,,1675.12,60.65,17.31
2026-08-11 18:00:00,TAS1,,1243.0,0.0,0.0
2026-08-11 18:00:00,VIC1,,7993.96,2.889,0.0
2026-08-11 18:30:00,NSW1,,10260.39,0.0,0.0
2026-08-11 18:30:00,QLD1,,7622.19,0.0,0.0
2026-08-11 18:30:00,SA1,,1830.75,0.813,0.0
2026-08-11 18:30:00,TAS1,,1285.0,0.0,0.0
2026-08-11 18:30:00,VIC1,,8148.88,0.0,0.0
2026-08-11 18:35:00,NSW1,10258.54,,,
2026-08-11 18:35:00,QLD1,7638.71,,,
2026-08-11 18:35:00,SA1,1965.43,,,
2026-08-11 18:35:00,TAS1,1286.64,,,
2026-08-11 18:35:00,VIC1,8161.29,,,
2026-08-11 18:40:00,NSW1,10291.24,,,
2026-08-11 18:40:00,QLD1,7684.99,,,
2026-08-11 18:40:00,SA1,1972.46,,,
2026-08-11 18:40:00,TAS1,1290.89,,,
2026-08-11 18:40:00,VIC1,8139.83,,,
2026-08-11 19:00:00,NSW1,,10226.43,0.0,0.0
2026-08-11 19:00:00,QLD1,,7650.93,0.0,0.0
2026-08-11 19:00:00,SA1,,1940.31,0.0,0.0
2026-08-11 19:00:00,TAS1,,1277.0,0.0,0.0
2026-08-11 19:00:00,VIC1,,8054.77,0.0,0.0
2026-08-11 19:30:00,NSW1,,10129.67,0.0,0.0
2026-08-11 19:30:00,QLD1,,7449.9,0.0,0.0
2026-08-11 19:30:00,SA1,,2018.78,0.0,0.0
2026-08-11 19:30:00,TAS1,,1266.0,0.0,0.0
2026-08-11 19:30:00,VIC1,,8034.56,0.0,0.0
2026-08-11 19:35:00,NSW1,10196.37,,,
2026-08-11 19:35:00,QLD1,7357.4,,,
2026-08-11 19:35:00,SA1,2020.32,,,
2026-08-11 19:35:00,TAS1,1252.63,,,
2026-08-11 19:35:00,VIC1,7933.58,,,
2026-08-11 19:40:00,NSW1,10204.04,,,
2026-08-11 19:40:00,QLD1,7330.28,,,
2026-08-11 19:40:00,SA1,2032.84,,,
2026-08-11 19:40:00,TAS1,1251.39,,,
2026-08-11 19:40:00,VIC1,7908.31,,,
2026-08-11 20:00:00,NSW1,,10091.11,0.0,0.0
2026-08-11 20:00:00,QLD1,,7416.64,0.0,0.0
2026-08-11 20:00:00,SA1,,2008.05,0.0,0.0
2026-08-11 20:00:00,TAS1,,1238.0,0.0,0.0
2026-08-11 20:00:00,VIC1,,7843.45,0.0,0.0
2026-08-11 20:25:00,NSW1,10075.12,,,
2026-08-11 20:25:00,QLD1,7181.66,,,
2026-08-11 20:25:00,SA1,2001.83,,,
2026-08-11 20:25:00,TAS1,1184.35,,,
2026-08-11 20:25:00,VIC1,7656.07,,,
2026-08-11 20:30:00,NSW1,9982.91,9958.13,0.0,0.0
2026-08-11 20:30:00,QLD1,7076.78,7225.48,0.0,0.0
2026-08-11 20:30:00,SA1,1980.71,2003.87,0.0,0.0
2026-08-11 20:30:00,TAS1,1192.36,1217.0,0.0,0.0
2026-08-11 20:30:00,VIC1,7536.48,7675.81,0.0,0.0
2026-08-11 21:00:00,NSW1,,9843.35,0.0,0.0
2026-08-11 21:00:00,QLD1,,7009.96,0.0,0.0
2026-08-11 21:00:00,SA1,,1956.78,0.0,0.0
2026-08-11 21:00:00,TAS1,,1189.0,0.0,0.0
2026-08-11 21:00:00,VIC1,,7523.03,0.0,0.0
2026-08-11 21:20:00,NSW1,9451.99,,,
2026-08-11 21:20:00,QLD1,7019.95,,,
2026-08-11 21:20:00,SA1,1881.92,,,
2026-08-11 21:20:00,TAS1,1177.96,,,
2026-08-11 21:20:00,VIC1,7150.8,,,
2026-08-11 21:25:00,NSW1,9492.28,,,
2026-08-11 21:25:00,QLD1,7084.0,,,
2026-08-11 21:25:00,SA1,1873.77,,,
2026-08-11 21:25:00,TAS1,1167.03,,,
2026-08-11 21:25:00,VIC1,7175.06,,,
2026-08-11 21:30:00,NSW1,,9542.37,,0.0
2026-08-11 21:30:00,QLD1,,7023.99,,0.0
2026-08-11 21:30:00,SA1,,1898.79,,0.0
2026-08-11 21:30:00,TAS1,,1156.0,,0.0
2026-08-11 21:30:00,VIC1,,7254.63,,0.0
2026-08-11 22:00:00,NSW1,9081.92,9197.81,0.0,0.0
2026-08-11 22:00:00,QLD1,6852.7,6934.71,0.0,0.0
2026-08-11 22:00:00,SA1,1851.23,1857.77,0.0,0.0
2026-08-11 22:00:00,TAS1,1112.29,1152.0,0.0,0.0
2026-08-11 22:00:00,VIC1,6698.22,6912.57,0.0,0.0
2026-08-11 22:05:00,NSW1,8952.65,,,
2026-08-11 22:05:00,QLD1,6748.2,,,
2026-08-11 22:05:00,SA1,1863.72,,,
2026-08-11 22:05:00,TAS1,1102.48,,,
2026-08-11 22:05:00,VIC1,6593.1,,,
2026-08-11 22:30:00,NSW1,,8978.16,0.0,0.0
2026-08-11 22:30:00,QLD1,,6683.34,0.0,0.0
2026-08-11 22:30:00,SA1,,1764.0,0.0,0.0
2026-08-11 22:30:00,TAS1,,1109.0,0.0,0.0
2026-08-11 22:30:00,VIC1,,6564.84,0.0,0.0
2026-08-11 23:00:00,NSW1,,8696.41,0.0,0.0
2026-08-11 23:00:00,QLD1,,6453.29,0.0,0.0
2026-08-11 23:00:00,SA1,,1712.5,0.0,0.0
2026-08-11 23:00:00,TAS1,,1091.0,0.0,0.0
2026-08-11 23:00:00,VIC1,,6283.04,0.0,0.0
2026-08-11 23:20:00,NSW1,8425.65,,,
2026-08-11 23:20:00,QLD1,6251.51,,,
2026-08-11 23:20:00,SA1,1591.86,,,
2026-08-11 23:20:00,TAS1,1028.04,,,
2026-08-11 23:20:00,VIC1,6297.3,,,
2026-08-11 23:25:00,NSW1,8396.91,,,
2026-08-11 23:25:00,QLD1,6224.51,,,
2026-08-11 23:25:00,SA1,1583.88,,,
2026-08-11 23:25:00,TAS1,1021.69,,,
2026-08-11 23:25:00,VIC1,6152.86,,,
2026-08-11 23:30:00,NSW1,,8489.04,0.0,0.0
2026-08-11 23:30:00,QLD1,,6261.8,0.0,0.0
2026-08-11 23:30:00,SA1,,1608.76,0.0,0.0
2026-08-11 23:30:00,TAS1,,1046.0,0.0,0.0
2026-08-11 23:30:00,VIC1,,6233.11,0.0,0.0
2026-08-12 00:00:00,NSW1,,8272.89,0.0,0.0
2026-08-12 00:00:00,QLD1,,6112.48,0.0,0.0
2026-08-12 00:00:00,SA1,,1613.3,0.0,0.0
2026-08-12 00:00:00,TAS1,,1016.0,0.0,0.0
2026-08-12 00:00:00,VIC1,,6029.18,0.0,0.0
2026-08-12 00:30:00,NSW1,8164.07,8029.92,0.0,0.0
2026-08-12 00:30:00,QLD1,5924.86,5935.89,0.0,0.0
2026-08-12 00:30:00,SA1,1542.73,1550.02,0.0,0.0
2026-08-12 00:30:00,TAS1,992.07,1002.0,0.0,0.0
2026-08-12 00:30:00,VIC1,5794.75,5777.95,0.0,0.0
2026-08-12 00:35:00,NSW1,8118.65,,,
2026-08-12 00:35:00,QLD1,5878.83,,,
2026-08-12 00:35:00,SA1,1540.24,,,
2026-08-12 00:35:00,TAS1,998.1,,,
2026-08-12 00:35:00,VIC1,5765.72,,,
2026-08-12 01:00:00,NSW1,,8045.72,0.0,0.0
2026-08-12 01:00:00,QLD1,,5864.06,0.0,0.0
2026-08-12 01:00:00,SA1,,1548.21,0.0,0.0
2026-08-12 01:00:00,TAS1,,986.0,0.0,0.0
2026-08-12 01:00:00,VIC1,,5693.84,0.0,0.0
2026-08-12 01:25:00,NSW1,7674.86,,,
2026-08-12 01:25:00,QLD1,5677.26,,,
2026-08-12 01:25:00,SA1,1502.97,,,
2026-08-12 01:25:00,TAS1,971.65,,,
2026-08-12 01:25:00,VIC1,5415.27,,,
2026-08-12 01:30:00,NSW1,7625.59,7821.17,0.0,0.0
2026-08-12 01:30:00,QLD1,5681.13,5755.05,0.0,0.0
2026-08-12 01:30:00,SA1,1499.78,1539.12,0.0,0.0
2026-08-12 01:30:00,TAS1,970.82,978.0,0.0,0.0
2026-08-12 01:30:00,VIC1,5389.13,5522.7,0.0,0.0
2026-08-12 02:00:00,NSW1,,7570.65,0.0,0.0
2026-08-12 02:00:00,QLD1,,5646.39,0.0,0.0
2026-08-12 02:00:00,SA1,,1514.97,0.0,0.0
2026-08-12 02:00:00,TAS1,,964.0,0.0,0.0
2026-08-12 02:00:00,VIC1,,5329.75,0.0,0.0
2026-08-12 02:25:00,NSW1,7322.71,,,
2026-08-12 02:25:00,QLD1,5580.25,,,
2026-08-12 02:25:00,SA1,1470.2,,,
2026-08-12 02:25:00,TAS1,967.23,,,
2026-08-12 02:25:00,VIC1,5123.87,,,
2026-08-12 02:30:00,NSW1,7296.11,7334.74,0.0,0.0
2026-08-12 02:30:00,QLD1,5578.48,5619.56,0.0,0.0
2026-08-12 02:30:00,SA1,1466.19,1495.86,0.0,0.0
2026-08-12 02:30:00,TAS1,959.86,956.0,0.0,0.0
2026-08-12 02:30:00,VIC1,5049.9,5135.66,0.0,0.0
2026-08-12 03:00:00,NSW1,,7251.62,0.0,0.0
2026-08-12 03:00:00,QLD1,,5539.5,0.0,0.0
2026-08-12 03:00:00,SA1,,1464.62,0.0,0.0
2026-08-12 03:00:00,TAS1,,967.0,0.0,0.0
2026-08-12 03:00:00,VIC1,,5078.36,0.0,0.0
2026-08-12 03:25:00,NSW1,7351.72,,,
2026-08-12 03:25:00,QLD1,5565.52,,,
2026-08-12 03:25:00,SA1,1470.48,,,
2026-08-12 03:25:00,TAS1,965.53,,,
2026-08-12 03:25:00,VIC1,4971.18,,,
2026-08-12 03:30:00,NSW1,7290.38,7163.17,0.0,0.0
2026-08-12 03:30:00,QLD1,5595.59,5560.39,0.0,0.0
2026-08-12 03:30:00,SA1,1449.99,1492.11,0.0,0.0
2026-08-12 03:30:00,TAS1,966.57,976.0,0.0,0.0
2026-08-12 03:30:00,VIC1,4964.2,5024.56,0.0,0.0
2026-08-12 04:00:00,NSW1,,7294.85,0.0,0.0
2026-08-12 04:00:00,QLD1,,5601.94,0.0,0.0
2026-08-12 04:00:00,SA1,,1484.37,0.0,0.0
2026-08-12 04:00:00,TAS1,,973.0,0.0,0.0
2026-08-12 04:00:00,VIC1,,4934.91,0.0,0.0
2026-08-12 04:10:00,NSW1,7308.24,,,
2026-08-12 04:10:00,QLD1,5685.98,,,
2026-08-12 04:10:00,SA1,1432.93,,,
2026-08-12 04:10:00,TAS1,971.76,,,
2026-08-12 04:10:00,VIC1,5022.34,,,
2026-08-12 04:15:00,NSW1,7300.69,,,
2026-08-12 04:15:00,QLD1,5696.61,,,
2026-08-12 04:15:00,SA1,1465.07,,,
2026-08-12 04:15:00,TAS1,968.05,,,
2026-08-12 04:15:00,VIC1,5056.12,,,
2026-08-12 04:30:00,NSW1,,7315.88,0.0,0.0
2026-08-12 04:30:00,QLD1,,5732.58,0.0,0.0
2026-08-12 04:30:00,SA1,,1435.36,0.0,0.0
2026-08-12 04:30:00,TAS1,,984.0,0.0,0.0
2026-08-12 04:30:00,VIC1,,4949.84,0.0,0.0
2026-08-12 05:00:00,NSW1,,7378.08,0.0,0.0
2026-08-12 05:00:00,QLD1,,5806.2,0.0,0.0
2026-08-12 05:00:00,SA1,,1444.19,0.0,0.0
2026-08-12 05:00:00,TAS1,,987.0,0.0,0.0
2026-08-12 05:00:00,VIC1,,5084.12,0.0,0.0
2026-08-12 05:15:00,NSW1,7710.13,,,
2026-08-12 05:15:00,QLD1,6093.83,,,
2026-08-12 05:15:00,SA1,1440.71,,,
2026-08-12 05:15:00,TAS1,998.28,,,
2026-08-12 05:15:00,VIC1,5307.0,,,
2026-08-12 05:20:00,NSW1,7773.64,,,
2026-08-12 05:20:00,QLD1,6139.36,,,
2026-08-12 05:20:00,SA1,1464.05,,,
2026-08-12 05:20:00,TAS1,1007.74,,,
2026-08-12 05:20:00,VIC1,5301.83,,,
2026-08-12 05:30:00,NSW1,,7691.04,0.0,0.0
2026-08-12 05:30:00,QLD1,,6040.15,0.0,0.0
2026-08-12 05:30:00,SA1,,1461.8,0.0,0.0
2026-08-12 05:30:00,TAS1,,1013.0,0.0,0.0
2026-08-12 05:30:00,VIC1,,5324.21,0.0,0.0
2026-08-12 06:00:00,NSW1,,8130.58,0.0,0.0
2026-08-12 06:00:00,QLD1,,6294.99,0.0,0.0
2026-08-12 06:00:00,SA1,,1470.6,0.0,0.0
2026-08-12 06:00:00,TAS1,,1027.0,0.0,0.0
2026-08-12 06:00:00,VIC1,,5592.7,0.0,0.0
2026-08-12 06:05:00,NSW1,8502.25,,,
2026-08-12 06:05:00,QLD1,6518.25,,,
2026-08-12 06:05:00,SA1,1499.43,,,
2026-08-12 06:05:00,TAS1,1134.4,,,
2026-08-12 06:05:00,VIC1,5862.54,,,
2026-08-12 06:10:00,NSW1,8642.38,,,
2026-08-12 06:10:00,QLD1,6575.91,,,
2026-08-12 06:10:00,SA1,1500.73,,,
2026-08-12 06:10:00,TAS1,1150.53,,,
2026-08-12 06:10:00,VIC1,6004.0,,,
2026-08-12 06:30:00,NSW1,,8824.37,5.198,0.0
2026-08-12 06:30:00,QLD1,,6660.41,46.072,0.0
2026-08-12 06:30:00,SA1,,1505.34,0.0,0.0
2026-08-12 06:30:00,TAS1,,1101.0,0.0,0.0
2026-08-12 06:30:00,VIC1,,6070.26,0.0,0.0
2026-08-12 06:55:00,NSW1,9663.19,,,
2026-08-12 06:55:00,QLD1,6995.86,,,
2026-08-12 06:55:00,SA1,1603.71,,,
2026-08-12 06:55:00,TAS1,1227.03,,,
2026-08-12 06:55:00,VIC1,6840.42,,,
2026-08-12 07:00:00,NSW1,9641.77,9490.55,139.429,0.0
2026-08-12 07:00:00,QLD1,6912.86,6876.62,337.806,129.421
2026-08-12 07:00:00,SA1,1648.81,1556.58,0.0,0.0
2026-08-12 07:00:00,TAS1,1231.16,1227.0,0.0,0.0
2026-08-12 07:00:00,VIC1,6972.92,6651.32,0.684,0.0
2026-08-12 07:30:00,NSW1,,9796.0,485.513,276.064
2026-08-12 07:30:00,QLD1,,6914.78,883.709,504.028
2026-08-12 07:30:00,SA1,,1611.53,7.429,0.0
2026-08-12 07:30:00,TAS1,,1242.0,5.149,0.0
2026-08-12 07:30:00,VIC1,,7119.59,56.008,0.0
2026-08-12 07:50:00,NSW1,9772.45,,,
2026-08-12 07:50:00,QLD1,6383.89,,,
2026-08-12 07:50:00,SA1,1876.22,,,
2026-08-12 07:50:00,TAS1,1250.46,,,
2026-08-12 07:50:00,VIC1,7598.03,,,
2026-08-12 07:55:00,NSW1,9766.96,,,
2026-08-12 07:55:00,QLD1,6264.92,,,
2026-08-12 07:55:00,SA1,1864.93,,,
2026-08-12 07:55:00,TAS1,1249.29,,,
2026-08-12 07:55:00,VIC1,7595.69,,,
2026-08-12 08:00:00,NSW1,,9806.48,927.42,796.516
2026-08-12 08:00:00,QLD1,,6525.59,1500.886,1138.951
2026-08-12 08:00:00,SA1,,1712.25,78.831,26.267
2026-08-12 08:00:00,TAS1,,1279.0,18.756,11.592
2026-08-12 08:00:00,VIC1,,7448.52,204.228,108.779
2026-08-12 08:25:00,NSW1,9618.93,,,
2026-08-12 08:25:00,QLD1,5718.03,,,
2026-08-12 08:25:00,SA1,1813.52,,,
2026-08-12 08:25:00,TAS1,1227.83,,,
2026-08-12 08:25:00,VIC1,7549.01,,,
2026-08-12 08:30:00,NSW1,9425.57,9626.8,1378.642,1437.044
2026-08-12 08:30:00,QLD1,5646.26,5992.29,2119.25,1956.044
2026-08-12 08:30:00,SA1,1797.64,1838.94,237.367,118.571
2026-08-12 08:30:00,TAS1,1212.7,1268.0,36.696,30.588
2026-08-12 08:30:00,VIC1,7512.79,7535.59,418.599,280.675
2026-08-12 09:00:00,NSW1,,9163.58,1940.13,1910.213
2026-08-12 09:00:00,QLD1,,5437.82,2701.269,2845.855
2026-08-12 09:00:00,SA1,,1772.69,425.434,280.283
2026-08-12 09:00:00,TAS1,,1219.0,56.717,50.049
2026-08-12 09:00:00,VIC1,,7342.81,567.663,481.347
2026-08-12 09:15:00,NSW1,8446.33,,,
2026-08-12 09:15:00,QLD1,4886.3,,,
2026-08-12 09:15:00,SA1,1580.58,,,
2026-08-12 09:15:00,TAS1,1141.29,,,
2026-08-12 09:15:00,VIC1,7351.62,,,
2026-08-12 09:20:00,NSW1,8360.07,,,
2026-08-12 09:20:00,QLD1,4804.8,,,
2026-08-12 09:20:00,SA1,1532.42,,,
2026-08-12 09:20:00,TAS1,1136.28,,,
2026-08-12 09:20:00,VIC1,7246.87,,,
2026-08-12 09:30:00,NSW1,,8396.18,,2297.076
2026-08-12 09:30:00,QLD1,,4956.93,,3408.113
2026-08-12 09:30:00,SA1,,1724.37,,448.809
2026-08-12 09:30:00,TAS1,,1176.0,,54.777
2026-08-12 09:30:00,VIC1,,7274.66,,508.803
2026-08-12 10:00:00,NSW1,7638.49,7901.23,,2889.185
2026-08-12 10:00:00,QLD1,4338.45,4522.35,,3847.232
2026-08-12 10:00:00,SA1,1289.07,1407.38,,603.996
2026-08-12 10:00:00,TAS1,1064.8,1096.0,,88.383
2026-08-12 10:00:00,VIC1,6998.54,7155.84,,653.929
2026-08-12 10:05:00,NSW1,7465.3,,,
2026-08-12 10:05:00,QLD1,4311.23,,,
2026-08-12 10:05:00,SA1,1281.62,,,
2026-08-12 10:05:00,TAS1,1062.47,,,
2026-08-12 10:05:00,VIC1,6922.79,,,
2026-08-12 10:30:00,NSW1,,7486.99,,3338.264
2026-08-12 10:30:00,QLD1,,4171.7,,4128.81
2026-08-12 10:30:00,SA1,,1297.58,,816.523
2026-08-12 10:30:00,TAS1,,1067.0,,114.557
2026-08-12 10:30:00,VIC1,,6880.82,,753.04
2026-08-12 11:00:00,NSW1,,7085.22,,3552.06
2026-08-12 11:00:00,QLD1,,3859.09,,4357.289
2026-08-12 11:00:00,SA1,,1285.01,,963.519
2026-08-12 11:00:00,TAS1,,1036.0,,130.937
2026-08-12 11:00:00,VIC1,,6597.33,,881.756
2026-08-12 11:30:00,NSW1,,6803.93,3062.461,3639.97
2026-08-12 11:30:00,QLD1,,3776.59,3720.204,4490.861
2026-08-12 11:30:00,SA1,,1230.27,1297.252,1053.742
2026-08-12 11:30:00,TAS1,,1004.0,125.515,140.333
2026-08-12 11:30:00,VIC1,,6434.98,1365.639,999.743
2026-08-12 12:00:00,NSW1,,6598.32,2883.733,3646.371
2026-08-12 12:00:00,QLD1,,3808.5,3906.693,4536.186
2026-08-12 12:00:00,SA1,,1183.35,1325.571,1093.322
2026-08-12 12:00:00,TAS1,,985.0,132.326,141.534
2026-08-12 12:00:00,VIC1,,6248.04,1492.028,1088.575
2026-08-12 12:30:00,NSW1,7786.58,7455.08,,3741.353
2026-08-12 12:30:00,QLD1,4355.99,4008.39,,4374.004
2026-08-12 12:30:00,SA1,1061.43,921.11,,1246.077
2026-08-12 12:30:00,TAS1,995.65,986.0,,147.383
2026-08-12 12:30:00,VIC1,6226.09,6052.73,,1263.46
2026-08-12 12:35:00,NSW1,7834.29,,,
2026-08-12 12:35:00,QLD1,4443.84,,,
2026-08-12 12:35:00,SA1,1042.15,,,
2026-08-12 12:35:00,TAS1,998.41,,,
2026-08-12 12:35:00,VIC1,6152.94,,,
2026-08-12 13:00:00,NSW1,,7794.77,2610.411,3545.314
2026-08-12 13:00:00,QLD1,,4338.45,3052.098,4278.781
2026-08-12 13:00:00,SA1,,1009.65,1077.224,1218.403
2026-08-12 13:00:00,TAS1,,997.0,113.406,140.983
2026-08-12 13:00:00,VIC1,,6178.29,1534.555,1729.63
2026-08-12 13:30:00,NSW1,,7539.52,2572.644,3387.805
2026-08-12 13:30:00,QLD1,,4218.39,3092.248,4144.849
2026-08-12 13:30:00,SA1,,895.49,983.817,1126.0
2026-08-12 13:30:00,TAS1,,994.0,103.506,134.701
2026-08-12 13:30:00,VIC1,,6061.25,1693.772,1739.988
2026-08-12 14:00:00,NSW1,,6636.18,,2750.038
2026-08-12 14:00:00,QLD1,,4713.41,,3625.612
2026-08-12 14:00:00,SA1,,1061.76,,1007.234
2026-08-12 14:00:00,TAS1,,1034.0,,115.581
2026-08-12 14:00:00,VIC1,,5399.84,,1335.248
2026-08-12 14:20:00,NSW1,7180.78,,,
2026-08-12 14:20:00,QLD1,4703.87,,,
2026-08-12 14:20:00,SA1,1285.16,,,
2026-08-12 14:20:00,TAS1,1006.49,,,
2026-08-12 14:20:00,VIC1,5326.46,,,
2026-08-12 14:25:00,NSW1,7263.36,,,
2026-08-12 14:25:00,QLD1,4775.56,,,
2026-08-12 14:25:00,SA1,1289.5,,,
2026-08-12 14:25:00,TAS1,998.65,,,
2026-08-12 14:25:00,VIC1,5314.56,,,
2026-08-12 14:30:00,NSW1,,7087.28,2304.277,2782.234
2026-08-12 14:30:00,QLD1,,4836.95,2644.534,3218.033
2026-08-12 14:30:00,SA1,,1206.27,789.109,893.967
2026-08-12 14:30:00,TAS1,,1028.0,85.838,104.535
2026-08-12 14:30:00,VIC1,,5292.35,1550.619,1691.674
2026-08-12 15:00:00,NSW1,,7325.94,1989.477,2300.834
2026-08-12 15:00:00,QLD1,,5118.89,1867.037,2759.247
2026-08-12 15:00:00,SA1,,1225.12,707.562,794.698
2026-08-12 15:00:00,TAS1,,1033.0,78.492,89.21
2026-08-12 15:00:00,VIC1,,5302.49,1431.823,1473.601
2026-08-12 15:30:00,NSW1,,7440.46,1647.427,1682.691
2026-08-12 15:30:00,QLD1,,5961.71,1348.24,2229.607
2026-08-12 15:30:00,SA1,,1159.81,555.745,622.138
2026-08-12 15:30:00,TAS1,,1045.0,62.826,75.901
2026-08-12 15:30:00,VIC1,,5295.47,1248.928,1230.082
2026-08-12 15:45:00,NSW1,8075.3,,,
2026-08-12 15:45:00,QLD1,6335.82,,,
2026-08-12 15:45:00,SA1,1386.07,,,
2026-08-12 15:45:00,TAS1,1057.37,,,
2026-08-12 15:45:00,VIC1,5456.85,,,
2026-08-12 15:50:00,NSW1,8150.75,,,
2026-08-12 15:50:00,QLD1,6402.29,,,
2026-08-12 15:50:00,SA1,1341.84,,,
2026-08-12 15:50:00,TAS1,1054.25,,,
2026-08-12 15:50:00,VIC1,5567.77,,,
2026-08-12 16:00:00,NSW1,,8151.6,1306.379,1255.711
2026-08-12 16:00:00,QLD1,,6389.58,1050.925,1599.681
2026-08-12 16:00:00,SA1,,1446.87,532.017,553.032
2026-08-12 16:00:00,TAS1,,1068.0,48.659,47.577
2026-08-12 16:00:00,VIC1,,5414.17,962.313,817.529
2026-08-12 16:30:00,NSW1,,8550.5,,708.66
2026-08-12 16:30:00,QLD1,,6909.12,,967.881
2026-08-12 16:30:00,SA1,,1374.74,,389.714
2026-08-12 16:30:00,TAS1,,1073.0,,29.671
2026-08-12 16:30:00,VIC1,,6026.51,,632.08
2026-08-12 16:55:00,NSW1,9525.22,,,
2026-08-12 16:55:00,QLD1,7340.78,,,
2026-08-12 16:55:00,SA1,1601.98,,,
2026-08-12 16:55:00,TAS1,1149.26,,,
2026-08-12 16:55:00,VIC1,6867.03,,,
2026-08-12 17:00:00,NSW1,9623.99,9179.05,357.936,49.941
2026-08-12 17:00:00,QLD1,7417.77,7233.9,379.538,416.923
2026-08-12 17:00:00,SA1,1612.07,1509.2,314.258,274.211
2026-08-12 17:00:00,TAS1,1161.08,1136.0,13.182,2.827
2026-08-12 17:00:00,VIC1,6909.65,6708.74,330.093,220.23
2026-08-12 17:30:00,NSW1,,9718.05,48.74,0.0
2026-08-12 17:30:00,QLD1,,7530.47,117.826,105.556
2026-08-12 17:30:00,SA1,,1716.61,174.595,42.818
2026-08-12 17:30:00,TAS1,,1188.0,2.075,0.0
2026-08-12 17:30:00,VIC1,,7126.37,100.461,53.518
2026-08-12 18:00:00,NSW1,,10457.03,,0.0
2026-08-12 18:00:00,QLD1,,7746.96,,0.0
2026-08-12 18:00:00,SA1,,1770.21,,7.603
2026-08-12 18:00:00,TAS1,,1265.0,,0.0
2026-08-12 18:00:00,VIC1,,7528.51,,0.0
2026-08-12 18:20:00,NSW1,10699.85,,,
2026-08-12 18:20:00,QLD1,7694.52,,,
2026-08-12 18:20:00,SA1,2027.92,,,
2026-08-12 18:20:00,TAS1,1299.58,,,
2026-08-12 18:20:00,VIC1,7808.35,,,
2026-08-12 18:25:00,NSW1,10766.8,,,
2026-08-12 18:25:00,QLD1,7654.76,,,
2026-08-12 18:25:00,SA1,2033.23,,,
2026-08-12 18:25:00,TAS1,1309.16,,,
2026-08-12 18:25:00,VIC1,7759.4,,,
2026-08-12 18:30:00,NSW1,,10774.46,0.0,0.0
2026-08-12 18:30:00,QLD1,,7667.26,0.0,0.0
2026-08-12 18:30:00,SA1,,1966.29,1.472,0.0
2026-08-12 18:30:00,TAS1,,1288.0,0.0,0.0
2026-08-12 18:30:00,VIC1,,7742.62,0.0,0.0
2026-08-12 19:00:00,NSW1,,10727.29,0.0,0.0
2026-08-12 19:00:00,QLD1,,7624.61,0.0,0.0
2026-08-12 19:00:00,SA1,,2021.78,0.0,0.0
2026-08-12 19:00:00,TAS1,,1281.0,0.0,0.0
2026-08-12 19:00:00,VIC1,,7744.66,0.0,0.0
2026-08-12 19:30:00,NSW1,10586.53,10562.89,0.0,0.0
2026-08-12 19:30:00,QLD1,7424.85,7463.69,0.0,0.0
2026-08-12 19:30:00,SA1,2018.15,2048.96,0.0,0.0
2026-08-12 19:30:00,TAS1,1279.68,1265.0,0.0,0.0
2026-08-12 19:30:00,VIC1,7585.71,7676.46,0.0,0.0
2026-08-12 19:35:00,NSW1,10524.59,,,
2026-08-12 19:35:00,QLD1,7397.42,,,
2026-08-12 19:35:00,SA1,2014.37,,,
2026-08-12 19:35:00,TAS1,1274.62,,,
2026-08-12 19:35:00,VIC1,7578.62,,,
2026-08-12 20:00:00,NSW1,,10402.27,0.0,0.0
2026-08-12 20:00:00,QLD1,,7331.87,0.0,0.0
2026-08-12 20:00:00,SA1,,2024.99,0.0,0.0
2026-08-12 20:00:00,TAS1,,1247.0,0.0,0.0
2026-08-12 20:00:00,VIC1,,7540.29,0.0,0.0
2026-08-12 20:30:00,NSW1,,10288.65,0.0,0.0
2026-08-12 20:30:00,QLD1,,7261.67,0.0,0.0
2026-08-12 20:30:00,SA1,,2011.97,0.0,0.0
2026-08-12 20:30:00,TAS1,,1239.0,0.0,0.0
2026-08-12 20:30:00,VIC1,,7388.24,0.0,0.0
2026-08-12 20:35:00,NSW1,10157.84,,,
2026-08-12 20:35:00,QLD1,7155.44,,,
2026-08-12 20:35:00,SA1,1995.02,,,
2026-08-12 20:35:00,TAS1,1228.75,,,
2026-08-12 20:35:00,VIC1,7211.37,,,
2026-08-12 20:40:00,NSW1,10114.82,,,
2026-08-12 20:40:00,QLD1,7266.46,,,
2026-08-12 20:40:00,SA1,1977.37,,,
2026-08-12 20:40:00,TAS1,1220.14,,,
2026-08-12 20:40:00,VIC1,7273.38,,,
2026-08-12 21:00:00,NSW1,,10094.0,0.0,0.0
2026-08-12 21:00:00,QLD1,,7126.26,0.0,0.0
2026-08-12 21:00:00,SA1,,1974.53,0.0,0.0
2026-08-12 21:00:00,TAS1,,1210.0,0.0,0.0
2026-08-12 21:00:00,VIC1,,7193.75,0.0,0.0
2026-08-12 21:25:00,NSW1,9728.36,,,
2026-08-12 21:25:00,QLD1,7079.41,,,
2026-08-12 21:25:00,SA1,1908.92,,,
2026-08-12 21:25:00,TAS1,1197.89,,,
2026-08-12 21:25:00,VIC1,6875.13,,,
2026-08-12 21:30:00,NSW1,9703.0,9820.68,0.0,0.0
2026-08-12 21:30:00,QLD1,7019.12,7084.99,0.0,0.0
2026-08-12 21:30:00,SA1,1888.55,1916.22,0.0,0.0
2026-08-12 21:30:00,TAS1,1197.47,1172.0,0.0,0.0
2026-08-12 21:30:00,VIC1,6779.31,6974.98,0.0,0.0
2026-08-12 22:00:00,NSW1,,9491.26,,0.0
2026-08-12 22:00:00,QLD1,,6939.56,,0.0
2026-08-12 22:00:00,SA1,,1867.23,,0.0
2026-08-12 22:00:00,TAS1,,1161.0,,0.0
2026-08-12 22:00:00,VIC1,,6684.81,,0.0
2026-08-12 22:05:00,NSW1,9115.76,,,
2026-08-12 22:05:00,QLD1,6701.89,,,
2026-08-12 22:05:00,SA1,1789.59,,,
2026-08-12 22:05:00,TAS1,1126.31,,,
2026-08-12 22:05:00,VIC1,6484.35,,,
2026-08-12 22:10:00,NSW1,9249.85,,,
2026-08-12 22:10:00,QLD1,6673.9,,,
2026-08-12 22:10:00,SA1,1757.95,,,
2026-08-12 22:10:00,TAS1,1124.11,,,
2026-08-12 22:10:00,VIC1,6469.03,,,
2026-08-12 22:30:00,NSW1,,9239.44,0.0,0.0
2026-08-12 22:30:00,QLD1,,6741.36,0.0,0.0
2026-08-12 22:30:00,SA1,,1768.28,0.0,0.0
2026-08-12 22:30:00,TAS1,,1106.0,0.0,0.0
2026-08-12 22:30:00,VIC1,,6342.44,0.0,0.0
2026-08-12 23:00:00,NSW1,,8964.71,0.0,0.0
2026-08-12 23:00:00,QLD1,,6460.38,0.0,0.0
2026-08-12 23:00:00,SA1,,1677.43,0.0,0.0
2026-08-12 23:00:00,TAS1,,1067.0,0.0,0.0
2026-08-12 23:00:00,VIC1,,6065.46,0.0,0.0
2026-08-12 23:30:00,NSW1,,8680.38,,0.0
2026-08-12 23:30:00,QLD1,,6223.01,,0.0
2026-08-12 23:30:00,SA1,,1570.77,,0.0
2026-08-12 23:30:00,TAS1,,1031.0,,0.0
2026-08-12 23:30:00,VIC1,,6050.98,,0.0
2026-08-12 23:40:00,NSW1,8397.57,,,
2026-08-12 23:40:00,QLD1,6162.35,,,
2026-08-12 23:40:00,SA1,1579.43,,,
2026-08-12 23:40:00,TAS1,1050.1,,,
2026-08-12 23:40:00,VIC1,5949.19,,,
2026-08-12 23:45:00,NSW1,8296.94,,,
2026-08-12 23:45:00,QLD1,6143.3,,,
2026-08-12 23:45:00,SA1,1579.42,,,
2026-08-12 23:45:00,TAS1,1051.95,,,
2026-08-12 23:45:00,VIC1,5905.26,,,
2026-08-13 00:00:00,NSW1,,8451.54,,0.0
2026-08-13 00:00:00,QLD1,,6038.56,,0.0
2026-08-13 00:00:00,SA1,,1603.77,,0.0
2026-08-13 00:00:00,TAS1,,1025.0,,0.0
2026-08-13 00:00:00,VIC1,,5892.41,,0.0
2026-08-13 00:30:00,NSW1,,8282.36,0.0,0.0
2026-08-13 00:30:00,QLD1,,5890.89,0.0,0.0
2026-08-13 00:30:00,SA1,,1594.31,0.0,0.0
2026-08-13 00:30:00,TAS1,,1007.0,0.0,0.0
2026-08-13 00:30:00,VIC1,,5687.79,0.0,0.0
2026-08-13 01:00:00,NSW1,,8164.99,0.0,0.0
2026-08-13 01:00:00,QLD1,,5772.93,0.0,0.0
2026-08-13 01:00:00,SA1,,1603.92,0.0,0.0
2026-08-13 01:00:00,TAS1,,991.0,0.0,0.0
2026-08-13 01:00:00,VIC1,,5533.09,0.0,0.0
2026-08-13 01:30:00,NSW1,,8080.11,0.0,0.0
2026-08-13 01:30:00,QLD1,,5731.99,0.0,0.0
2026-08-13 01:30:00,SA1,,1633.18,0.0,0.0
2026-08-13 01:30:00,TAS1,,976.0,0.0,0.0
2026-08-13 01:30:00,VIC1,,5374.11,0.0,0.0
2026-08-13 01:35:00,NSW1,7838.91,,,
2026-08-13 01:35:00,QLD1,5653.79,,,
2026-08-13 01:35:00,SA1,1567.92,,,
2026-08-13 01:35:00,TAS1,974.62,,,
2026-08-13 01:35:00,VIC1,5186.35,,,
2026-08-13 01:40:00,NSW1,7849.93,,,
2026-08-13 01:40:00,QLD1,5661.33,,,
2026-08-13 01:40:00,SA1,1541.23,,,
2026-08-13 01:40:00,TAS1,987.33,,,
2026-08-13 01:40:00,VIC1,5188.16,,,
2026-08-13 02:00:00,NSW1,,7762.09,0.0,0.0
2026-08-13 02:00:00,QLD1,,5709.48,0.0,0.0
2026-08-13 02:00:00,SA1,,1543.54,0.0,0.0
2026-08-13 02:00:00,TAS1,,962.0,0.0,0.0
2026-08-13 02:00:00,VIC1,,5208.6,0.0,0.0
2026-08-13 02:30:00,NSW1,7566.25,7595.36,0.0,0.0
2026-08-13 02:30:00,QLD1,5625.46,5625.59,0.0,0.0
2026-08-13 02:30:00,SA1,1505.19,1503.48,0.0,0.0
2026-08-13 02:30:00,TAS1,974.32,979.0,0.0,0.0
2026-08-13 02:30:00,VIC1,5006.36,5082.38,0.0,0.0
2026-08-13 02:35:00,NSW1,7578.59,,,
2026-08-13 02:35:00,QLD1,5620.03,,,
2026-08-13 02:35:00,SA1,1503.14,,,
2026-08-13 02:35:00,TAS1,979.33,,,
2026-08-13 02:35:00,VIC1,4973.57,,,
2026-08-13 03:00:00,NSW1,,7438.82,0.0,0.0
2026-08-13 03:00:00,QLD1,,5597.29,0.0,0.0
2026-08-13 03:00:00,SA1,,1494.51,0.0,0.0
2026-08-13 03:00:00,TAS1,,981.0,0.0,0.0
2026-08-13 03:00:00,VIC1,,4997.57,0.0,0.0
2026-08-13 03:30:00,NSW1,7246.42,7324.71,0.0,0.0
2026-08-13 03:30:00,QLD1,5671.59,5626.27,0.0,0.0
2026-08-13 03:30:00,SA1,1490.99,1459.86,0.0,0.0
2026-08-13 03:30:00,TAS1,980.14,977.0,0.0,0.0
2026-08-13 03:30:00,VIC1,4812.3,4967.51,0.0,0.0
2026-08-13 03:35:00,NSW1,7237.36,,,
2026-08-13 03:35:00,QLD1,5650.68,,,
2026-08-13 03:35:00,SA1,1473.54,,,
2026-08-13 03:35:00,TAS1,978.0,,,
2026-08-13 03:35:00,VIC1,4855.04,,,
2026-08-13 04:00:00,NSW1,,7340.6,,0.0
2026-08-13 04:00:00,QLD1,,5626.41,,0.0
2026-08-13 04:00:00,SA1,,1457.57,,0.0
2026-08-13 04:00:00,TAS1,,980.0,,0.0
2026-08-13 04:00:00,VIC1,,4902.85,,0.0
2026-08-13 04:25:00,NSW1,7291.51,,,
2026-08-13 04:25:00,QLD1,5780.56,,,
2026-08-13 04:25:00,SA1,1398.24,,,
2026-08-13 04:25:00,TAS1,988.57,,,
2026-08-13 04:25:00,VIC1,4968.46,,,
2026-08-13 04:30:00,NSW1,7321.06,7401.85,0.0,0.0
2026-08-13 04:30:00,QLD1,5815.32,5735.12,0.0,0.0
2026-08-13 04:30:00,SA1,1408.44,1437.49,0.0,0.0
2026-08-13 04:30:00,TAS1,983.44,981.0,0.0,0.0
2026-08-13 04:30:00,VIC1,4956.28,4911.31,0.0,0.0
2026-08-13 05:00:00,NSW1,,7505.87,0.0,0.0
2026-08-13 05:00:00,QLD1,,5872.48,0.0,0.0
2026-08-13 05:00:00,SA1,,1436.09,0.0,0.0
2026-08-13 05:00:00,TAS1,,993.0,0.0,0.0
2026-08-13 05:00:00,VIC1,,5008.4,0.0,0.0
2026-08-13 05:30:00,NSW1,,7769.41,0.0,0.0
2026-08-13 05:30:00,QLD1,,6085.73,0.0,0.0
2026-08-13 05:30:00,SA1,,1420.45,0.0,0.0
2026-08-13 05:30:00,TAS1,,1016.0,0.0,0.0
2026-08-13 05:30:00,VIC1,,5235.91,0.0,0.0
2026-08-13 05:35:00,NSW1,7952.39,,,
2026-08-13 05:35:00,QLD1,6227.74,,,
2026-08-13 05:35:00,SA1,1410.14,,,
2026-08-13 05:35:00,TAS1,1048.56,,,
2026-08-13 05:35:00,VIC1,5426.61,,,
2026-08-13 05:40:00,NSW1,8129.11,,,
2026-08-13 05:40:00,QLD1,6332.73,,,
2026-08-13 05:40:00,SA1,1416.64,,,
2026-08-13 05:40:00,TAS1,1043.1,,,
2026-08-13 05:40:00,VIC1,5479.04,,,
2026-08-13 06:00:00,NSW1,,8107.44,0.0,0.0
2026-08-13 06:00:00,QLD1,,6387.95,0.0,0.0
2026-08-13 06:00:00,SA1,,1424.29,0.0,0.0
2026-08-13 06:00:00,TAS1,,1057.0,0.0,0.0
2026-08-13 06:00:00,VIC1,,5472.88,0.0,0.0
2026-08-13 06:15:00,NSW1,8939.14,,,
2026-08-13 06:15:00,QLD1,6793.24,,,
2026-08-13 06:15:00,SA1,1470.48,,,
2026-08-13 06:15:00,TAS1,1099.81,,,
2026-08-13 06:15:00,VIC1,5971.12,,,
2026-08-13 06:20:00,NSW1,8953.92,,,
2026-08-13 06:20:00,QLD1,6840.45,,,
2026-08-13 06:20:00,SA1,1483.97,,,
2026-08-13 06:20:00,TAS1,1107.47,,,
2026-08-13 06:20:00,VIC1,6147.44,,,
2026-08-13 06:30:00,NSW1,,8954.2,6.092,0.0
2026-08-13 06:30:00,QLD1,,6765.9,48.921,0.0
2026-08-13 06:30:00,SA1,,1489.0,0.0,0.0
2026-08-13 06:30:00,TAS1,,1094.0,0.0,0.0
2026-08-13 06:30:00,VIC1,,6051.41,0.0,0.0
2026-08-13 07:00:00,NSW1,,9598.59,166.817,0.0
2026-08-13 07:00:00,QLD1,,7028.39,343.454,130.474
2026-08-13 07:00:00,SA1,,1542.66,0.0,0.0
2026-08-13 07:00:00,TAS1,,1163.0,0.003,0.0
2026-08-13 07:00:00,VIC1,,6610.54,0.834,0.0
2026-08-13 07:05:00,NSW1,9940.37,,,
2026-08-13 07:05:00,QLD1,7071.4,,,
2026-08-13 07:05:00,SA1,1650.32,,,
2026-08-13 07:05:00,TAS1,1210.48,,,
2026-08-13 07:05:00,VIC1,6960.92,,,
2026-08-13 07:10:00,NSW1,9994.26,,,
2026-08-13 07:10:00,QLD1,7060.36,,,
2026-08-13 07:10:00,SA1,1675.88,,,
2026-08-13 07:10:00,TAS1,1200.46,,,
2026-08-13 07:10:00,VIC1,6981.86,,,
2026-08-13 07:15:00,NSW1,9972.53,,,
2026-08-13 07:15:00,QLD1,7001.14,,,
2026-08-13 07:15:00,SA1,1695.44,,,
2026-08-13 07:15:00,TAS1,1215.71,,,
2026-08-13 07:15:00,VIC1,7104.88,,,
2026-08-13 07:30:00,NSW1,,10053.46,,289.373
2026-08-13 07:30:00,QLD1,,6986.21,,503.176
2026-08-13 07:30:00,SA1,,1619.9,,0.0
2026-08-13 07:30:00,TAS1,,1222.0,,0.0
2026-08-13 07:30:00,VIC1,,7090.91,,0.0
2026-08-13 08:00:00,NSW1,,9969.09,,829.468
2026-08-13 08:00:00,QLD1,,6588.67,,1137.272
2026-08-13 08:00:00,SA1,,1724.22,,24.994
2026-08-13 08:00:00,TAS1,,1249.0,,10.284
2026-08-13 08:00:00,VIC1,,7331.84,,123.892
2026-08-13 08:30:00,NSW1,,9349.46,,1499.528
2026-08-13 08:30:00,QLD1,,6013.16,,1868.751
2026-08-13 08:30:00,SA1,,1740.68,,112.654
2026-08-13 08:30:00,TAS1,,1235.0,,26.024
2026-08-13 08:30:00,VIC1,,7233.24,,325.261
2026-08-13 09:00:00,NSW1,,8591.02,,2166.866
2026-08-13 09:00:00,QLD1,,5426.49,,2569.753
2026-08-13 09:00:00,SA1,,1674.18,,257.221
2026-08-13 09:00:00,TAS1,,1207.0,,43.562
2026-08-13 09:00:00,VIC1,,6946.13,,570.751
2026-08-13 09:30:00,NSW1,,7976.69,,2765.28
2026-08-13 09:30:00,QLD1,,4897.97,,3197.112
2026-08-13 09:30:00,SA1,,1579.28,,404.281
2026-08-13 09:30:00,TAS1,,1171.0,,62.155
2026-08-13 09:30:00,VIC1,,6706.51,,829.023
2026-08-13 10:00:00,NSW1,,7472.16,,3263.693
2026-08-13 10:00:00,QLD1,,4455.46,,3700.949
2026-08-13 10:00:00,SA1,,1487.78,,533.424
2026-08-13 10:00:00,TAS1,,1131.0,,82.965
2026-08-13 10:00:00,VIC1,,6377.61,,1071.584
2026-08-13 10:30:00,NSW1,,6973.34,,3596.141
2026-08-13 10:30:00,QLD1,,4110.81,,4065.21
2026-08-13 10:30:00,SA1,,1426.77,,630.419
2026-08-13 10:30:00,TAS1,,1093.0,,101.859
2026-08-13 10:30:00,VIC1,,6078.4,,1252.38
2026-08-13 11:00:00,NSW1,,6539.28,,3880.698
2026-08-13 11:00:00,QLD1,,3874.07,,4325.088
2026-08-13 11:00:00,SA1,,1389.63,,705.945
2026-08-13 11:00:00,TAS1,,1055.0,,119.898
2026-08-13 11:00:00,VIC1,,5791.43,,1417.524
2026-08-13 11:30:00,NSW1,,6247.13,4216.762,4063.716
2026-08-13 11:30:00,QLD1,,3801.36,4527.433,4480.932
2026-08-13 11:30:00,SA1,,1292.7,973.359,758.007
2026-08-13 11:30:00,TAS1,,1018.0,134.774,134.5
2026-08-13 11:30:00,VIC1,,5707.27,1278.045,1536.458
2026-08-13 12:00:00,NSW1,,6080.62,4311.481,4172.389
2026-08-13 12:00:00,QLD1,,3750.77,4606.073,4566.601
2026-08-13 12:00:00,SA1,,1239.16,1034.551,817.962
2026-08-13 12:00:00,TAS1,,998.0,135.581,142.72
2026-08-13 12:00:00,VIC1,,5596.0,1300.826,1600.185
2026-08-13 12:30:00,NSW1,,5829.02,,4699.434
2026-08-13 12:30:00,QLD1,,3640.03,,5012.971
2026-08-13 12:30:00,SA1,,1095.45,,1066.471
2026-08-13 12:30:00,TAS1,,996.0,,151.383
2026-08-13 12:30:00,VIC1,,6352.12,,1503.504
2026-08-13 12:35:00,NSW1,5724.84,,,
2026-08-13 12:35:00,QLD1,3607.18,,,
2026-08-13 12:35:00,SA1,969.26,,,
2026-08-13 12:35:00,TAS1,1009.15,,,
2026-08-13 12:35:00,VIC1,6308.09,,,
2026-08-13 12:40:00,NSW1,5728.18,,,
2026-08-13 12:40:00,QLD1,3605.48,,,
2026-08-13 12:40:00,SA1,999.8,,,
2026-08-13 12:40:00,TAS1,997.32,,,
2026-08-13 12:40:00,VIC1,6310.09,,,
2026-08-13 13:00:00,NSW1,,5893.46,4138.24,4607.394
2026-08-13 13:00:00,QLD1,,3658.24,4425.602,4916.081
2026-08-13 13:00:00,SA1,,1015.66,1097.396,1107.021
2026-08-13 13:00:00,TAS1,,974.0,129.251,157.067
2026-08-13 13:00:00,VIC1,,6318.75,1244.978,1481.048
2026-08-13 13:30:00,NSW1,,5795.52,3921.104,4278.787
2026-08-13 13:30:00,QLD1,,3615.31,4199.979,4694.222
2026-08-13 13:30:00,SA1,,953.25,1009.369,1072.603
2026-08-13 13:30:00,TAS1,,975.0,132.029,148.312
2026-08-13 13:30:00,VIC1,,6222.23,1171.684,1439.586
2026-08-13 14:00:00,NSW1,,5793.66,,3984.836
2026-08-13 14:00:00,QLD1,,3826.79,,4317.101
2026-08-13 14:00:00,SA1,,858.14,,1082.482
2026-08-13 14:00:00,TAS1,,967.0,,142.111
2026-08-13 14:00:00,VIC1,,6342.36,,1302.658
2026-08-13 14:25:00,NSW1,5919.69,,,
2026-08-13 14:25:00,QLD1,4235.77,,,
2026-08-13 14:25:00,SA1,876.87,,,
2026-08-13 14:25:00,TAS1,1001.56,,,
2026-08-13 14:25:00,VIC1,6113.52,,,
2026-08-13 14:30:00,NSW1,5986.74,5866.07,3200.974,3572.208
2026-08-13 14:30:00,QLD1,4235.07,4088.65,3444.329,3903.177
2026-08-13 14:30:00,SA1,893.8,839.14,875.512,1044.157
2026-08-13 14:30:00,TAS1,1015.77,989.0,114.497,131.179
2026-08-13 14:30:00,VIC1,6120.33,6251.43,1008.859,1166.693
2026-08-13 15:00:00,NSW1,,6196.75,2706.124,2987.904
2026-08-13 15:00:00,QLD1,,4427.93,2930.297,3375.863
2026-08-13 15:00:00,SA1,,923.0,746.179,926.21
2026-08-13 15:00:00,TAS1,,998.0,97.297,109.367
2026-08-13 15:00:00,VIC1,,6164.11,886.95,1030.292
2026-08-13 15:30:00,NSW1,,6693.75,,2416.601
2026-08-13 15:30:00,QLD1,,4909.91,,2769.501
2026-08-13 15:30:00,SA1,,976.26,,776.829
2026-08-13 15:30:00,TAS1,,1011.0,,88.295
2026-08-13 15:30:00,VIC1,,6296.18,,850.464
2026-08-13 15:50:00,NSW1,7397.11,,,
2026-08-13 15:50:00,QLD1,5673.86,,,
2026-08-13 15:50:00,SA1,1197.05,,,
2026-08-13 15:50:00,TAS1,1058.18,,,
2026-08-13 15:50:00,VIC1,6457.13,,,
2026-08-13 15:55:00,NSW1,7444.52,,,
2026-08-13 15:55:00,QLD1,5661.83,,,
2026-08-13 15:55:00,SA1,1232.65,,,
2026-08-13 15:55:00,TAS1,1070.93,,,
2026-08-13 15:55:00,VIC1,6543.38,,,
2026-08-13 16:00:00,NSW1,,7223.67,1578.779,1728.533
2026-08-13 16:00:00,QLD1,,5528.78,1745.341,2056.589
2026-08-13 16:00:00,SA1,,1173.44,534.027,645.701
2026-08-13 16:00:00,TAS1,,1029.0,58.385,65.99
2026-08-13 16:00:00,VIC1,,6392.33,654.776,649.529
2026-08-13 16:30:00,NSW1,,7863.6,978.943,991.351
2026-08-13 16:30:00,QLD1,,6124.98,1114.546,1305.469
2026-08-13 16:30:00,SA1,,1270.85,398.302,483.822
2026-08-13 16:30:00,TAS1,,1061.0,36.851,37.797
2026-08-13 16:30:00,VIC1,,6591.26,486.731,439.345
2026-08-13 17:00:00,NSW1,,8725.06,,73.894
2026-08-13 17:00:00,QLD1,,6680.85,,489.803
2026-08-13 17:00:00,SA1,,1472.83,,304.743
2026-08-13 17:00:00,TAS1,,1103.0,,3.226
2026-08-13 17:00:00,VIC1,,7022.36,,168.242
2026-08-13 17:15:00,NSW1,9253.86,,,
2026-08-13 17:15:00,QLD1,7094.05,,,
2026-08-13 17:15:00,SA1,1664.17,,,
2026-08-13 17:15:00,TAS1,1160.98,,,
2026-08-13 17:15:00,VIC1,7365.27,,,
2026-08-13 17:20:00,NSW1,9417.26,,,
2026-08-13 17:20:00,QLD1,7107.47,,,
2026-08-13 17:20:00,SA1,1693.04,,,
2026-08-13 17:20:00,TAS1,1158.55,,,
2026-08-13 17:20:00,VIC1,7425.94,,,
2026-08-13 17:30:00,NSW1,,9280.11,72.063,0.0
2026-08-13 17:30:00,QLD1,,7145.04,138.423,132.664
2026-08-13 17:30:00,SA1,,1608.44,165.805,95.586
2026-08-13 17:30:00,TAS1,,1152.0,2.728,0.0
2026-08-13 17:30:00,VIC1,,7355.2,98.098,42.659
2026-08-13 18:00:00,NSW1,,9892.03,0.185,0.0
2026-08-13 18:00:00,QLD1,,7519.85,14.081,0.0
2026-08-13 18:00:00,SA1,,1801.34,57.854,9.862
2026-08-13 18:00:00,TAS1,,1197.0,0.0,0.0
2026-08-13 18:00:00,VIC1,,7617.88,3.538,0.0
2026-08-13 18:30:00,NSW1,,10120.22,0.0,0.0
2026-08-13 18:30:00,QLD1,,7569.57,0.0,0.0
2026-08-13 18:30:00,SA1,,1886.92,2.829,0.0
2026-08-13 18:30:00,TAS1,,1199.0,0.0,0.0
2026-08-13 18:30:00,VIC1,,7772.3,0.0,0.0
2026-08-13 18:40:00,NSW1,10268.01,,,
2026-08-13 18:40:00,QLD1,7577.49,,,
2026-08-13 18:40:00,SA1,2003.27,,,
2026-08-13 18:40:00,TAS1,1217.61,,,
2026-08-13 18:40:00,VIC1,7725.9,,,
2026-08-13 18:45:00,NSW1,10242.2,,,
2026-08-13 18:45:00,QLD1,7610.28,,,
2026-08-13 18:45:00,SA1,2020.37,,,
2026-08-13 18:45:00,TAS1,1214.54,,,
2026-08-13 18:45:00,VIC1,7723.8,,,
2026-08-13 19:00:00,NSW1,,10273.53,0.0,0.0
2026-08-13 19:00:00,QLD1,,7615.95,0.0,0.0
2026-08-13 19:00:00,SA1,,1987.08,0.0,0.0
2026-08-13 19:00:00,TAS1,,1205.0,0.0,0.0
2026-08-13 19:00:00,VIC1,,7705.59,0.0,0.0
2026-08-13 19:30:00,NSW1,,10194.33,0.0,0.0
2026-08-13 19:30:00,QLD1,,7459.04,0.0,0.0
2026-08-13 19:30:00,SA1,,2010.73,0.0,0.0
2026-08-13 19:30:00,TAS1,,1193.0,0.0,0.0
2026-08-13 19:30:00,VIC1,,7609.19,0.0,0.0
2026-08-13 19:45:00,NSW1,10230.42,,,
2026-08-13 19:45:00,QLD1,7450.69,,,
2026-08-13 19:45:00,SA1,1960.73,,,
2026-08-13 19:45:00,TAS1,1189.89,,,
2026-08-13 19:45:00,VIC1,7543.01,,,
2026-08-13 19:50:00,NSW1,10232.11,,,
2026-08-13 19:50:00,QLD1,7404.21,,,
2026-08-13 19:50:00,SA1,1962.63,,,
2026-08-13 19:50:00,TAS1,1188.47,,,
2026-08-13 19:50:00,VIC1,7399.36,,,
2026-08-13 20:00:00,NSW1,,10162.44,0.0,0.0
2026-08-13 20:00:00,QLD1,,7373.18,0.0,0.0
2026-08-13 20:00:00,SA1,,2009.25,0.0,0.0
2026-08-13 20:00:00,TAS1,,1170.0,0.0,0.0
2026-08-13 20:00:00,VIC1,,7518.87,0.0,0.0
2026-08-13 20:30:00,NSW1,,10069.88,0.0,0.0
2026-08-13 20:30:00,QLD1,,7306.18,0.0,0.0
2026-08-13 20:30:00,SA1,,1966.37,0.0,0.0
2026-08-13 20:30:00,TAS1,,1157.0,0.0,0.0
2026-08-13 20:30:00,VIC1,,7344.72,0.0,0.0
2026-08-13 20:40:00,NSW1,10036.64,,,
2026-08-13 20:40:00,QLD1,7255.93,,,
2026-08-13 20:40:00,SA1,1932.95,,,
2026-08-13 20:40:00,TAS1,1185.24,,,
2026-08-13 20:40:00,VIC1,7218.38,,,
2026-08-13 20:45:00,NSW1,9986.35,,,
2026-08-13 20:45:00,QLD1,7211.84,,,
2026-08-13 20:45:00,SA1,1909.6,,,
2026-08-13 20:45:00,TAS1,1183.55,,,
2026-08-13 20:45:00,VIC1,7167.52,,,
2026-08-13 21:00:00,NSW1,,9936.73,0.0,0.0
2026-08-13 21:00:00,QLD1,,7112.29,0.0,0.0
2026-08-13 21:00:00,SA1,,1918.05,0.0,0.0
2026-08-13 21:00:00,TAS1,,1147.0,0.0,0.0
2026-08-13 21:00:00,VIC1,,7162.78,0.0,0.0
2026-08-13 21:30:00,NSW1,9629.87,9750.55,0.0,0.0
2026-08-13 21:30:00,QLD1,7055.88,7100.95,0.0,0.0
2026-08-13 21:30:00,SA1,1830.4,1877.01,0.0,0.0
2026-08-13 21:30:00,TAS1,1150.25,1137.0,0.0,0.0
2026-08-13 21:30:00,VIC1,6826.06,6940.04,0.0,0.0
2026-08-13 21:35:00,NSW1,9652.7,,,
2026-08-13 21:35:00,QLD1,7024.31,,,
2026-08-13 21:35:00,SA1,1817.89,,,
2026-08-13 21:35:00,TAS1,1142.11,,,
2026-08-13 21:35:00,VIC1,6788.04,,,
2026-08-13 22:00:00,NSW1,,9454.46,,0.0
2026-08-13 22:00:00,QLD1,,6933.33,,0.0
2026-08-13 22:00:00,SA1,,1814.11,,0.0
2026-08-13 22:00:00,TAS1,,1103.0,,0.0
2026-08-13 22:00:00,VIC1,,6668.3,,0.0
2026-08-13 22:20:00,NSW1,9258.72,,,
2026-08-13 22:20:00,QLD1,6716.54,,,
2026-08-13 22:20:00,SA1,1682.42,,,
2026-08-13 22:20:00,TAS1,1074.66,,,
2026-08-13 22:20:00,VIC1,6347.74,,,
2026-08-13 22:25:00,NSW1,9281.38,,,
2026-08-13 22:25:00,QLD1,6639.03,,,
2026-08-13 22:25:00,SA1,1673.65,,,
2026-08-13 22:25:00,TAS1,1059.54,,,
2026-08-13 22:25:00,VIC1,6308.57,,,
2026-08-13 22:30:00,NSW1,,9265.52,0.0,0.0
2026-08-13 22:30:00,QLD1,,6730.77,0.0,0.0
2026-08-13 22:30:00,SA1,,1739.72,0.0,0.0
2026-08-13 22:30:00,TAS1,,1080.0,0.0,0.0
2026-08-13 22:30:00,VIC1,,6320.97,0.0,0.0
2026-08-13 23:00:00,NSW1,,9031.57,0.0,0.0
2026-08-13 23:00:00,QLD1,,6468.93,0.0,0.0
2026-08-13 23:00:00,SA1,,1649.36,0.0,0.0
2026-08-13 23:00:00,TAS1,,1045.0,0.0,0.0
2026-08-13 23:00:00,VIC1,,6074.13,0.0,0.0
2026-08-13 23:30:00,NSW1,,8729.23,0.0,0.0
2026-08-13 23:30:00,QLD1,,6266.36,0.0,0.0
2026-08-13 23:30:00,SA1,,1550.26,0.0,0.0
2026-08-13 23:30:00,TAS1,,1000.0,0.0,0.0
2026-08-13 23:30:00,VIC1,,6040.17,0.0,0.0
2026-08-13 23:50:00,NSW1,8366.21,,,
2026-08-13 23:50:00,QLD1,6124.65,,,
2026-08-13 23:50:00,SA1,1494.18,,,
2026-08-13 23:50:00,TAS1,999.53,,,
2026-08-13 23:50:00,VIC1,5741.86,,,
2026-08-13 23:55:00,NSW1,8431.8,,,
2026-08-13 23:55:00,QLD1,6102.02,,,
2026-08-13 23:55:00,SA1,1510.76,,,
2026-08-13 23:55:00,TAS1,995.9,,,
2026-08-13 23:55:00,VIC1,5733.7,,,
2026-08-14 00:00:00,NSW1,,8516.43,0.0,0.0
2026-08-14 00:00:00,QLD1,,6140.17,0.0,0.0
2026-08-14 00:00:00,SA1,,1530.0,0.0,0.0
2026-08-14 00:00:00,TAS1,,981.0,0.0,0.0
2026-08-14 00:00:00,VIC1,,5857.93,0.0,0.0
2026-08-14 00:30:00,NSW1,,8256.0,0.0,0.0
2026-08-14 00:30:00,QLD1,,5987.24,0.0,0.0
2026-08-14 00:30:00,SA1,,1499.75,0.0,0.0
2026-08-14 00:30:00,TAS1,,944.0,0.0,0.0
2026-08-14 00:30:00,VIC1,,5641.64,0.0,0.0
2026-08-14 00:45:00,NSW1,8269.33,,,
2026-08-14 00:45:00,QLD1,5864.44,,,
2026-08-14 00:45:00,SA1,1535.06,,,
2026-08-14 00:45:00,TAS1,976.98,,,
2026-08-14 00:45:00,VIC1,5567.01,,,
2026-08-14 00:50:00,NSW1,8286.68,,,
2026-08-14 00:50:00,QLD1,5805.99,,,
2026-08-14 00:50:00,SA1,1537.79,,,
2026-08-14 00:50:00,TAS1,980.44,,,
2026-08-14 00:50:00,VIC1,5513.77,,,
2026-08-14 01:00:00,NSW1,,8280.89,0.0,0.0
2026-08-14 01:00:00,QLD1,,5863.52,0.0,0.0
2026-08-14 01:00:00,SA1,,1530.09,0.0,0.0
2026-08-14 01:00:00,TAS1,,950.0,0.0,0.0
2026-08-14 01:00:00,VIC1,,5573.74,0.0,0.0
2026-08-14 01:30:00,NSW1,,8025.18,0.0,0.0
2026-08-14 01:30:00,QLD1,,5724.54,0.0,0.0
2026-08-14 01:30:00,SA1,,1522.03,0.0,0.0
2026-08-14 01:30:00,TAS1,,946.0,0.0,0.0
2026-08-14 01:30:00,VIC1,,5413.47,0.0,0.0
2026-08-14 01:40:00,NSW1,7885.31,,,
2026-08-14 01:40:00,QLD1,5676.35,,,
2026-08-14 01:40:00,SA1,1472.7,,,
2026-08-14 01:40:00,TAS1,961.74,,,
2026-08-14 01:40:00,VIC1,5256.36,,,
2026-08-14 01:45:00,NSW1,7879.11,,,
2026-08-14 01:45:00,QLD1,5647.78,,,
2026-08-14 01:45:00,SA1,1479.87,,,
2026-08-14 01:45:00,TAS1,961.5,,,
2026-08-14 01:45:00,VIC1,5218.95,,,
2026-08-14 02:00:00,NSW1,,7792.35,0.0,0.0
2026-08-14 02:00:00,QLD1,,5668.19,0.0,0.0
2026-08-14 02:00:00,SA1,,1478.42,0.0,0.0
2026-08-14 02:00:00,TAS1,,936.0,0.0,0.0
2026-08-14 02:00:00,VIC1,,5234.04,0.0,0.0
2026-08-14 02:30:00,NSW1,7643.58,7689.59,0.0,0.0
2026-08-14 02:30:00,QLD1,5598.92,5610.82,0.0,0.0
2026-08-14 02:30:00,SA1,1435.64,1451.32,0.0,0.0
2026-08-14 02:30:00,TAS1,969.56,928.0,0.0,0.0
2026-08-14 02:30:00,VIC1,5080.43,5125.58,0.0,0.0
2026-08-14 02:35:00,NSW1,7573.46,,,
2026-08-14 02:35:00,QLD1,5609.01,,,
2026-08-14 02:35:00,SA1,1422.41,,,
2026-08-14 02:35:00,TAS1,982.97,,,
2026-08-14 02:35:00,VIC1,5050.53,,,
2026-08-14 03:00:00,NSW1,,7556.74,0.0,0.0
2026-08-14 03:00:00,QLD1,,5564.51,0.0,0.0
2026-08-14 03:00:00,SA1,,1421.36,0.0,0.0
2026-08-14 03:00:00,TAS1,,970.0,0.0,0.0
2026-08-14 03:00:00,VIC1,,5068.65,0.0,0.0
2026-08-14 03:30:00,NSW1,7454.77,7523.71,0.0,0.0
2026-08-14 03:30:00,QLD1,5636.98,5591.97,0.0,0.0
2026-08-14 03:30:00,SA1,1382.95,1388.36,0.0,0.0
2026-08-14 03:30:00,TAS1,1005.9,967.0,0.0,0.0
2026-08-14 03:30:00,VIC1,4964.08,4967.69,0.0,0.0
2026-08-14 03:35:00,NSW1,7467.07,,,
2026-08-14 03:35:00,QLD1,5660.02,,,
2026-08-14 03:35:00,SA1,1399.23,,,
2026-08-14 03:35:00,TAS1,987.65,,,
2026-08-14 03:35:00,VIC1,4974.13,,,
2026-08-14 04:00:00,NSW1,,7441.91,,0.0
2026-08-14 04:00:00,QLD1,,5634.2,,0.0
2026-08-14 04:00:00,SA1,,1382.65,,0.0
2026-08-14 04:00:00,TAS1,,972.0,,0.0
2026-08-14 04:00:00,VIC1,,4923.37,,0.0
2026-08-14 04:30:00,NSW1,7598.45,7634.05,0.0,0.0
2026-08-14 04:30:00,QLD1,5799.87,5757.84,0.0,0.0
2026-08-14 04:30:00,SA1,1354.1,1366.58,0.0,0.0
2026-08-14 04:30:00,TAS1,1036.53,973.0,0.0,0.0
2026-08-14 04:30:00,VIC1,4976.77,4989.09,0.0,0.0
2026-08-14 04:35:00,NSW1,7663.97,,,
2026-08-14 04:35:00,QLD1,5766.54,,,
2026-08-14 04:35:00,SA1,1352.09,,,
2026-08-14 04:35:00,TAS1,1044.0,,,
2026-08-14 04:35:00,VIC1,5034.58,,,
2026-08-14 05:00:00,NSW1,,7724.06,0.0,0.0
2026-08-14 05:00:00,QLD1,,5895.76,0.0,0.0
2026-08-14 05:00:00,SA1,,1369.63,0.0,0.0
2026-08-14 05:00:00,TAS1,,985.0,0.0,0.0
2026-08-14 05:00:00,VIC1,,5065.25,0.0,0.0
2026-08-14 05:30:00,NSW1,,8038.79,0.0,0.0
2026-08-14 05:30:00,QLD1,,6112.61,0.0,0.0
2026-08-14 05:30:00,SA1,,1377.97,0.0,0.0
2026-08-14 05:30:00,TAS1,,1044.0,0.0,0.0
2026-08-14 05:30:00,VIC1,,5233.89,0.0,0.0
2026-08-14 05:35:00,NSW1,8233.95,,,
2026-08-14 05:35:00,QLD1,6293.58,,,
2026-08-14 05:35:00,SA1,1378.09,,,
2026-08-14 05:35:00,TAS1,1079.61,,,
2026-08-14 05:35:00,VIC1,5432.92,,,
2026-08-14 05:40:00,NSW1,8415.19,,,
2026-08-14 05:40:00,QLD1,6319.52,,,
2026-08-14 05:40:00,SA1,1346.91,,,
2026-08-14 05:40:00,TAS1,1098.55,,,
2026-08-14 05:40:00,VIC1,5410.25,,,
2026-08-14 06:00:00,NSW1,,8456.96,0.0,0.0
2026-08-14 06:00:00,QLD1,,6348.45,0.0,0.0
2026-08-14 06:00:00,SA1,,1394.18,0.0,0.0
2026-08-14 06:00:00,TAS1,,1074.0,0.0,0.0
2026-08-14 06:00:00,VIC1,,5552.72,0.0,0.0
2026-08-14 06:05:00,NSW1,8737.05,,,
2026-08-14 06:05:00,QLD1,6556.94,,,
2026-08-14 06:05:00,SA1,1415.33,,,
2026-08-14 06:05:00,TAS1,1121.86,,,
2026-08-14 06:05:00,VIC1,5714.76,,,
2026-08-14 06:10:00,NSW1,8965.87,,,
2026-08-14 06:10:00,QLD1,6600.64,,,
2026-08-14 06:10:00,SA1,1377.3,,,
2026-08-14 06:10:00,TAS1,1111.4,,,
2026-08-14 06:10:00,VIC1,5857.19,,,
2026-08-14 06:30:00,NSW1,,9089.69,7.889,0.0
2026-08-14 06:30:00,QLD1,,6745.17,52.106,0.0
2026-08-14 06:30:00,SA1,,1385.24,0.0,0.0
2026-08-14 06:30:00,TAS1,,1136.0,0.0,0.0
2026-08-14 06:30:00,VIC1,,5940.04,0.0,0.0
2026-08-14 06:55:00,NSW1,9980.1,,,
2026-08-14 06:55:00,QLD1,7052.93,,,
2026-08-14 06:55:00,SA1,1547.91,,,
2026-08-14 06:55:00,TAS1,1216.5,,,
2026-08-14 06:55:00,VIC1,6599.67,,,
2026-08-14 07:00:00,NSW1,9984.19,9780.78,175.997,0.0
2026-08-14 07:00:00,QLD1,7071.64,6983.78,354.521,140.063
2026-08-14 07:00:00,SA1,1579.15,1442.35,0.0,0.0
2026-08-14 07:00:00,TAS1,1223.3,1172.0,0.109,0.0
2026-08-14 07:00:00,VIC1,6727.38,6470.4,1.165,0.0
2026-08-14 07:30:00,NSW1,,10144.88,648.699,323.873
2026-08-14 07:30:00,QLD1,,7001.97,898.671,544.691
2026-08-14 07:30:00,SA1,,1581.85,9.464,0.0
2026-08-14 07:30:00,TAS1,,1220.0,7.754,0.0
2026-08-14 07:30:00,VIC1,,6935.25,112.059,0.0
2026-08-14 07:45:00,NSW1,10108.43,,,
2026-08-14 07:45:00,QLD1,6591.97,,,
2026-08-14 07:45:00,SA1,1717.49,,,
2026-08-14 07:45:00,TAS1,1281.81,,,
2026-08-14 07:45:00,VIC1,7218.97,,,
2026-08-14 07:50:00,NSW1,10014.33,,,
2026-08-14 07:50:00,QLD1,6480.69,,,
2026-08-14 07:50:00,SA1,1726.74,,,
2026-08-14 07:50:00,TAS1,1276.33,,,
2026-08-14 07:50:00,VIC1,7166.99,,,
2026-08-14 08:00:00,NSW1,,10214.15,1252.976,912.114
2026-08-14 08:00:00,QLD1,,6625.01,1514.68,1194.27
2026-08-14 08:00:00,SA1,,1644.3,96.601,20.99
2026-08-14 08:00:00,TAS1,,1268.0,25.638,14.645
2026-08-14 08:00:00,VIC1,,7181.12,301.272,127.28
2026-08-14 08:20:00,NSW1,9528.85,,,
2026-08-14 08:20:00,QLD1,5854.41,,,
2026-08-14 08:20:00,SA1,1681.86,,,
2026-08-14 08:20:00,TAS1,1246.35,,,
2026-08-14 08:20:00,VIC1,7195.71,,,
2026-08-14 08:25:00,NSW1,9335.09,,,
2026-08-14 08:25:00,QLD1,5760.78,,,
2026-08-14 08:25:00,SA1,1677.16,,,
2026-08-14 08:25:00,TAS1,1233.93,,,
2026-08-14 08:25:00,VIC1,7187.68,,,
2026-08-14 08:30:00,NSW1,,9632.21,1869.516,1579.999
2026-08-14 08:30:00,QLD1,,6051.32,2145.827,2100.918
2026-08-14 08:30:00,SA1,,1727.69,215.011,98.528
2026-08-14 08:30:00,TAS1,,1232.0,48.557,37.917
2026-08-14 08:30:00,VIC1,,7231.19,537.454,329.687
2026-08-14 09:00:00,NSW1,,8853.28,2461.784,2500.041
2026-08-14 09:00:00,QLD1,,5440.28,2740.496,2916.379
2026-08-14 09:00:00,SA1,,1582.57,354.658,228.331
2026-08-14 09:00:00,TAS1,,1173.0,69.467,60.881
2026-08-14 09:00:00,VIC1,,7000.89,779.414,561.289
2026-08-14 09:05:00,NSW1,8506.14,,,
2026-08-14 09:05:00,QLD1,5063.03,,,
2026-08-14 09:05:00,SA1,1610.08,,,
2026-08-14 09:05:00,TAS1,1163.73,,,
2026-08-14 09:05:00,VIC1,6965.26,,,
2026-08-14 09:10:00,NSW1,8420.82,,,
2026-08-14 09:10:00,QLD1,4971.97,,,
2026-08-14 09:10:00,SA1,1560.59,,,
2026-08-14 09:10:00,TAS1,1159.77,,,
2026-08-14 09:10:00,VIC1,6879.19,,,
2026-08-14 09:30:00,NSW1,,8313.92,,3089.19
2026-08-14 09:30:00,QLD1,,4918.18,,3514.646
2026-08-14 09:30:00,SA1,,1604.01,,401.756
2026-08-14 09:30:00,TAS1,,1152.0,,86.492
2026-08-14 09:30:00,VIC1,,6924.02,,738.204
2026-08-14 09:50:00,NSW1,7720.74,,,
2026-08-14 09:50:00,QLD1,4402.26,,,
2026-08-14 09:50:00,SA1,1444.18,,,
2026-08-14 09:50:00,TAS1,1077.05,,,
2026-08-14 09:50:00,VIC1,6337.48,,,
2026-08-14 09:55:00,NSW1,7679.1,,,
2026-08-14 09:55:00,QLD1,4371.01,,,
2026-08-14 09:55:00,SA1,1445.07,,,
2026-08-14 09:55:00,TAS1,1081.11,,,
2026-08-14 09:55:00,VIC1,6297.54,,,
2026-08-14 10:00:00,NSW1,,7738.78,3464.169,3606.519
2026-08-14 10:00:00,QLD1,,4564.21,3721.331,4017.368
2026-08-14 10:00:00,SA1,,1478.62,600.742,477.079
2026-08-14 10:00:00,TAS1,,1072.0,106.483,114.562
2026-08-14 10:00:00,VIC1,,6579.56,1222.839,923.605
2026-08-14 10:30:00,NSW1,,7289.15,3823.529,4008.8
2026-08-14 10:30:00,QLD1,,4241.02,4064.137,4379.942
2026-08-14 10:30:00,SA1,,1381.87,710.55,625.3
2026-08-14 10:30:00,TAS1,,1056.0,119.792,131.089
2026-08-14 10:30:00,VIC1,,6351.8,1431.124,1068.902
2026-08-14 11:00:00,NSW1,,6948.34,,4262.384
2026-08-14 11:00:00,QLD1,,4009.8,,4575.314
2026-08-14 11:00:00,SA1,,1348.09,,739.653
2026-08-14 11:00:00,TAS1,,1050.0,,155.787
2026-08-14 11:00:00,VIC1,,5858.98,,1253.396
2026-08-14 11:20:00,NSW1,6546.38,,,
2026-08-14 11:20:00,QLD1,3845.35,,,
2026-08-14 11:20:00,SA1,1263.2,,,
2026-08-14 11:20:00,TAS1,1043.13,,,
2026-08-14 11:20:00,VIC1,5745.95,,,
2026-08-14 11:25:00,NSW1,6493.7,,,
2026-08-14 11:25:00,QLD1,3964.49,,,
2026-08-14 11:25:00,SA1,1256.87,,,
2026-08-14 11:25:00,TAS1,1017.27,,,
2026-08-14 11:25:00,VIC1,5866.47,,,
2026-08-14 11:30:00,NSW1,,6554.94,,4492.527
2026-08-14 11:30:00,QLD1,,3878.68,,4778.972
2026-08-14 11:30:00,SA1,,1306.77,,833.85
2026-08-14 11:30:00,TAS1,,1031.0,,156.976
2026-08-14 11:30:00,VIC1,,5650.93,,1395.374
2026-08-14 12:00:00,NSW1,,6250.13,,4577.336
2026-08-14 12:00:00,QLD1,,3817.94,,4858.219
2026-08-14 12:00:00,SA1,,1233.71,,925.011
2026-08-14 12:00:00,TAS1,,1020.0,,153.936
2026-08-14 12:00:00,VIC1,,5570.48,,1427.824
2026-08-14 12:30:00,NSW1,,5876.51,4304.013,4574.936
2026-08-14 12:30:00,QLD1,,3654.76,4298.868,4860.353
2026-08-14 12:30:00,SA1,,1098.41,975.373,989.158
2026-08-14 12:30:00,TAS1,,1023.0,135.371,151.405
2026-08-14 12:30:00,VIC1,,5572.75,1676.516,1432.089
2026-08-14 13:00:00,NSW1,,5604.47,4163.054,4469.528
2026-08-14 13:00:00,QLD1,,3518.44,4120.538,4765.041
2026-08-14 13:00:00,SA1,,1008.91,987.696,1017.434
2026-08-14 13:00:00,TAS1,,1021.0,126.774,145.014
2026-08-14 13:00:00,VIC1,,5556.51,1629.485,1411.672
2026-08-14 13:30:00,NSW1,5793.82,5724.73,,4279.628
2026-08-14 13:30:00,QLD1,4149.8,4024.4,,4460.12
2026-08-14 13:30:00,SA1,1017.41,1104.22,,991.826
2026-08-14 13:30:00,TAS1,1004.32,975.0,,144.545
2026-08-14 13:30:00,VIC1,5502.3,5739.35,,1382.017
2026-08-14 13:35:00,NSW1,5764.7,,,
2026-08-14 13:35:00,QLD1,4131.25,,,
2026-08-14 13:35:00,SA1,1025.61,,,
2026-08-14 13:35:00,TAS1,1021.86,,,
2026-08-14 13:35:00,VIC1,5573.81,,,
2026-08-14 14:00:00,NSW1,,5975.06,3640.375,3991.232
2026-08-14 14:00:00,QLD1,,4200.88,3571.595,4112.881
2026-08-14 14:00:00,SA1,,952.18,872.697,950.807
2026-08-14 14:00:00,TAS1,,971.0,103.43,135.141
2026-08-14 14:00:00,VIC1,,5661.87,1496.116,1282.939
2026-08-14 14:30:00,NSW1,,6113.43,3233.486,3554.385
2026-08-14 14:30:00,QLD1,,4378.12,3204.695,3714.919
2026-08-14 14:30:00,SA1,,982.92,780.648,905.397
2026-08-14 14:30:00,TAS1,,987.0,89.903,115.273
2026-08-14 14:30:00,VIC1,,5660.23,1310.571,1165.404
2026-08-14 15:00:00,NSW1,,6157.95,,3054.9
2026-08-14 15:00:00,QLD1,,4641.31,,3167.262
2026-08-14 15:00:00,SA1,,1108.25,,799.565
2026-08-14 15:00:00,TAS1,,1039.0,,92.743
2026-08-14 15:00:00,VIC1,,5633.53,,1028.244
2026-08-14 15:15:00,NSW1,6561.1,,,
2026-08-14 15:15:00,QLD1,5035.41,,,
2026-08-14 15:15:00,SA1,1058.9,,,
2026-08-14 15:15:00,TAS1,1087.24,,,
2026-08-14 15:15:00,VIC1,5593.38,,,
2026-08-14 15:20:00,NSW1,6614.98,,,
2026-08-14 15:20:00,QLD1,5094.99,,,
2026-08-14 15:20:00,SA1,1079.25,,,
2026-08-14 15:20:00,TAS1,1086.18,,,
2026-08-14 15:20:00,VIC1,5638.88,,,
2026-08-14 15:30:00,NSW1,,6640.19,2197.001,2420.825
2026-08-14 15:30:00,QLD1,,4963.33,2298.426,2592.108
2026-08-14 15:30:00,SA1,,1066.03,615.669,672.051
2026-08-14 15:30:00,TAS1,,1058.0,63.418,71.778
2026-08-14 15:30:00,VIC1,,5669.92,907.937,868.574
2026-08-14 16:00:00,NSW1,,7272.77,1613.94,1742.071
2026-08-14 16:00:00,QLD1,,5507.9,1733.592,1940.909
2026-08-14 16:00:00,SA1,,1172.12,590.392,559.268
2026-08-14 16:00:00,TAS1,,1086.0,49.17,51.652
2026-08-14 16:00:00,VIC1,,5891.32,777.066,658.136
2026-08-14 16:30:00,NSW1,,7994.1,1004.433,1032.882
2026-08-14 16:30:00,QLD1,,6034.63,1122.801,1242.535
2026-08-14 16:30:00,SA1,,1181.61,494.854,424.24
2026-08-14 16:30:00,TAS1,,1155.0,31.807,32.887
2026-08-14 16:30:00,VIC1,,6168.17,549.403,449.101
2026-08-14 16:40:00,NSW1,8618.45,,,
2026-08-14 16:40:00,QLD1,6584.9,,,
2026-08-14 16:40:00,SA1,1290.72,,,
2026-08-14 16:40:00,TAS1,1193.92,,,
2026-08-14 16:40:00,VIC1,6521.73,,,
2026-08-14 16:45:00,NSW1,8726.05,,,
2026-08-14 16:45:00,QLD1,6686.59,,,
2026-08-14 16:45:00,SA1,1293.26,,,
2026-08-14 16:45:00,TAS1,1215.34,,,
2026-08-14 16:45:00,VIC1,6652.76,,,
2026-08-14 17:00:00,NSW1,,8681.32,432.396,80.327
2026-08-14 17:00:00,QLD1,,6554.16,544.874,479.486
2026-08-14 17:00:00,SA1,,1300.02,356.272,290.003
2026-08-14 17:00:00,TAS1,,1186.0,14.313,3.22
2026-08-14 17:00:00,VIC1,,6701.6,308.863,170.016
2026-08-14 17:30:00,NSW1,,9347.62,,0.0
2026-08-14 17:30:00,QLD1,,6938.28,,128.751
2026-08-14 17:30:00,SA1,,1421.22,,114.693
2026-08-14 17:30:00,TAS1,,1217.0,,1.466
2026-08-14 17:30:00,VIC1,,6880.58,,41.014
2026-08-14 18:00:00,NSW1,10022.37,9745.83,0.221,0.0
2026-08-14 18:00:00,QLD1,7256.85,7115.26,18.694,0.0
2026-08-14 18:00:00,SA1,1734.69,1585.35,66.217,12.259
2026-08-14 18:00:00,TAS1,1321.12,1270.0,0.0,0.0
2026-08-14 18:00:00,VIC1,7334.74,7175.25,6.558,0.0
2026-08-14 18:05:00,NSW1,9963.0,,,
2026-08-14 18:05:00,QLD1,7235.46,,,
2026-08-14 18:05:00,SA1,1766.37,,,
2026-08-14 18:05:00,TAS1,1328.26,,,
2026-08-14 18:05:00,VIC1,7301.38,,,
2026-08-14 18:30:00,NSW1,,9958.83,0.0,0.0
2026-08-14 18:30:00,QLD1,,7229.63,0.0,0.0
2026-08-14 18:30:00,SA1,,1755.35,3.806,0.0
2026-08-14 18:30:00,TAS1,,1281.0,0.0,0.0
2026-08-14 18:30:00,VIC1,,7310.37,0.0,0.0
2026-08-14 19:00:00,NSW1,,9937.63,0.0,0.0
2026-08-14 19:00:00,QLD1,,7234.18,0.0,0.0
2026-08-14 19:00:00,SA1,,1865.12,0.0,0.0
2026-08-14 19:00:00,TAS1,,1296.0,0.0,0.0
2026-08-14 19:00:00,VIC1,,7351.36,0.0,0.0
2026-08-14 19:10:00,NSW1,9887.12,,,
2026-08-14 19:10:00,QLD1,7122.62,,,
2026-08-14 19:10:00,SA1,1886.29,,,
2026-08-14 19:10:00,TAS1,1315.8,,,
2026-08-14 19:10:00,VIC1,7302.33,,,
2026-08-14 19:15:00,NSW1,9861.35,,,
2026-08-14 19:15:00,QLD1,7069.01,,,
2026-08-14 19:15:00,SA1,1891.4,,,
2026-08-14 19:15:00,TAS1,1316.32,,,
2026-08-14 19:15:00,VIC1,7346.71,,,
2026-08-14 19:30:00,NSW1,,9839.19,0.0,0.0
2026-08-14 19:30:00,QLD1,,7076.41,0.0,0.0
2026-08-14 19:30:00,SA1,,1891.75,0.0,0.0
2026-08-14 19:30:00,TAS1,,1282.0,0.0,0.0
2026-08-14 19:30:00,VIC1,,7268.31,0.0,0.0
2026-08-14 20:00:00,NSW1,,9817.33,0.0,0.0
2026-08-14 20:00:00,QLD1,,7027.64,0.0,0.0
2026-08-14 20:00:00,SA1,,1902.61,0.0,0.0
2026-08-14 20:00:00,TAS1,,1271.0,0.0,0.0
2026-08-14 20:00:00,VIC1,,7171.02,0.0,0.0
2026-08-14 20:15:00,NSW1,9877.21,,,
2026-08-14 20:15:00,QLD1,6879.86,,,
2026-08-14 20:15:00,SA1,1898.7,,,
2026-08-14 20:15:00,TAS1,1305.91,,,
2026-08-14 20:15:00,VIC1,7020.94,,,
2026-08-14 20:20:00,NSW1,9798.71,,,
2026-08-14 20:20:00,QLD1,6832.15,,,
2026-08-14 20:20:00,SA1,1909.12,,,
2026-08-14 20:20:00,TAS1,1303.77,,,
2026-08-14 20:20:00,VIC1,7013.85,,,
2026-08-14 20:30:00,NSW1,,9753.65,0.0,0.0
2026-08-14 20:30:00,QLD1,,6877.23,0.0,0.0
2026-08-14 20:30:00,SA1,,1885.85,0.0,0.0
2026-08-14 20:30:00,TAS1,,1273.0,0.0,0.0
2026-08-14 20:30:00,VIC1,,7094.53,0.0,0.0
2026-08-14 21:00:00,NSW1,,9717.23,0.0,0.0
2026-08-14 21:00:00,QLD1,,6744.9,0.0,0.0
2026-08-14 21:00:00,SA1,,1874.08,0.0,0.0
2026-08-14 21:00:00,TAS1,,1252.0,0.0,0.0
2026-08-14 21:00:00,VIC1,,6926.96,0.0,0.0
2026-08-14 21:05:00,NSW1,9624.85,,,
2026-08-14 21:05:00,QLD1,6943.73,,,
2026-08-14 21:05:00,SA1,1845.15,,,
2026-08-14 21:05:00,TAS1,1286.72,,,
2026-08-14 21:05:00,VIC1,6865.0,,,
2026-08-14 21:10:00,NSW1,9599.85,,,
2026-08-14 21:10:00,QLD1,6989.35,,,
2026-08-14 21:10:00,SA1,1831.45,,,
2026-08-14 21:10:00,TAS1,1274.25,,,
2026-08-14 21:10:00,VIC1,6861.72,,,
2026-08-14 21:30:00,NSW1,,9468.65,0.0,0.0
2026-08-14 21:30:00,QLD1,,6871.12,0.0,0.0
2026-08-14 21:30:00,SA1,,1845.9,0.0,0.0
2026-08-14 21:30:00,TAS1,,1259.0,0.0,0.0
2026-08-14 21:30:00,VIC1,,6778.73,0.0,0.0
2026-08-14 21:50:00,NSW1,9286.27,,,
2026-08-14 21:50:00,QLD1,6793.94,,,
2026-08-14 21:50:00,SA1,1790.49,,,
2026-08-14 21:50:00,TAS1,1245.67,,,
2026-08-14 21:50:00,VIC1,6634.13,,,
2026-08-14 21:55:00,NSW1,9310.45,,,
2026-08-14 21:55:00,QLD1,6747.02,,,
2026-08-14 21:55:00,SA1,1782.2,,,
2026-08-14 21:55:00,TAS1,1239.8,,,
2026-08-14 21:55:00,VIC1,6608.98,,,
2026-08-14 22:00:00,NSW1,,9339.13,0.0,0.0
2026-08-14 22:00:00,QLD1,,6802.5,0.0,0.0
2026-08-14 22:00:00,SA1,,1797.13,0.0,0.0
2026-08-14 22:00:00,TAS1,,1213.0,0.0,0.0
2026-08-14 22:00:00,VIC1,,6628.93,0.0,0.0
2026-08-14 22:30:00,NSW1,,9224.24,0.0,0.0
2026-08-14 22:30:00,QLD1,,6664.76,0.0,0.0
2026-08-14 22:30:00,SA1,,1749.19,0.0,0.0
2026-08-14 22:30:00,TAS1,,1189.0,0.0,0.0
2026-08-14 22:30:00,VIC1,,6416.31,0.0,0.0
2026-08-14 22:40:00,NSW1,9067.89,,,
2026-08-14 22:40:00,QLD1,6472.67,,,
2026-08-14 22:40:00,SA1,1680.25,,,
2026-08-14 22:40:00,TAS1,1193.88,,,
2026-08-14 22:40:00,VIC1,6313.04,,,
2026-08-14 22:45:00,NSW1,9003.14,,,
2026-08-14 22:45:00,QLD1,6410.22,,,
2026-08-14 22:45:00,SA1,1656.46,,,
2026-08-14 22:45:00,TAS1,1190.64,,,
2026-08-14 22:45:00,VIC1,6312.78,,,
2026-08-14 23:00:00,NSW1,,9009.2,0.0,0.0
2026-08-14 23:00:00,QLD1,,6446.42,0.0,0.0
2026-08-14 23:00:00,SA1,,1669.12,0.0,0.0
2026-08-14 23:00:00,TAS1,,1170.0,0.0,0.0
2026-08-14 23:00:00,VIC1,,6220.5,0.0,0.0
2026-08-14 23:30:00,NSW1,,8836.26,0.0,0.0
2026-08-14 23:30:00,QLD1,,6214.19,0.0,0.0
2026-08-14 23:30:00,SA1,,1581.81,0.0,0.0
2026-08-14 23:30:00,TAS1,,1137.0,0.0,0.0
2026-08-14 23:30:00,VIC1,,6186.17,0.0,0.0
2026-08-15 00:00:00,NSW1,8471.46,8637.77,0.0,0.0
2026-08-15 00:00:00,QLD1,6033.27,6094.87,0.0,0.0
2026-08-15 00:00:00,SA1,1535.86,1577.59,0.0,0.0
2026-08-15 00:00:00,TAS1,1122.92,1110.0,0.0,0.0
2026-08-15 00:00:00,VIC1,5941.14,6026.31,0.0,0.0
2026-08-15 00:05:00,NSW1,8519.92,,,
2026-08-15 00:05:00,QLD1,6007.54,,,
2026-08-15 00:05:00,SA1,1537.81,,,
2026-08-15 00:05:00,TAS1,1120.28,,,
2026-08-15 00:05:00,VIC1,5940.27,,,
2026-08-15 00:30:00,NSW1,,8405.87,0.0,0.0
2026-08-15 00:30:00,QLD1,,5967.32,0.0,0.0
2026-08-15 00:30:00,SA1,,1527.06,0.0,0.0
2026-08-15 00:30:00,TAS1,,1089.0,0.0,0.0
2026-08-15 00:30:00,VIC1,,5870.72,0.0,0.0
2026-08-15 00:55:00,NSW1,8322.0,,,
2026-08-15 00:55:00,QLD1,5744.33,,,
2026-08-15 00:55:00,SA1,1519.3,,,
2026-08-15 00:55:00,TAS1,1108.44,,,
2026-08-15 00:55:00,VIC1,5621.94,,,
2026-08-15 01:00:00,NSW1,8272.06,8358.29,0.0,0.0
2026-08-15 01:00:00,QLD1,5688.72,5792.97,0.0,0.0
2026-08-15 01:00:00,SA1,1511.89,1527.62,0.0,0.0
2026-08-15 01:00:00,TAS1,1104.0,1083.0,0.0,0.0
2026-08-15 01:00:00,VIC1,5643.73,5724.85,0.0,0.0
2026-08-15 01:30:00,NSW1,,8128.71,0.0,0.0
2026-08-15 01:30:00,QLD1,,5679.87,0.0,0.0
2026-08-15 01:30:00,SA1,,1493.82,0.0,0.0
2026-08-15 01:30:00,TAS1,,1078.0,0.0,0.0
2026-08-15 01:30:00,VIC1,,5528.56,0.0,0.0
2026-08-15 01:55:00,NSW1,7726.17,,,
2026-08-15 01:55:00,QLD1,5570.52,,,
2026-08-15 01:55:00,SA1,1463.86,,,
2026-08-15 01:55:00,TAS1,1068.52,,,
2026-08-15 01:55:00,VIC1,5330.65,,,
2026-08-15 02:00:00,NSW1,7714.53,7857.46,0.0,0.0
2026-08-15 02:00:00,QLD1,5581.3,5567.86,0.0,0.0
2026-08-15 02:00:00,SA1,1453.18,1463.73,0.0,0.0
2026-08-15 02:00:00,TAS1,1078.54,1067.0,0.0,0.0
2026-08-15 02:00:00,VIC1,5295.82,5386.48,0.0,0.0
2026-08-15 02:30:00,NSW1,,7620.18,0.0,0.0
2026-08-15 02:30:00,QLD1,,5533.83,0.0,0.0
2026-08-15 02:30:00,SA1,,1446.88,0.0,0.0
2026-08-15 02:30:00,TAS1,,971.0,0.0,0.0
2026-08-15 02:30:00,VIC1,,5228.99,0.0,0.0
2026-08-15 02:50:00,NSW1,7527.71,,,
2026-08-15 02:50:00,QLD1,5446.93,,,
2026-08-15 02:50:00,SA1,1425.69,,,
2026-08-15 02:50:00,TAS1,1061.53,,,
2026-08-15 02:50:00,VIC1,5136.47,,,
2026-08-15 02:55:00,NSW1,7470.75,,,
2026-08-15 02:55:00,QLD1,5463.34,,,
2026-08-15 02:55:00,SA1,1430.59,,,
2026-08-15 02:55:00,TAS1,1064.82,,,
2026-08-15 02:55:00,VIC1,5129.83,,,
2026-08-15 03:00:00,NSW1,,7501.23,0.0,0.0
2026-08-15 03:00:00,QLD1,,5480.04,0.0,0.0
2026-08-15 03:00:00,SA1,,1420.66,0.0,0.0
2026-08-15 03:00:00,TAS1,,1036.0,0.0,0.0
2026-08-15 03:00:00,VIC1,,5073.51,0.0,0.0
2026-08-15 03:30:00,NSW1,,7397.79,0.0,0.0
2026-08-15 03:30:00,QLD1,,5465.98,0.0,0.0
2026-08-15 03:30:00,SA1,,1423.93,0.0,0.0
2026-08-15 03:30:00,TAS1,,1041.0,0.0,0.0
2026-08-15 03:30:00,VIC1,,5070.69,0.0,0.0
2026-08-15 03:35:00,NSW1,7352.54,,,
2026-08-15 03:35:00,QLD1,5470.72,,,
2026-08-15 03:35:00,SA1,1410.09,,,
2026-08-15 03:35:00,TAS1,1088.31,,,
2026-08-15 03:35:00,VIC1,5040.37,,,
2026-08-15 03:40:00,NSW1,7340.34,,,
2026-08-15 03:40:00,QLD1,5495.13,,,
2026-08-15 03:40:00,SA1,1386.06,,,
2026-08-15 03:40:00,TAS1,1087.75,,,
2026-08-15 03:40:00,VIC1,4951.33,,,
2026-08-15 04:00:00,NSW1,,7331.21,0.0,0.0
2026-08-15 04:00:00,QLD1,,5464.76,0.0,0.0
2026-08-15 04:00:00,SA1,,1425.29,0.0,0.0
2026-08-15 04:00:00,TAS1,,1064.0,0.0,0.0
2026-08-15 04:00:00,VIC1,,5039.47,0.0,0.0
2026-08-15 04:30:00,NSW1,7341.12,7311.48,0.0,0.0
2026-08-15 04:30:00,QLD1,5548.48,5510.46,0.0,0.0
2026-08-15 04:30:00,SA1,1320.79,1363.45,0.0,0.0
2026-08-15 04:30:00,TAS1,973.18,1071.0,0.0,0.0
2026-08-15 04:30:00,VIC1,4995.05,5000.44,0.0,0.0
2026-08-15 04:35:00,NSW1,7220.38,,,
2026-08-15 04:35:00,QLD1,5576.25,,,
2026-08-15 04:35:00,SA1,1305.71,,,
2026-08-15 04:35:00,TAS1,970.92,,,
2026-08-15 04:35:00,VIC1,5030.78,,,
2026-08-15 05:00:00,NSW1,,7321.29,0.0,0.0
2026-08-15 05:00:00,QLD1,,5594.65,0.0,0.0
2026-08-15 05:00:00,SA1,,1327.66,0.0,0.0
2026-08-15 05:00:00,TAS1,,995.0,0.0,0.0
2026-08-15 05:00:00,VIC1,,5018.92,0.0,0.0
2026-08-15 05:25:00,NSW1,7572.79,,,
2026-08-15 05:25:00,QLD1,5711.68,,,
2026-08-15 05:25:00,SA1,1249.43,,,
2026-08-15 05:25:00,TAS1,1075.58,,,
2026-08-15 05:25:00,VIC1,5170.0,,,
2026-08-15 05:30:00,NSW1,7524.02,7417.16,0.0,0.0
2026-08-15 05:30:00,QLD1,5749.1,5679.92,0.0,0.0
2026-08-15 05:30:00,SA1,1242.98,1285.59,0.0,0.0
2026-08-15 05:30:00,TAS1,1084.54,962.0,0.0,0.0
2026-08-15 05:30:00,VIC1,5172.04,5161.81,0.0,0.0
2026-08-15 06:00:00,NSW1,7638.76,7669.98,0.0,0.0
2026-08-15 06:00:00,QLD1,5953.47,5828.39,0.0,0.0
2026-08-15 06:00:00,SA1,1260.95,1253.8,0.0,0.0
2026-08-15 06:00:00,TAS1,1119.12,998.0,0.0,0.0
2026-08-15 06:00:00,VIC1,5218.14,5256.71,0.0,0.0
2026-08-15 06:05:00,NSW1,7739.09,,,
2026-08-15 06:05:00,QLD1,5871.72,,,
2026-08-15 06:05:00,SA1,1276.17,,,
2026-08-15 06:05:00,TAS1,1121.0,,,
2026-08-15 06:05:00,VIC1,5333.86,,,
2026-08-15 06:30:00,NSW1,,7890.82,8.323,0.0
2026-08-15 06:30:00,QLD1,,5999.99,52.126,0.0
2026-08-15 06:30:00,SA1,,1268.71,0.0,0.0
2026-08-15 06:30:00,TAS1,,1114.0,0.0,0.0
2026-08-15 06:30:00,VIC1,,5385.01,0.0,0.0
2026-08-15 06:35:00,NSW1,8045.72,,,
2026-08-15 06:35:00,QLD1,6125.83,,,
2026-08-15 06:35:00,SA1,1307.43,,,
2026-08-15 06:35:00,TAS1,1165.77,,,
2026-08-15 06:35:00,VIC1,5470.13,,,
2026-08-15 06:40:00,NSW1,8151.79,,,
2026-08-15 06:40:00,QLD1,6123.47,,,
2026-08-15 06:40:00,SA1,1334.57,,,
2026-08-15 06:40:00,TAS1,1174.23,,,
2026-08-15 06:40:00,VIC1,5540.45,,,
2026-08-15 06:55:00,NSW1,8355.48,,,
2026-08-15 06:55:00,QLD1,6084.16,,,
2026-08-15 06:55:00,SA1,1372.53,,,
2026-08-15 06:55:00,TAS1,1192.84,,,
2026-08-15 06:55:00,VIC1,5727.21,,,
2026-08-15 07:00:00,NSW1,8427.63,8215.94,160.198,0.0
2026-08-15 07:00:00,QLD1,6019.09,6093.56,337.253,142.47
2026-08-15 07:00:00,SA1,1383.34,1297.93,0.0,0.0
2026-08-15 07:00:00,TAS1,1185.22,1144.0,0.148,0.0
2026-08-15 07:00:00,VIC1,5754.63,5694.03,2.98,0.0
2026-08-15 07:25:00,NSW1,8629.83,,,
2026-08-15 07:25:00,QLD1,5882.14,,,
2026-08-15 07:25:00,SA1,1411.92,,,
2026-08-15 07:25:00,TAS1,1199.78,,,
2026-08-15 07:25:00,VIC1,5902.99,,,
2026-08-15 07:30:00,NSW1,8584.01,8595.52,528.416,277.369
2026-08-15 07:30:00,QLD1,5820.77,5969.02,844.63,532.474
2026-08-15 07:30:00,SA1,1425.71,1368.96,6.559,0.0
2026-08-15 07:30:00,TAS1,1203.13,1176.0,8.227,0.0
2026-08-15 07:30:00,VIC1,5926.72,5903.79,114.21,0.0
2026-08-15 07:50:00,NSW1,8572.62,,,
2026-08-15 07:50:00,QLD1,5508.29,,,
2026-08-15 07:50:00,SA1,1453.94,,,
2026-08-15 07:50:00,TAS1,1239.24,,,
2026-08-15 07:50:00,VIC1,6065.28,,,
2026-08-15 07:55:00,NSW1,8615.59,,,
2026-08-15 07:55:00,QLD1,5380.29,,,
2026-08-15 07:55:00,SA1,1444.06,,,
2026-08-15 07:55:00,TAS1,1254.73,,,
2026-08-15 07:55:00,VIC1,6057.19,,,
2026-08-15 08:00:00,NSW1,,8615.66,973.058,729.239
2026-08-15 08:00:00,QLD1,,5676.66,1415.26,1146.831
2026-08-15 08:00:00,SA1,,1414.86,85.416,26.496
2026-08-15 08:00:00,TAS1,,1204.0,25.019,15.773
2026-08-15 08:00:00,VIC1,,6015.11,352.546,162.569
2026-08-15 08:05:00,NSW1,8530.97,,,
2026-08-15 08:05:00,QLD1,5372.04,,,
2026-08-15 08:05:00,SA1,1446.57,,,
2026-08-15 08:05:00,TAS1,1251.95,,,
2026-08-15 08:05:00,VIC1,5998.29,,,
2026-08-15 08:10:00,NSW1,8602.35,,,
2026-08-15 08:10:00,QLD1,5338.32,,,
2026-08-15 08:10:00,SA1,1460.48,,,
2026-08-15 08:10:00,TAS1,1264.17,,,
2026-08-15 08:10:00,VIC1,6015.28,,,
2026-08-15 08:30:00,NSW1,8270.7,8458.15,1424.22,1281.269
2026-08-15 08:30:00,QLD1,5053.74,5216.9,2039.172,1893.249
2026-08-15 08:30:00,SA1,1446.0,1422.83,248.985,114.384
2026-08-15 08:30:00,TAS1,1268.36,1233.0,49.073,40.548
2026-08-15 08:30:00,VIC1,6057.17,6131.3,668.742,460.469
2026-08-15 08:35:00,NSW1,8283.64,,,
2026-08-15 08:35:00,QLD1,4999.05,,,
2026-08-15 08:35:00,SA1,1433.32,,,
2026-08-15 08:35:00,TAS1,1260.53,,,
2026-08-15 08:35:00,VIC1,6040.87,,,
2026-08-15 08:50:00,NSW1,8101.84,,,
2026-08-15 08:50:00,QLD1,4882.14,,,
2026-08-15 08:50:00,SA1,1376.56,,,
2026-08-15 08:50:00,TAS1,1234.51,,,
2026-08-15 08:50:00,VIC1,5891.67,,,
2026-08-15 08:55:00,NSW1,8135.47,,,
2026-08-15 08:55:00,QLD1,4765.42,,,
2026-08-15 08:55:00,SA1,1358.9,,,
2026-08-15 08:55:00,TAS1,1230.33,,,
2026-08-15 08:55:00,VIC1,5920.1,,,
2026-08-15 09:00:00,NSW1,,8114.26,1839.434,1546.964
2026-08-15 09:00:00,QLD1,,4865.64,2625.767,2623.272
2026-08-15 09:00:00,SA1,,1425.43,440.18,251.913
2026-08-15 09:00:00,TAS1,,1244.0,72.937,65.768
2026-08-15 09:00:00,VIC1,,6056.33,956.91,797.285
2026-08-15 09:10:00,NSW1,8159.46,,,
2026-08-15 09:10:00,QLD1,4646.66,,,
2026-08-15 09:10:00,SA1,1302.61,,,
2026-08-15 09:10:00,TAS1,1220.86,,,
2026-08-15 09:10:00,VIC1,5851.02,,,
2026-08-15 09:15:00,NSW1,8026.6,,,
2026-08-15 09:15:00,QLD1,4585.48,,,
2026-08-15 09:15:00,SA1,1274.85,,,
2026-08-15 09:15:00,TAS1,1215.63,,,
2026-08-15 09:15:00,VIC1,5830.28,,,
2026-08-15 09:30:00,NSW1,,7891.0,,2045.497
2026-08-15 09:30:00,QLD1,,4590.89,,3101.32
2026-08-15 09:30:00,SA1,,1302.43,,447.541
2026-08-15 09:30:00,TAS1,,1205.0,,97.615
2026-08-15 09:30:00,VIC1,,5835.65,,1457.583
2026-08-15 09:35:00,NSW1,7871.11,,,
2026-08-15 09:35:00,QLD1,4372.35,,,
2026-08-15 09:35:00,SA1,1143.51,,,
2026-08-15 09:35:00,TAS1,1182.24,,,
2026-08-15 09:35:00,VIC1,5647.29,,,
2026-08-15 09:40:00,NSW1,7900.89,,,
2026-08-15 09:40:00,QLD1,4271.16,,,
2026-08-15 09:40:00,SA1,1146.38,,,
2026-08-15 09:40:00,TAS1,1178.71,,,
2026-08-15 09:40:00,VIC1,5632.2,,,
2026-08-15 09:55:00,NSW1,7987.66,,,
2026-08-15 09:55:00,QLD1,4101.47,,,
2026-08-15 09:55:00,SA1,1041.05,,,
2026-08-15 09:55:00,TAS1,1157.67,,,
2026-08-15 09:55:00,VIC1,5436.12,,,
2026-08-15 10:00:00,NSW1,7988.94,7564.28,2291.123,2448.576
2026-08-15 10:00:00,QLD1,4089.21,4238.57,3418.933,3473.258
2026-08-15 10:00:00,SA1,998.27,1184.1,819.241,589.373
2026-08-15 10:00:00,TAS1,1144.89,1171.0,115.896,127.884
2026-08-15 10:00:00,VIC1,5397.61,5513.56,1436.421,1785.092
2026-08-15 10:30:00,NSW1,,7324.26,2305.726,2853.72
2026-08-15 10:30:00,QLD1,,4019.45,3522.044,3742.749
2026-08-15 10:30:00,SA1,,1100.58,974.86,739.899
2026-08-15 10:30:00,TAS1,,1144.0,134.13,151.806
2026-08-15 10:30:00,VIC1,,5224.56,1550.47,2092.669
2026-08-15 11:00:00,NSW1,,7787.31,2499.425,2767.492
2026-08-15 11:00:00,QLD1,,3870.15,3508.526,4044.344
2026-08-15 11:00:00,SA1,,883.18,1138.241,981.701
2026-08-15 11:00:00,TAS1,,1072.0,150.045,174.664
2026-08-15 11:00:00,VIC1,,5081.59,1689.94,2332.974
2026-08-15 11:05:00,NSW1,7716.46,,,
2026-08-15 11:05:00,QLD1,3912.21,,,
2026-08-15 11:05:00,SA1,773.38,,,
2026-08-15 11:05:00,TAS1,979.36,,,
2026-08-15 11:05:00,VIC1,5017.69,,,
2026-08-15 11:10:00,NSW1,7889.51,,,
2026-08-15 11:10:00,QLD1,4116.67,,,
2026-08-15 11:10:00,SA1,731.36,,,
2026-08-15 11:10:00,TAS1,958.86,,,
2026-08-15 11:10:00,VIC1,5217.5,,,
2026-08-15 11:30:00,NSW1,,7623.42,2573.251,2703.702
2026-08-15 11:30:00,QLD1,,3911.96,3459.227,4169.785
2026-08-15 11:30:00,SA1,,804.76,1233.68,1132.75
2026-08-15 11:30:00,TAS1,,1003.0,159.755,191.964
2026-08-15 11:30:00,VIC1,,4952.51,1758.922,2460.693
2026-08-15 12:00:00,NSW1,,7760.53,2587.13,2692.334
2026-08-15 12:00:00,QLD1,,4120.71,3422.675,4161.792
2026-08-15 12:00:00,SA1,,659.1,1226.389,1228.201
2026-08-15 12:00:00,TAS1,,917.0,164.165,200.822
2026-08-15 12:00:00,VIC1,,5144.82,1775.146,2502.794
2026-08-15 12:15:00,NSW1,7892.22,,,
2026-08-15 12:15:00,QLD1,4301.54,,,
2026-08-15 12:15:00,SA1,818.07,,,
2026-08-15 12:15:00,TAS1,888.35,,,
2026-08-15 12:15:00,VIC1,4929.49,,,
2026-08-15 12:20:00,NSW1,7881.47,,,
2026-08-15 12:20:00,QLD1,4280.84,,,
2026-08-15 12:20:00,SA1,825.59,,,
2026-08-15 12:20:00,TAS1,883.07,,,
2026-08-15 12:20:00,VIC1,4927.86,,,
2026-08-15 12:30:00,NSW1,,7878.47,2537.921,2686.843
2026-08-15 12:30:00,QLD1,,4167.48,3269.952,4013.389
2026-08-15 12:30:00,SA1,,716.34,1164.875,1268.719
2026-08-15 12:30:00,TAS1,,894.0,164.745,203.627
2026-08-15 12:30:00,VIC1,,5042.93,1790.616,2513.341
2026-08-15 13:00:00,NSW1,7713.4,7690.35,2445.534,2518.711
2026-08-15 13:00:00,QLD1,4509.59,4314.86,3065.418,3839.819
2026-08-15 13:00:00,SA1,761.04,791.66,1140.62,1156.75
2026-08-15 13:00:00,TAS1,850.68,872.0,161.568,200.187
2026-08-15 13:00:00,VIC1,4826.8,4868.83,1752.7,2472.228
2026-08-15 13:05:00,NSW1,7674.09,,,
2026-08-15 13:05:00,QLD1,4576.09,,,
2026-08-15 13:05:00,SA1,765.67,,,
2026-08-15 13:05:00,TAS1,850.73,,,
2026-08-15 13:05:00,VIC1,4755.79,,,
2026-08-15 13:30:00,NSW1,,7628.28,2462.551,2700.744
2026-08-15 13:30:00,QLD1,,4455.04,2814.495,3527.856
2026-08-15 13:30:00,SA1,,755.73,1105.341,1094.818
2026-08-15 13:30:00,TAS1,,860.0,154.829,191.586
2026-08-15 13:30:00,VIC1,,4892.35,1739.917,2361.231
2026-08-15 13:45:00,NSW1,7533.48,,,
2026-08-15 13:45:00,QLD1,4588.74,,,
2026-08-15 13:45:00,SA1,633.78,,,
2026-08-15 13:45:00,TAS1,852.02,,,
2026-08-15 13:45:00,VIC1,4650.01,,,
2026-08-15 13:50:00,NSW1,7411.83,,,
2026-08-15 13:50:00,QLD1,4643.05,,,
2026-08-15 13:50:00,SA1,625.79,,,
2026-08-15 13:50:00,TAS1,857.02,,,
2026-08-15 13:50:00,VIC1,4658.7,,,
2026-08-15 14:00:00,NSW1,,7485.53,,2252.594
2026-08-15 14:00:00,QLD1,,4621.05,,3172.058
2026-08-15 14:00:00,SA1,,690.74,,965.155
2026-08-15 14:00:00,TAS1,,851.0,,176.987
2026-08-15 14:00:00,VIC1,,4664.12,,2189.103
2026-08-15 14:10:00,NSW1,7358.66,,,
2026-08-15 14:10:00,QLD1,4588.66,,,
2026-08-15 14:10:00,SA1,672.78,,,
2026-08-15 14:10:00,TAS1,867.16,,,
2026-08-15 14:10:00,VIC1,4652.15,,,
2026-08-15 14:15:00,NSW1,7412.94,,,
2026-08-15 14:15:00,QLD1,4591.4,,,
2026-08-15 14:15:00,SA1,680.59,,,
2026-08-15 14:15:00,TAS1,869.69,,,
2026-08-15 14:15:00,VIC1,4705.53,,,
2026-08-15 14:30:00,NSW1,,7371.12,,2269.174
2026-08-15 14:30:00,QLD1,,4714.64,,2711.305
2026-08-15 14:30:00,SA1,,637.22,,914.915
2026-08-15 14:30:00,TAS1,,865.0,,159.902
2026-08-15 14:30:00,VIC1,,4677.9,,1988.217
2026-08-15 15:00:00,NSW1,,7521.95,,1945.585
2026-08-15 15:00:00,QLD1,,4969.18,,2342.092
2026-08-15 15:00:00,SA1,,705.48,,833.077
2026-08-15 15:00:00,TAS1,,890.0,,131.813
2026-08-15 15:00:00,VIC1,,4726.48,,1734.952
2026-08-15 15:30:00,NSW1,,7767.47,,1559.992
2026-08-15 15:30:00,QLD1,,5288.67,,1918.283
2026-08-15 15:30:00,SA1,,815.75,,729.842
2026-08-15 15:30:00,TAS1,,919.0,,102.291
2026-08-15 15:30:00,VIC1,,4794.93,,1448.461
2026-08-15 16:00:00,NSW1,,8079.96,,1143.285
2026-08-15 16:00:00,QLD1,,5662.05,,1435.427
2026-08-15 16:00:00,SA1,,910.99,,609.019
2026-08-15 16:00:00,TAS1,,955.0,,72.781
2026-08-15 16:00:00,VIC1,,5027.99,,1114.006
2026-08-15 16:30:00,NSW1,,8475.54,,720.749
2026-08-15 16:30:00,QLD1,,6078.65,,931.685
2026-08-15 16:30:00,SA1,,1024.36,,465.75
2026-08-15 16:30:00,TAS1,,1003.0,,43.198
2026-08-15 16:30:00,VIC1,,5382.0,,749.157
2026-08-15 17:00:00,NSW1,,8937.18,,216.101
2026-08-15 17:00:00,QLD1,,6507.45,,378.789
2026-08-15 17:00:00,SA1,,1192.32,,329.667
2026-08-15 17:00:00,TAS1,,1072.0,,3.324
2026-08-15 17:00:00,VIC1,,5842.21,,339.022
2026-08-15 17:30:00,NSW1,,9356.16,,0.0
2026-08-15 17:30:00,QLD1,,6830.93,,96.048
2026-08-15 17:30:00,SA1,,1383.91,,162.074
2026-08-15 17:30:00,TAS1,,1135.0,,0.0
2026-08-15 17:30:00,VIC1,,6306.86,,96.919
2026-08-15 18:00:00,NSW1,,9781.76,,0.0
2026-08-15 18:00:00,QLD1,,7097.93,,0.0
2026-08-15 18:00:00,SA1,,1558.85,,15.395
2026-08-15 18:00:00,TAS1,,1193.0,,0.0
2026-08-15 18:00:00,VIC1,,6693.65,,0.0
2026-08-15 18:30:00,NSW1,,9944.58,,0.0
2026-08-15 18:30:00,QLD1,,7177.91,,0.0
2026-08-15 18:30:00,SA1,,1680.68,,0.0
2026-08-15 18:30:00,TAS1,,1219.0,,0.0
2026-08-15 18:30:00,VIC1,,6934.65,,0.0
2026-08-15 19:00:00,NSW1,,9886.27,,0.0
2026-08-15 19:00:00,QLD1,,7095.54,,0.0
2026-08-15 19:00:00,SA1,,1752.78,,0.0
2026-08-15 19:00:00,TAS1,,1219.0,,0.0
2026-08-15 19:00:00,VIC1,,6972.11,,0.0
2026-08-15 19:30:00,NSW1,,9789.51,,0.0
2026-08-15 19:30:00,QLD1,,6964.83,,0.0
2026-08-15 19:30:00,SA1,,1762.98,,0.0
2026-08-15 19:30:00,TAS1,,1211.0,,0.0
2026-08-15 19:30:00,VIC1,,6935.4,,0.0
2026-08-15 20:00:00,NSW1,,9673.59,,0.0
2026-08-15 20:00:00,QLD1,,6842.96,,0.0
2026-08-15 20:00:00,SA1,,1751.11,,0.0
2026-08-15 20:00:00,TAS1,,1202.0,,0.0
2026-08-15 20:00:00,VIC1,,6827.01,,0.0
2026-08-15 20:30:00,NSW1,,9579.14,,0.0
2026-08-15 20:30:00,QLD1,,6724.53,,0.0
2026-08-15 20:30:00,SA1,,1743.76,,0.0
2026-08-15 20:30:00,TAS1,,1200.0,,0.0
2026-08-15 20:30:00,VIC1,,6710.93,,0.0
2026-08-15 21:00:00,NSW1,,9457.78,,0.0
2026-08-15 21:00:00,QLD1,,6733.36,,0.0
2026-08-15 21:00:00,SA1,,1727.16,,0.0
2026-08-15 21:00:00,TAS1,,1191.0,,0.0
2026-08-15 21:00:00,VIC1,,6565.54,,0.0
2026-08-15 21:30:00,NSW1,,9285.91,,0.0
2026-08-15 21:30:00,QLD1,,6704.57,,0.0
2026-08-15 21:30:00,SA1,,1707.8,,0.0
2026-08-15 21:30:00,TAS1,,1185.0,,0.0
2026-08-15 21:30:00,VIC1,,6447.91,,0.0
2026-08-15 22:00:00,NSW1,,9081.8,,0.0
2026-08-15 22:00:00,QLD1,,6591.74,,0.0
2026-08-15 22:00:00,SA1,,1663.18,,0.0
2026-08-15 22:00:00,TAS1,,1168.0,,0.0
2026-08-15 22:00:00,VIC1,,6266.75,,0.0
2026-08-15 22:30:00,NSW1,,8877.35,,0.0
2026-08-15 22:30:00,QLD1,,6408.34,,0.0
2026-08-15 22:30:00,SA1,,1593.87,,0.0
2026-08-15 22:30:00,TAS1,,1147.0,,0.0
2026-08-15 22:30:00,VIC1,,6058.78,,0.0
2026-08-15 23:00:00,NSW1,,8657.12,,0.0
2026-08-15 23:00:00,QLD1,,6247.53,,0.0
2026-08-15 23:00:00,SA1,,1539.76,,0.0
2026-08-15 23:00:00,TAS1,,1119.0,,0.0
2026-08-15 23:00:00,VIC1,,5901.87,,0.0
2026-08-15 23:30:00,NSW1,,8450.36,,0.0
2026-08-15 23:30:00,QLD1,,6095.02,,0.0
2026-08-15 23:30:00,SA1,,1484.88,,0.0
2026-08-15 23:30:00,TAS1,,1095.0,,0.0
2026-08-15 23:30:00,VIC1,,5875.46,,0.0
2026-08-16 00:00:00,NSW1,,8232.94,,0.0
2026-08-16 00:00:00,QLD1,,5994.38,,0.0
2026-08-16 00:00:00,SA1,,1481.76,,0.0
2026-08-16 00:00:00,TAS1,,1076.0,,0.0
2026-08-16 00:00:00,VIC1,,5798.09,,0.0
2026-08-16 00:30:00,NSW1,,8122.26,,0.0
2026-08-16 00:30:00,QLD1,,5863.23,,0.0
2026-08-16 00:30:00,SA1,,1499.31,,0.0
2026-08-16 00:30:00,TAS1,,1065.0,,0.0
2026-08-16 00:30:00,VIC1,,5696.71,,0.0
2026-08-16 01:00:00,NSW1,,7977.48,,0.0
2026-08-16 01:00:00,QLD1,,5708.11,,0.0
2026-08-16 01:00:00,SA1,,1500.09,,0.0
2026-08-16 01:00:00,TAS1,,1056.0,,0.0
2026-08-16 01:00:00,VIC1,,5547.32,,0.0
2026-08-16 01:30:00,NSW1,,7772.81,,0.0
2026-08-16 01:30:00,QLD1,,5594.08,,0.0
2026-08-16 01:30:00,SA1,,1488.02,,0.0
2026-08-16 01:30:00,TAS1,,1053.0,,0.0
2026-08-16 01:30:00,VIC1,,5428.58,,0.0
2026-08-16 02:00:00,NSW1,,7565.31,,0.0
2026-08-16 02:00:00,QLD1,,5505.53,,0.0
2026-08-16 02:00:00,SA1,,1460.89,,0.0
2026-08-16 02:00:00,TAS1,,1052.0,,0.0
2026-08-16 02:00:00,VIC1,,5254.97,,0.0
2026-08-16 02:30:00,NSW1,,7397.88,,0.0
2026-08-16 02:30:00,QLD1,,5437.4,,0.0
2026-08-16 02:30:00,SA1,,1426.08,,0.0
2026-08-16 02:30:00,TAS1,,1058.0,,0.0
2026-08-16 02:30:00,VIC1,,5149.34,,0.0
2026-08-16 03:00:00,NSW1,,7279.41,,0.0
2026-08-16 03:00:00,QLD1,,5408.71,,0.0
2026-08-16 03:00:00,SA1,,1391.41,,0.0
2026-08-16 03:00:00,TAS1,,1067.0,,0.0
2026-08-16 03:00:00,VIC1,,5055.8,,0.0
2026-08-16 03:30:00,NSW1,,7214.1,,0.0
2026-08-16 03:30:00,QLD1,,5396.39,,0.0
2026-08-16 03:30:00,SA1,,1363.63,,0.0
2026-08-16 03:30:00,TAS1,,1075.0,,0.0
2026-08-16 03:30:00,VIC1,,4982.37,,0.0
2026-08-16 04:00:00,NSW1,,7190.32,,0.0
2026-08-16 04:00:00,QLD1,,5398.93,,0.0
2026-08-16 04:00:00,SA1,,1343.78,,0.0
2026-08-16 04:00:00,TAS1,,1077.0,,0.0
2026-08-16 04:00:00,VIC1,,4926.67,,0.0
2026-08-16 04:30:00,NSW1,,7164.55,,0.0
2026-08-16 04:30:00,QLD1,,5423.84,,0.0
2026-08-16 04:30:00,SA1,,1330.92,,0.0
2026-08-16 04:30:00,TAS1,,1081.0,,0.0
2026-08-16 04:30:00,VIC1,,4909.29,,0.0
2026-08-16 05:00:00,NSW1,,7165.7,,0.0
2026-08-16 05:00:00,QLD1,,5464.52,,0.0
2026-08-16 05:00:00,SA1,,1321.06,,0.0
2026-08-16 05:00:00,TAS1,,1085.0,,0.0
2026-08-16 05:00:00,VIC1,,4906.05,,0.0
2026-08-16 05:30:00,NSW1,,7244.05,,0.0
2026-08-16 05:30:00,QLD1,,5548.73,,0.0
2026-08-16 05:30:00,SA1,,1314.86,,0.0
2026-08-16 05:30:00,TAS1,,1092.0,,0.0
2026-08-16 05:30:00,VIC1,,4923.9,,0.0
2026-08-16 06:00:00,NSW1,,7343.63,,0.0
2026-08-16 06:00:00,QLD1,,5650.84,,0.0
2026-08-16 06:00:00,SA1,,1310.28,,0.0
2026-08-16 06:00:00,TAS1,,1099.0,,0.0
2026-08-16 06:00:00,VIC1,,5001.33,,0.0
2026-08-16 06:30:00,NSW1,,7638.25,,0.0
2026-08-16 06:30:00,QLD1,,5768.44,,0.0
2026-08-16 06:30:00,SA1,,1321.36,,0.0
2026-08-16 06:30:00,TAS1,,1117.0,,0.0
2026-08-16 06:30:00,VIC1,,5188.92,,0.0
2026-08-16 07:00:00,NSW1,,7949.08,,0.0
2026-08-16 07:00:00,QLD1,,5813.53,,119.27
2026-08-16 07:00:00,SA1,,1343.41,,0.0
2026-08-16 07:00:00,TAS1,,1140.0,,0.0
2026-08-16 07:00:00,VIC1,,5416.44,,0.0
2026-08-16 07:30:00,NSW1,,8122.49,,204.298
2026-08-16 07:30:00,QLD1,,5698.75,,480.755
2026-08-16 07:30:00,SA1,,1380.04,,0.0
2026-08-16 07:30:00,TAS1,,1180.0,,0.0
2026-08-16 07:30:00,VIC1,,5610.87,,0.0
2026-08-16 08:00:00,NSW1,,8195.47,,624.882
2026-08-16 08:00:00,QLD1,,5391.92,,1058.263
2026-08-16 08:00:00,SA1,,1405.95,,22.851
2026-08-16 08:00:00,TAS1,,1214.0,,15.498
2026-08-16 08:00:00,VIC1,,5771.3,,108.401
2026-08-16 08:30:00,NSW1,,8177.16,,1114.119
2026-08-16 08:30:00,QLD1,,5063.55,,1711.652
2026-08-16 08:30:00,SA1,,1384.73,,128.034
2026-08-16 08:30:00,TAS1,,1221.0,,42.24
2026-08-16 08:30:00,VIC1,,5813.69,,373.894
2026-08-16 09:00:00,NSW1,,7972.4,,1592.62
2026-08-16 09:00:00,QLD1,,4707.96,,2332.369
2026-08-16 09:00:00,SA1,,1311.94,,280.108
2026-08-16 09:00:00,TAS1,,1214.0,,71.928
2026-08-16 09:00:00,VIC1,,5684.34,,715.478
2026-08-16 09:30:00,NSW1,,7761.52,,2020.65
2026-08-16 09:30:00,QLD1,,4394.5,,2882.613
2026-08-16 09:30:00,SA1,,1224.04,,435.173
2026-08-16 09:30:00,TAS1,,1195.0,,102.306
2026-08-16 09:30:00,VIC1,,5536.8,,1088.952
2026-08-16 10:00:00,NSW1,,7607.53,,2382.546
2026-08-16 10:00:00,QLD1,,4078.19,,3325.969
2026-08-16 10:00:00,SA1,,1127.1,,583.396
2026-08-16 10:00:00,TAS1,,1163.0,,131.118
2026-08-16 10:00:00,VIC1,,5269.47,,1461.889
2026-08-16 10:30:00,NSW1,,7397.35,,2659.47
2026-08-16 10:30:00,QLD1,,3824.31,,3612.176
2026-08-16 10:30:00,SA1,,1052.11,,720.531
2026-08-16 10:30:00,TAS1,,1132.0,,154.343
2026-08-16 10:30:00,VIC1,,4951.01,,1778.231
2026-08-16 11:00:00,NSW1,,7141.98,,2858.825
2026-08-16 11:00:00,QLD1,,3676.9,,3808.692
2026-08-16 11:00:00,SA1,,985.68,,832.356
2026-08-16 11:00:00,TAS1,,1093.0,,172.367
2026-08-16 11:00:00,VIC1,,4559.95,,2046.766
2026-08-16 11:30:00,NSW1,,7055.28,,2985.218
2026-08-16 11:30:00,QLD1,,3705.05,,3907.201
2026-08-16 11:30:00,SA1,,898.93,,920.567
2026-08-16 11:30:00,TAS1,,1054.0,,184.548
2026-08-16 11:30:00,VIC1,,4380.04,,2258.174
2026-08-16 12:00:00,NSW1,,7054.37,,3046.398
2026-08-16 12:00:00,QLD1,,3714.79,,3935.347
2026-08-16 12:00:00,SA1,,842.18,,992.174
2026-08-16 12:00:00,TAS1,,1025.0,,188.569
2026-08-16 12:00:00,VIC1,,4181.24,,2412.929
2026-08-16 12:30:00,NSW1,,7052.64,,3057.67
2026-08-16 12:30:00,QLD1,,3697.76,,3903.669
2026-08-16 12:30:00,SA1,,788.3,,1042.254
2026-08-16 12:30:00,TAS1,,998.0,,189.205
2026-08-16 12:30:00,VIC1,,4007.39,,2510.087
2026-08-16 13:00:00,NSW1,,6975.11,,2982.757
2026-08-16 13:00:00,QLD1,,3653.22,,3768.274
2026-08-16 13:00:00,SA1,,735.24,,1058.778
2026-08-16 13:00:00,TAS1,,981.0,,185.602
2026-08-16 13:00:00,VIC1,,3897.4,,2551.345
2026-08-16 13:30:00,NSW1,,6846.78,,2842.306
2026-08-16 13:30:00,QLD1,,3662.66,,3555.663
2026-08-16 13:30:00,SA1,,695.82,,1046.47
2026-08-16 13:30:00,TAS1,,982.0,,173.989
2026-08-16 13:30:00,VIC1,,3799.53,,2499.659
2026-08-16 14:00:00,NSW1,,6909.55,,2637.562
2026-08-16 14:00:00,QLD1,,3734.2,,3257.127
2026-08-16 14:00:00,SA1,,680.72,,1010.476
2026-08-16 14:00:00,TAS1,,982.0,,158.301
2026-08-16 14:00:00,VIC1,,3760.28,,2376.079
2026-08-16 14:30:00,NSW1,,7018.6,,2358.907
2026-08-16 14:30:00,QLD1,,3955.79,,2874.201
2026-08-16 14:30:00,SA1,,737.8,,952.054
2026-08-16 14:30:00,TAS1,,995.0,,138.775
2026-08-16 14:30:00,VIC1,,3813.71,,2181.16
2026-08-16 15:00:00,NSW1,,7231.42,,2002.887
2026-08-16 15:00:00,QLD1,,4400.59,,2424.091
2026-08-16 15:00:00,SA1,,794.02,,867.591
2026-08-16 15:00:00,TAS1,,1013.0,,116.798
2026-08-16 15:00:00,VIC1,,4006.04,,1908.563
2026-08-16 15:30:00,NSW1,,7568.18,,1569.913
2026-08-16 15:30:00,QLD1,,4891.93,,1922.592
2026-08-16 15:30:00,SA1,,883.43,,755.637
2026-08-16 15:30:00,TAS1,,1035.0,,92.396
2026-08-16 15:30:00,VIC1,,4263.09,,1565.211
2026-08-16 16:00:00,NSW1,,8043.29,,1110.608
2026-08-16 16:00:00,QLD1,,5380.21,,1371.235
2026-08-16 16:00:00,SA1,,982.06,,622.713
2026-08-16 16:00:00,TAS1,,1075.0,,66.201
2026-08-16 16:00:00,VIC1,,4622.48,,1162.844
2026-08-16 16:30:00,NSW1,,8612.4,,651.11
2026-08-16 16:30:00,QLD1,,5948.81,,820.803
2026-08-16 16:30:00,SA1,,1099.2,,474.336
2026-08-16 16:30:00,TAS1,,1119.0,,39.072
2026-08-16 16:30:00,VIC1,,5108.18,,734.704
2026-08-16 17:00:00,NSW1,,9175.15,,229.508
2026-08-16 17:00:00,QLD1,,6489.01,,355.746
2026-08-16 17:00:00,SA1,,1268.71,,321.064
2026-08-16 17:00:00,TAS1,,1179.0,,13.985
2026-08-16 17:00:00,VIC1,,5638.14,,338.054
2026-08-16 17:30:00,NSW1,,9643.45,,0.0
2026-08-16 17:30:00,QLD1,,6862.54,,85.263
2026-08-16 17:30:00,SA1,,1462.01,,167.235
2026-08-16 17:30:00,TAS1,,1243.0,,1.14
2026-08-16 17:30:00,VIC1,,6177.35,,59.73
2026-08-16 18:00:00,NSW1,,10106.6,,0.0
2026-08-16 18:00:00,QLD1,,7205.16,,0.0
2026-08-16 18:00:00,SA1,,1644.22,,39.022
2026-08-16 18:00:00,TAS1,,1300.0,,0.0
2026-08-16 18:00:00,VIC1,,6601.98,,0.0
2026-08-16 18:30:00,NSW1,,10366.14,,0.0
2026-08-16 18:30:00,QLD1,,7358.19,,0.0
2026-08-16 18:30:00,SA1,,1791.06,,0.0
2026-08-16 18:30:00,TAS1,,1325.0,,0.0
2026-08-16 18:30:00,VIC1,,6935.75,,0.0
2026-08-16 19:00:00,NSW1,,10349.59,,0.0
2026-08-16 19:00:00,QLD1,,7297.03,,0.0
2026-08-16 19:00:00,SA1,,1866.21,,0.0
2026-08-16 19:00:00,TAS1,,1325.0,,0.0
2026-08-16 19:00:00,VIC1,,7060.7,,0.0
2026-08-16 19:30:00,NSW1,,10207.44,,0.0
2026-08-16 19:30:00,QLD1,,7146.65,,0.0
2026-08-16 19:30:00,SA1,,1880.59,,0.0
2026-08-16 19:30:00,TAS1,,1315.0,,0.0
2026-08-16 19:30:00,VIC1,,7014.18,,0.0
2026-08-16 20:00:00,NSW1,,10047.74,,0.0
2026-08-16 20:00:00,QLD1,,7001.29,,0.0
2026-08-16 20:00:00,SA1,,1862.1,,0.0
2026-08-16 20:00:00,TAS1,,1301.0,,0.0
2026-08-16 20:00:00,VIC1,,6967.06,,0.0
2026-08-16 20:30:00,NSW1,,9906.29,,0.0
2026-08-16 20:30:00,QLD1,,6860.73,,0.0
2026-08-16 20:30:00,SA1,,1845.93,,0.0
2026-08-16 20:30:00,TAS1,,1293.0,,0.0
2026-08-16 20:30:00,VIC1,,6854.75,,0.0
2026-08-16 21:00:00,NSW1,,9714.61,,0.0
2026-08-16 21:00:00,QLD1,,6852.99,,0.0
2026-08-16 21:00:00,SA1,,1821.33,,0.0
2026-08-16 21:00:00,TAS1,,1275.0,,0.0
2026-08-16 21:00:00,VIC1,,6711.31,,0.0
2026-08-16 21:30:00,NSW1,,9449.3,,0.0
2026-08-16 21:30:00,QLD1,,6803.83,,0.0
2026-08-16 21:30:00,SA1,,1783.71,,0.0
2026-08-16 21:30:00,TAS1,,1256.0,,0.0
2026-08-16 21:30:00,VIC1,,6554.98,,0.0
2026-08-16 22:00:00,NSW1,,9143.05,,0.0
2026-08-16 22:00:00,QLD1,,6660.25,,0.0
2026-08-16 22:00:00,SA1,,1727.41,,0.0
2026-08-16 22:00:00,TAS1,,1226.0,,0.0
2026-08-16 22:00:00,VIC1,,6332.33,,0.0
2026-08-16 22:30:00,NSW1,,8866.65,,0.0
2026-08-16 22:30:00,QLD1,,6436.32,,0.0
2026-08-16 22:30:00,SA1,,1657.88,,0.0
2026-08-16 22:30:00,TAS1,,1194.0,,0.0
2026-08-16 22:30:00,VIC1,,6102.66,,0.0
2026-08-16 23:00:00,NSW1,,8601.64,,0.0
2026-08-16 23:00:00,QLD1,,6202.87,,0.0
2026-08-16 23:00:00,SA1,,1586.96,,0.0
2026-08-16 23:00:00,TAS1,,1156.0,,0.0
2026-08-16 23:00:00,VIC1,,5923.84,,0.0
2026-08-16 23:30:00,NSW1,,8343.75,,0.0
2026-08-16 23:30:00,QLD1,,6032.92,,0.0
2026-08-16 23:30:00,SA1,,1520.57,,0.0
2026-08-16 23:30:00,TAS1,,1129.0,,0.0
2026-08-16 23:30:00,VIC1,,5859.25,,0.0
2026-08-17 00:00:00,NSW1,,8090.2,,0.0
2026-08-17 00:00:00,QLD1,,5931.83,,0.0
2026-08-17 00:00:00,SA1,,1512.18,,0.0
2026-08-17 00:00:00,TAS1,,1109.0,,0.0
2026-08-17 00:00:00,VIC1,,5754.75,,0.0
2026-08-17 00:30:00,NSW1,,7915.86,,0.0
2026-08-17 00:30:00,QLD1,,5815.55,,0.0
2026-08-17 00:30:00,SA1,,1505.22,,0.0
2026-08-17 00:30:00,TAS1,,1098.0,,0.0
2026-08-17 00:30:00,VIC1,,5620.41,,0.0
2026-08-17 01:00:00,NSW1,,7756.58,,0.0
2026-08-17 01:00:00,QLD1,,5669.46,,0.0
2026-08-17 01:00:00,SA1,,1523.45,,0.0
2026-08-17 01:00:00,TAS1,,1087.0,,0.0
2026-08-17 01:00:00,VIC1,,5476.31,,0.0
2026-08-17 01:30:00,NSW1,,7559.76,,0.0
2026-08-17 01:30:00,QLD1,,5585.68,,0.0
2026-08-17 01:30:00,SA1,,1509.36,,0.0
2026-08-17 01:30:00,TAS1,,1081.0,,0.0
2026-08-17 01:30:00,VIC1,,5341.9,,0.0
2026-08-17 02:00:00,NSW1,,7404.49,,0.0
2026-08-17 02:00:00,QLD1,,5515.7,,0.0
2026-08-17 02:00:00,SA1,,1492.87,,0.0
2026-08-17 02:00:00,TAS1,,1078.0,,0.0
2026-08-17 02:00:00,VIC1,,5188.67,,0.0
2026-08-17 02:30:00,NSW1,,7268.39,,0.0
2026-08-17 02:30:00,QLD1,,5467.69,,0.0
2026-08-17 02:30:00,SA1,,1461.98,,0.0
2026-08-17 02:30:00,TAS1,,1081.0,,0.0
2026-08-17 02:30:00,VIC1,,5087.98,,0.0
2026-08-17 03:00:00,NSW1,,7169.8,,0.0
2026-08-17 03:00:00,QLD1,,5454.59,,0.0
2026-08-17 03:00:00,SA1,,1431.43,,0.0
2026-08-17 03:00:00,TAS1,,1088.0,,0.0
2026-08-17 03:00:00,VIC1,,5017.71,,0.0
2026-08-17 03:30:00,NSW1,,7117.85,,0.0
2026-08-17 03:30:00,QLD1,,5454.89,,0.0
2026-08-17 03:30:00,SA1,,1405.67,,0.0
2026-08-17 03:30:00,TAS1,,1094.0,,0.0
2026-08-17 03:30:00,VIC1,,4971.71,,0.0
2026-08-17 04:00:00,NSW1,,7117.38,,0.0
2026-08-17 04:00:00,QLD1,,5487.28,,0.0
2026-08-17 04:00:00,SA1,,1385.95,,0.0
2026-08-17 04:00:00,TAS1,,1099.0,,0.0
2026-08-17 04:00:00,VIC1,,4952.74,,0.0
2026-08-17 04:30:00,NSW1,,,,0.0
2026-08-17 04:30:00,QLD1,,,,0.0
2026-08-17 04:30:00,SA1,,,,0.0
2026-08-17 04:30:00,TAS1,,,,0.0
2026-08-17 04:30:00,VIC1,,,,0.0
2026-08-17 05:00:00,NSW1,,,,0.0
2026-08-17 05:00:00,QLD1,,,,0.0
2026-08-17 05:00:00,SA1,,,,0.0
2026-08-17 05:00:00,TAS1,,,,0.0
2026-08-17 05:00:00,VIC1,,,,0.0
2026-08-17 05:30:00,NSW1,,,,0.0
2026-08-17 05:30:00,QLD1,,,,0.0
2026-08-17 05:30:00,SA1,,,,0.0
2026-08-17 05:30:00,TAS1,,,,0.0
2026-08-17 05:30:00,VIC1,,,,0.0
2026-08-17 06:00:00,NSW1,,,,0.0
2026-08-17 06:00:00,QLD1,,,,0.0
2026-08-17 06:00:00,SA1,,,,0.0
2026-08-17 06:00:00,TAS1,,,,0.0
2026-08-17 06:00:00,VIC1,,,,0.0
2026-08-17 06:30:00,NSW1,,,,0.0
2026-08-17 06:30:00,QLD1,,,,0.0
2026-08-17 06:30:00,SA1,,,,0.0
2026-08-17 06:30:00,TAS1,,,,0.0
2026-08-17 06:30:00,VIC1,,,,0.0
2026-08-17 07:00:00,NSW1,,,,0.0
2026-08-17 07:00:00,QLD1,,,,104.877
2026-08-17 07:00:00,SA1,,,,0.0
2026-08-17 07:00:00,TAS1,,,,0.0
2026-08-17 07:00:00,VIC1,,,,0.0
2026-08-17 07:30:00,NSW1,,,,250.293
2026-08-17 07:30:00,QLD1,,,,462.155
2026-08-17 07:30:00,SA1,,,,0.0
2026-08-17 07:30:00,TAS1,,,,2.835
2026-08-17 07:30:00,VIC1,,,,0.0
2026-08-17 08:00:00,NSW1,,,,748.057
2026-08-17 08:00:00,QLD1,,,,1009.741
2026-08-17 08:00:00,SA1,,,,23.138
2026-08-17 08:00:00,TAS1,,,,18.466
2026-08-17 08:00:00,VIC1,,,,130.369
2026-08-17 08:30:00,NSW1,,,,1302.393
2026-08-17 08:30:00,QLD1,,,,1618.022
2026-08-17 08:30:00,SA1,,,,144.618
2026-08-17 08:30:00,TAS1,,,,48.145
2026-08-17 08:30:00,VIC1,,,,430.037
2026-08-17 09:00:00,NSW1,,,,1840.994
2026-08-17 09:00:00,QLD1,,,,2176.216
2026-08-17 09:00:00,SA1,,,,320.861
2026-08-17 09:00:00,TAS1,,,,80.381
2026-08-17 09:00:00,VIC1,,,,799.212
2026-08-17 09:30:00,NSW1,,,,2312.164
2026-08-17 09:30:00,QLD1,,,,2661.323
2026-08-17 09:30:00,SA1,,,,510.667
2026-08-17 09:30:00,TAS1,,,,113.238
2026-08-17 09:30:00,VIC1,,,,1194.206
2026-08-17 10:00:00,NSW1,,,,2687.907
2026-08-17 10:00:00,QLD1,,,,3047.283
2026-08-17 10:00:00,SA1,,,,689.482
2026-08-17 10:00:00,TAS1,,,,144.024
2026-08-17 10:00:00,VIC1,,,,1587.868
2026-08-17 10:30:00,NSW1,,,,2954.936
2026-08-17 10:30:00,QLD1,,,,3323.374
2026-08-17 10:30:00,SA1,,,,847.844
2026-08-17 10:30:00,TAS1,,,,168.178
2026-08-17 10:30:00,VIC1,,,,1923.154
2026-08-17 11:00:00,NSW1,,,,3126.189
2026-08-17 11:00:00,QLD1,,,,3517.769
2026-08-17 11:00:00,SA1,,,,975.526
2026-08-17 11:00:00,TAS1,,,,186.555
2026-08-17 11:00:00,VIC1,,,,2209.983
2026-08-17 11:30:00,NSW1,,,,3213.804
2026-08-17 11:30:00,QLD1,,,,3625.802
2026-08-17 11:30:00,SA1,,,,1072.725
2026-08-17 11:30:00,TAS1,,,,198.876
2026-08-17 11:30:00,VIC1,,,,2431.888
2026-08-17 12:00:00,NSW1,,,,3249.207
2026-08-17 12:00:00,QLD1,,,,3675.438
2026-08-17 12:00:00,SA1,,,,1141.191
2026-08-17 12:00:00,TAS1,,,,202.987
2026-08-17 12:00:00,VIC1,,,,2576.703
2026-08-17 12:30:00,NSW1,,,,3243.439
2026-08-17 12:30:00,QLD1,,,,3670.532
2026-08-17 12:30:00,SA1,,,,1178.538
2026-08-17 12:30:00,TAS1,,,,203.107
2026-08-17 12:30:00,VIC1,,,,2641.016
2026-08-17 13:00:00,NSW1,,,,3150.91
2026-08-17 13:00:00,QLD1,,,,3576.704
2026-08-17 13:00:00,SA1,,,,1178.853
2026-08-17 13:00:00,TAS1,,,,198.659
2026-08-17 13:00:00,VIC1,,,,2635.911
2026-08-17 13:30:00,NSW1,,,,2988.062
2026-08-17 13:30:00,QLD1,,,,3386.098
2026-08-17 13:30:00,SA1,,,,1145.016
2026-08-17 13:30:00,TAS1,,,,186.185
2026-08-17 13:30:00,VIC1,,,,2552.189
2026-08-17 14:00:00,NSW1,,,,2760.021
2026-08-17 14:00:00,QLD1,,,,3113.906
2026-08-17 14:00:00,SA1,,,,1089.975
2026-08-17 14:00:00,TAS1,,,,169.343
2026-08-17 14:00:00,VIC1,,,,2399.121
2026-08-17 14:30:00,NSW1,,,,2459.096
2026-08-17 14:30:00,QLD1,,,,2759.95
2026-08-17 14:30:00,SA1,,,,1013.563
2026-08-17 14:30:00,TAS1,,,,148.546
2026-08-17 14:30:00,VIC1,,,,2180.494
2026-08-17 15:00:00,NSW1,,,,2085.316
2026-08-17 15:00:00,QLD1,,,,2334.028
2026-08-17 15:00:00,SA1,,,,916.113
2026-08-17 15:00:00,TAS1,,,,125.159
2026-08-17 15:00:00,VIC1,,,,1896.446
2026-08-17 15:30:00,NSW1,,,,1639.785
2026-08-17 15:30:00,QLD1,,,,1851.544
2026-08-17 15:30:00,SA1,,,,795.307
2026-08-17 15:30:00,TAS1,,,,99.352
2026-08-17 15:30:00,VIC1,,,,1555.141
2026-08-17 16:00:00,NSW1,,,,1172.206
2026-08-17 16:00:00,QLD1,,,,1319.088
2026-08-17 16:00:00,SA1,,,,652.233
2026-08-17 16:00:00,TAS1,,,,71.601
2026-08-17 16:00:00,VIC1,,,,1162.894
2026-08-17 16:30:00,NSW1,,,,700.757
2026-08-17 16:30:00,QLD1,,,,795.048
2026-08-17 16:30:00,SA1,,,,493.717
2026-08-17 16:30:00,TAS1,,,,43.798
2026-08-17 16:30:00,VIC1,,,,740.389
2026-08-17 17:00:00,NSW1,,,,251.441
2026-08-17 17:00:00,QLD1,,,,350.157
2026-08-17 17:00:00,SA1,,,,331.676
2026-08-17 17:00:00,TAS1,,,,17.234
2026-08-17 17:00:00,VIC1,,,,344.481
2026-08-17 17:30:00,NSW1,,,,0.0
2026-08-17 17:30:00,QLD1,,,,85.846
2026-08-17 17:30:00,SA1,,,,176.448
2026-08-17 17:30:00,TAS1,,,,2.02
2026-08-17 17:30:00,VIC1,,,,60.59
2026-08-17 18:00:00,NSW1,,,,0.0
2026-08-17 18:00:00,QLD1,,,,0.0
2026-08-17 18:00:00,SA1,,,,46.605
2026-08-17 18:00:00,TAS1,,,,0.0
2026-08-17 18:00:00,VIC1,,,,0.0
2026-08-17 18:30:00,NSW1,,,,0.0
2026-08-17 18:30:00,QLD1,,,,0.0
2026-08-17 18:30:00,SA1,,,,0.0
2026-08-17 18:30:00,TAS1,,,,0.0
2026-08-17 18:30:00,VIC1,,,,0.0
2026-08-17 19:00:00,NSW1,,,,0.0
2026-08-17 19:00:00,QLD1,,,,0.0
2026-08-17 19:00:00,SA1,,,,0.0
2026-08-17 19:00:00,TAS1,,,,0.0
2026-08-17 19:00:00,VIC1,,,,0.0
2026-08-17 19:30:00,NSW1,,,,0.0
2026-08-17 19:30:00,QLD1,,,,0.0
2026-08-17 19:30:00,SA1,,,,0.0
2026-08-17 19:30:00,TAS1,,,,0.0
2026-08-17 19:30:00,VIC1,,,,0.0
2026-08-17 20:00:00,NSW1,,,,0.0
2026-08-17 20:00:00,QLD1,,,,0.0
2026-08-17 20:00:00,SA1,,,,0.0
2026-08-17 20:00:00,TAS1,,,,0.0
2026-08-17 20:00:00,VIC1,,,,0.0
2026-08-17 20:30:00,NSW1,,,,0.0
2026-08-17 20:30:00,QLD1,,,,0.0
2026-08-17 20:30:00,SA1,,,,0.0
2026-08-17 20:30:00,TAS1,,,,0.0
2026-08-17 20:30:00,VIC1,,,,0.0
2026-08-17 21:00:00,NSW1,,,,0.0
2026-08-17 21:00:00,QLD1,,,,0.0
2026-08-17 21:00:00,SA1,,,,0.0
2026-08-17 21:00:00,TAS1,,,,0.0
2026-08-17 21:00:00,VIC1,,,,0.0
2026-08-17 21:30:00,NSW1,,,,0.0
2026-08-17 21:30:00,QLD1,,,,0.0
2026-08-17 21:30:00,SA1,,,,0.0
2026-08-17 21:30:00,TAS1,,,,0.0
2026-08-17 21:30:00,VIC1,,,,0.0
2026-08-17 22:00:00,NSW1,,,,0.0
2026-08-17 22:00:00,QLD1,,,,0.0
2026-08-17 22:00:00,SA1,,,,0.0
2026-08-17 22:00:00,TAS1,,,,0.0
2026-08-17 22:00:00,VIC1,,,,0.0
2026-08-17 22:30:00,NSW1,,,,0.0
2026-08-17 22:30:00,QLD1,,,,0.0
2026-08-17 22:30:00,SA1,,,,0.0
2026-08-17 22:30:00,TAS1,,,,0.0
2026-08-17 22:30:00,VIC1,,,,0.0
2026-08-17 23:00:00,NSW1,,,,0.0
2026-08-17 23:00:00,QLD1,,,,0.0
2026-08-17 23:00:00,SA1,,,,0.0
2026-08-17 23:00:00,TAS1,,,,0.0
2026-08-17 23:00:00,VIC1,,,,0.0
2026-08-17 23:30:00,NSW1,,,,0.0
2026-08-17 23:30:00,QLD1,,,,0.0
2026-08-17 23:30:00,SA1,,,,0.0
2026-08-17 23:30:00,TAS1,,,,0.0
2026-08-17 23:30:00,VIC1,,,,0.0
2026-08-18 00:00:00,NSW1,,,,0.0
2026-08-18 00:00:00,QLD1,,,,0.0
2026-08-18 00:00:00,SA1,,,,0.0
2026-08-18 00:00:00,TAS1,,,,0.0
2026-08-18 00:00:00,VIC1,,,,0.0
2026-08-18 00:30:00,NSW1,,,,0.0
2026-08-18 00:30:00,QLD1,,,,0.0
2026-08-18 00:30:00,SA1,,,,0.0
2026-08-18 00:30:00,TAS1,,,,0.0
2026-08-18 00:30:00,VIC1,,,,0.0
2026-08-18 01:00:00,NSW1,,,,0.0
2026-08-18 01:00:00,QLD1,,,,0.0
2026-08-18 01:00:00,SA1,,,,0.0
2026-08-18 01:00:00,TAS1,,,,0.0
2026-08-18 01:00:00,VIC1,,,,0.0
2026-08-18 01:30:00,NSW1,,,,0.0
2026-08-18 01:30:00,QLD1,,,,0.0
2026-08-18 01:30:00,SA1,,,,0.0
2026-08-18 01:30:00,TAS1,,,,0.0
2026-08-18 01:30:00,VIC1,,,,0.0
2026-08-18 02:00:00,NSW1,,,,0.0
2026-08-18 02:00:00,QLD1,,,,0.0
2026-08-18 02:00:00,SA1,,,,0.0
2026-08-18 02:00:00,TAS1,,,,0.0
2026-08-18 02:00:00,VIC1,,,,0.0
2026-08-18 02:30:00,NSW1,,,,0.0
2026-08-18 02:30:00,QLD1,,,,0.0
2026-08-18 02:30:00,SA1,,,,0.0
2026-08-18 02:30:00,TAS1,,,,0.0
2026-08-18 02:30:00,VIC1,,,,0.0
2026-08-18 03:00:00,NSW1,,,,0.0
2026-08-18 03:00:00,QLD1,,,,0.0
2026-08-18 03:00:00,SA1,,,,0.0
2026-08-18 03:00:00,TAS1,,,,0.0
2026-08-18 03:00:00,VIC1,,,,0.0
2026-08-18 03:30:00,NSW1,,,,0.0
2026-08-18 03:30:00,QLD1,,,,0.0
2026-08-18 03:30:00,SA1,,,,0.0
2026-08-18 03:30:00,TAS1,,,,0.0
2026-08-18 03:30:00,VIC1,,,,0.0
2026-08-18 04:00:00,NSW1,,,,0.0
2026-08-18 04:00:00,QLD1,,,,0.0
2026-08-18 04:00:00,SA1,,,,0.0
2026-08-18 04:00:00,TAS1,,,,0.0
2026-08-18 04:00:00,VIC1,,,,0.0
2026-08-18 04:30:00,NSW1,,,,0.0
2026-08-18 04:30:00,QLD1,,,,0.0
2026-08-18 04:30:00,SA1,,,,0.0
2026-08-18 04:30:00,TAS1,,,,0.0
2026-08-18 04:30:00,VIC1,,,,0.0
2026-08-18 05:00:00,NSW1,,,,0.0
2026-08-18 05:00:00,QLD1,,,,0.0
2026-08-18 05:00:00,SA1,,,,0.0
2026-08-18 05:00:00,TAS1,,,,0.0
2026-08-18 05:00:00,VIC1,,,,0.0
2026-08-18 05:30:00,NSW1,,,,0.0
2026-08-18 05:30:00,QLD1,,,,0.0
2026-08-18 05:30:00,SA1,,,,0.0
2026-08-18 05:30:00,TAS1,,,,0.0
2026-08-18 05:30:00,VIC1,,,,0.0
2026-08-18 06:00:00,NSW1,,,,0.0
2026-08-18 06:00:00,QLD1,,,,0.0
2026-08-18 06:00:00,SA1,,,,0.0
2026-08-18 06:00:00,TAS1,,,,0.0
2026-08-18 06:00:00,VIC1,,,,0.0
2026-08-18 06:30:00,NSW1,,,,0.0
2026-08-18 06:30:00,QLD1,,,,0.0
2026-08-18 06:30:00,SA1,,,,0.0
2026-08-18 06:30:00,TAS1,,,,0.0
2026-08-18 06:30:00,VIC1,,,,0.0
2026-08-18 07:00:00,NSW1,,,,61.659
2026-08-18 07:00:00,QLD1,,,,108.09
2026-08-18 07:00:00,SA1,,,,0.0
2026-08-18 07:00:00,TAS1,,,,0.0
2026-08-18 07:00:00,VIC1,,,,0.0
2026-08-18 07:30:00,NSW1,,,,289.408
2026-08-18 07:30:00,QLD1,,,,503.946
2026-08-18 07:30:00,SA1,,,,0.0
2026-08-18 07:30:00,TAS1,,,,3.525
2026-08-18 07:30:00,VIC1,,,,0.0
2026-08-18 08:00:00,NSW1,,,,735.021
2026-08-18 08:00:00,QLD1,,,,1091.228
2026-08-18 08:00:00,SA1,,,,25.046
2026-08-18 08:00:00,TAS1,,,,16.865
2026-08-18 08:00:00,VIC1,,,,154.034
2026-08-18 08:30:00,NSW1,,,,1238.67
2026-08-18 08:30:00,QLD1,,,,1730.494
2026-08-18 08:30:00,SA1,,,,99.758
2026-08-18 08:30:00,TAS1,,,,41.745
2026-08-18 08:30:00,VIC1,,,,480.938
2026-08-18 09:00:00,NSW1,,,,1731.781
2026-08-18 09:00:00,QLD1,,,,2319.437
2026-08-18 09:00:00,SA1,,,,217.245
2026-08-18 09:00:00,TAS1,,,,67.561
2026-08-18 09:00:00,VIC1,,,,870.882
2026-08-18 09:30:00,NSW1,,,,2185.654
2026-08-18 09:30:00,QLD1,,,,2830.986
2026-08-18 09:30:00,SA1,,,,337.282
2026-08-18 09:30:00,TAS1,,,,93.31
2026-08-18 09:30:00,VIC1,,,,1274.809
2026-08-18 10:00:00,NSW1,,,,2587.543
2026-08-18 10:00:00,QLD1,,,,3244.133
2026-08-18 10:00:00,SA1,,,,455.47
2026-08-18 10:00:00,TAS1,,,,117.386
2026-08-18 10:00:00,VIC1,,,,1653.67
2026-08-18 10:30:00,NSW1,,,,2920.314
2026-08-18 10:30:00,QLD1,,,,3513.928
2026-08-18 10:30:00,SA1,,,,570.846
2026-08-18 10:30:00,TAS1,,,,137.332
2026-08-18 10:30:00,VIC1,,,,1964.218
2026-08-18 11:00:00,NSW1,,,,3175.691
2026-08-18 11:00:00,QLD1,,,,3697.873
2026-08-18 11:00:00,SA1,,,,669.223
2026-08-18 11:00:00,TAS1,,,,152.882
2026-08-18 11:00:00,VIC1,,,,2214.901
2026-08-18 11:30:00,NSW1,,,,3348.689
2026-08-18 11:30:00,QLD1,,,,3792.235
2026-08-18 11:30:00,SA1,,,,751.414
2026-08-18 11:30:00,TAS1,,,,163.605
2026-08-18 11:30:00,VIC1,,,,2396.343
2026-08-18 12:00:00,NSW1,,,,3442.583
2026-08-18 12:00:00,QLD1,,,,3818.278
2026-08-18 12:00:00,SA1,,,,815.244
2026-08-18 12:00:00,TAS1,,,,167.828
2026-08-18 12:00:00,VIC1,,,,2504.398
2026-08-18 12:30:00,NSW1,,,,3465.15
2026-08-18 12:30:00,QLD1,,,,3776.314
2026-08-18 12:30:00,SA1,,,,854.211
2026-08-18 12:30:00,TAS1,,,,169.544
2026-08-18 12:30:00,VIC1,,,,2543.67
2026-08-18 13:00:00,NSW1,,,,3385.517
2026-08-18 13:00:00,QLD1,,,,3648.931
2026-08-18 13:00:00,SA1,,,,864.114
2026-08-18 13:00:00,TAS1,,,,167.312
2026-08-18 13:00:00,VIC1,,,,2516.728
2026-08-18 13:30:00,NSW1,,,,3225.04
2026-08-18 13:30:00,QLD1,,,,3449.638
2026-08-18 13:30:00,SA1,,,,860.643
2026-08-18 13:30:00,TAS1,,,,159.732
2026-08-18 13:30:00,VIC1,,,,2414.406
2026-08-18 14:00:00,NSW1,,,,2988.922
2026-08-18 14:00:00,QLD1,,,,3170.411
2026-08-18 14:00:00,SA1,,,,842.477
2026-08-18 14:00:00,TAS1,,,,148.194
2026-08-18 14:00:00,VIC1,,,,2247.055
2026-08-18 14:30:00,NSW1,,,,2674.656
2026-08-18 14:30:00,QLD1,,,,2809.128
2026-08-18 14:30:00,SA1,,,,807.213
2026-08-18 14:30:00,TAS1,,,,132.611
2026-08-18 14:30:00,VIC1,,,,2023.415
2026-08-18 15:00:00,NSW1,,,,2286.255
2026-08-18 15:00:00,QLD1,,,,2378.767
2026-08-18 15:00:00,SA1,,,,750.634
2026-08-18 15:00:00,TAS1,,,,113.634
2026-08-18 15:00:00,VIC1,,,,1744.562
2026-08-18 15:30:00,NSW1,,,,1818.738
2026-08-18 15:30:00,QLD1,,,,1893.725
2026-08-18 15:30:00,SA1,,,,667.177
2026-08-18 15:30:00,TAS1,,,,91.268
2026-08-18 15:30:00,VIC1,,,,1421.362
2026-08-18 16:00:00,NSW1,,,,1316.526
2026-08-18 16:00:00,QLD1,,,,1357.572
2026-08-18 16:00:00,SA1,,,,562.431
2026-08-18 16:00:00,TAS1,,,,66.318
2026-08-18 16:00:00,VIC1,,,,1058.807
2026-08-18 16:30:00,NSW1,,,,806.031
2026-08-18 16:30:00,QLD1,,,,824.638
2026-08-18 16:30:00,SA1,,,,439.768
2026-08-18 16:30:00,TAS1,,,,40.18
2026-08-18 16:30:00,VIC1,,,,682.286
2026-08-18 17:00:00,NSW1,,,,333.539
2026-08-18 17:00:00,QLD1,,,,359.696
2026-08-18 17:00:00,SA1,,,,308.538
2026-08-18 17:00:00,TAS1,,,,15.874
2026-08-18 17:00:00,VIC1,,,,324.529
2026-08-18 17:30:00,NSW1,,,,61.799
2026-08-18 17:30:00,QLD1,,,,83.248
2026-08-18 17:30:00,SA1,,,,173.743
2026-08-18 17:30:00,TAS1,,,,2.495
2026-08-18 17:30:00,VIC1,,,,61.479
2026-08-18 18:00:00,NSW1,,,,0.0
2026-08-18 18:00:00,QLD1,,,,0.0
2026-08-18 18:00:00,SA1,,,,60.127
2026-08-18 18:00:00,TAS1,,,,0.0
2026-08-18 18:00:00,VIC1,,,,0.0
2026-08-18 18:30:00,NSW1,,,,0.0
2026-08-18 18:30:00,QLD1,,,,0.0
2026-08-18 18:30:00,SA1,,,,0.0
2026-08-18 18:30:00,TAS1,,,,0.0
2026-08-18 18:30:00,VIC1,,,,0.0
2026-08-18 19:00:00,NSW1,,,,0.0
2026-08-18 19:00:00,QLD1,,,,0.0
2026-08-18 19:00:00,SA1,,,,0.0
2026-08-18 19:00:00,TAS1,,,,0.0
2026-08-18 19:00:00,VIC1,,,,0.0
2026-08-18 19:30:00,NSW1,,,,0.0
2026-08-18 19:30:00,QLD1,,,,0.0
2026-08-18 19:30:00,SA1,,,,0.0
2026-08-18 19:30:00,TAS1,,,,0.0
2026-08-18 19:30:00,VIC1,,,,0.0
2026-08-18 20:00:00,NSW1,,,,0.0
2026-08-18 20:00:00,QLD1,,,,0.0
2026-08-18 20:00:00,SA1,,,,0.0
2026-08-18 20:00:00,TAS1,,,,0.0
2026-08-18 20:00:00,VIC1,,,,0.0
2026-08-18 20:30:00,NSW1,,,,0.0
2026-08-18 20:30:00,QLD1,,,,0.0
2026-08-18 20:30:00,SA1,,,,0.0
2026-08-18 20:30:00,TAS1,,,,0.0
2026-08-18 20:30:00,VIC1,,,,0.0
2026-08-18 21:00:00,NSW1,,,,0.0
2026-08-18 21:00:00,QLD1,,,,0.0
2026-08-18 21:00:00,SA1,,,,0.0
2026-08-18 21:00:00,TAS1,,,,0.0
2026-08-18 21:00:00,VIC1,,,,0.0
2026-08-18 21:30:00,NSW1,,,,0.0
2026-08-18 21:30:00,QLD1,,,,0.0
2026-08-18 21:30:00,SA1,,,,0.0
2026-08-18 21:30:00,TAS1,,,,0.0
2026-08-18 21:30:00,VIC1,,,,0.0
2026-08-18 22:00:00,NSW1,,,,0.0
2026-08-18 22:00:00,QLD1,,,,0.0
2026-08-18 22:00:00,SA1,,,,0.0
2026-08-18 22:00:00,TAS1,,,,0.0
2026-08-18 22:00:00,VIC1,,,,0.0
2026-08-18 22:30:00,NSW1,,,,0.0
2026-08-18 22:30:00,QLD1,,,,0.0
2026-08-18 22:30:00,SA1,,,,0.0
2026-08-18 22:30:00,TAS1,,,,0.0
2026-08-18 22:30:00,VIC1,,,,0.0
2026-08-18 23:00:00,NSW1,,,,0.0
2026-08-18 23:00:00,QLD1,,,,0.0
2026-08-18 23:00:00,SA1,,,,0.0
2026-08-18 23:00:00,TAS1,,,,0.0
2026-08-18 23:00:00,VIC1,,,,0.0
2026-08-18 23:30:00,NSW1,,,,0.0
2026-08-18 23:30:00,QLD1,,,,0.0
2026-08-18 23:30:00,SA1,,,,0.0
2026-08-18 23:30:00,TAS1,,,,0.0
2026-08-18 23:30:00,VIC1,,,,0.0
2026-08-19 00:00:00,NSW1,,,,0.0
2026-08-19 00:00:00,QLD1,,,,0.0
2026-08-19 00:00:00,SA1,,,,0.0
2026-08-19 00:00:00,TAS1,,,,0.0
2026-08-19 00:00:00,VIC1,,,,0.0
2026-08-19 00:30:00,NSW1,,,,0.0
2026-08-19 00:30:00,QLD1,,,,0.0
2026-08-19 00:30:00,SA1,,,,0.0
2026-08-19 00:30:00,TAS1,,,,0.0
2026-08-19 00:30:00,VIC1,,,,0.0
2026-08-19 01:00:00,NSW1,,,,0.0
2026-08-19 01:00:00,QLD1,,,,0.0
2026-08-19 01:00:00,SA1,,,,0.0
2026-08-19 01:00:00,TAS1,,,,0.0
2026-08-19 01:00:00,VIC1,,,,0.0
2026-08-19 01:30:00,NSW1,,,,0.0
2026-08-19 01:30:00,QLD1,,,,0.0
2026-08-19 01:30:00,SA1,,,,0.0
2026-08-19 01:30:00,TAS1,,,,0.0
2026-08-19 01:30:00,VIC1,,,,0.0
2026-08-19 02:00:00,NSW1,,,,0.0
2026-08-19 02:00:00,QLD1,,,,0.0
2026-08-19 02:00:00,SA1,,,,0.0
2026-08-19 02:00:00,TAS1,,,,0.0
2026-08-19 02:00:00,VIC1,,,,0.0
2026-08-19 02:30:00,NSW1,,,,0.0
2026-08-19 02:30:00,QLD1,,,,0.0
2026-08-19 02:30:00,SA1,,,,0.0
2026-08-19 02:30:00,TAS1,,,,0.0
2026-08-19 02:30:00,VIC1,,,,0.0
2026-08-19 03:00:00,NSW1,,,,0.0
2026-08-19 03:00:00,QLD1,,,,0.0
2026-08-19 03:00:00,SA1,,,,0.0
2026-08-19 03:00:00,TAS1,,,,0.0
2026-08-19 03:00:00,VIC1,,,,0.0
2026-08-19 03:30:00,NSW1,,,,0.0
2026-08-19 03:30:00,QLD1,,,,0.0
2026-08-19 03:30:00,SA1,,,,0.0
2026-08-19 03:30:00,TAS1,,,,0.0
2026-08-19 03:30:00,VIC1,,,,0.0
2026-08-19 04:00:00,NSW1,,,,0.0
2026-08-19 04:00:00,QLD1,,,,0.0
2026-08-19 04:00:00,SA1,,,,0.0
2026-08-19 04:00:00,TAS1,,,,0.0
2026-08-19 04:00:00,VIC1,,,,0.0
2026-08-19 04:30:00,NSW1,,,,0.0
2026-08-19 04:30:00,QLD1,,,,0.0
2026-08-19 04:30:00,SA1,,,,0.0
2026-08-19 04:30:00,TAS1,,,,0.0
2026-08-19 04:30:00,VIC1,,,,0.0
2026-08-19 05:00:00,NSW1,,,,0.0
2026-08-19 05:00:00,QLD1,,,,0.0
2026-08-19 05:00:00,SA1,,,,0.0
2026-08-19 05:00:00,TAS1,,,,0.0
2026-08-19 05:00:00,VIC1,,,,0.0
2026-08-19 05:30:00,NSW1,,,,0.0
2026-08-19 05:30:00,QLD1,,,,0.0
2026-08-19 05:30:00,SA1,,,,0.0
2026-08-19 05:30:00,TAS1,,,,0.0
2026-08-19 05:30:00,VIC1,,,,0.0
2026-08-19 06:00:00,NSW1,,,,0.0
2026-08-19 06:00:00,QLD1,,,,0.0
2026-08-19 06:00:00,SA1,,,,0.0
2026-08-19 06:00:00,TAS1,,,,0.0
2026-08-19 06:00:00,VIC1,,,,0.0
2026-08-19 06:30:00,NSW1,,,,0.0
2026-08-19 06:30:00,QLD1,,,,0.0
2026-08-19 06:30:00,SA1,,,,0.0
2026-08-19 06:30:00,TAS1,,,,0.0
2026-08-19 06:30:00,VIC1,,,,0.0
2026-08-19 07:00:00,NSW1,,,,72.623
2026-08-19 07:00:00,QLD1,,,,100.772
2026-08-19 07:00:00,SA1,,,,0.0
2026-08-19 07:00:00,TAS1,,,,0.0
2026-08-19 07:00:00,VIC1,,,,0.0
2026-08-19 07:30:00,NSW1,,,,331.043
2026-08-19 07:30:00,QLD1,,,,512.357
2026-08-19 07:30:00,SA1,,,,0.0
2026-08-19 07:30:00,TAS1,,,,3.497
2026-08-19 07:30:00,VIC1,,,,0.0
2026-08-19 08:00:00,NSW1,,,,802.943
2026-08-19 08:00:00,QLD1,,,,1107.832
2026-08-19 08:00:00,SA1,,,,49.077
2026-08-19 08:00:00,TAS1,,,,15.389
2026-08-19 08:00:00,VIC1,,,,101.612
2026-08-19 08:30:00,NSW1,,,,1328.354
2026-08-19 08:30:00,QLD1,,,,1743.588
2026-08-19 08:30:00,SA1,,,,153.31
2026-08-19 08:30:00,TAS1,,,,36.856
2026-08-19 08:30:00,VIC1,,,,329.404
2026-08-19 09:00:00,NSW1,,,,1845.62
2026-08-19 09:00:00,QLD1,,,,2324.271
2026-08-19 09:00:00,SA1,,,,300.695
2026-08-19 09:00:00,TAS1,,,,59.65
2026-08-19 09:00:00,VIC1,,,,594.127
2026-08-19 09:30:00,NSW1,,,,2322.6
2026-08-19 09:30:00,QLD1,,,,2824.887
2026-08-19 09:30:00,SA1,,,,457.277
2026-08-19 09:30:00,TAS1,,,,82.858
2026-08-19 09:30:00,VIC1,,,,863.925
2026-08-19 10:00:00,NSW1,,,,2732.469
2026-08-19 10:00:00,QLD1,,,,3233.284
2026-08-19 10:00:00,SA1,,,,614.645
2026-08-19 10:00:00,TAS1,,,,105.089
2026-08-19 10:00:00,VIC1,,,,1110.683
2026-08-19 10:30:00,NSW1,,,,3051.44
2026-08-19 10:30:00,QLD1,,,,3522.974
2026-08-19 10:30:00,SA1,,,,768.576
2026-08-19 10:30:00,TAS1,,,,123.186
2026-08-19 10:30:00,VIC1,,,,1319.012
2026-08-19 11:00:00,NSW1,,,,3288.723
2026-08-19 11:00:00,QLD1,,,,3731.834
2026-08-19 11:00:00,SA1,,,,902.532
2026-08-19 11:00:00,TAS1,,,,137.237
2026-08-19 11:00:00,VIC1,,,,1486.902
2026-08-19 11:30:00,NSW1,,,,3442.58
2026-08-19 11:30:00,QLD1,,,,3856.641
2026-08-19 11:30:00,SA1,,,,1019.17
2026-08-19 11:30:00,TAS1,,,,146.721
2026-08-19 11:30:00,VIC1,,,,1606.828
2026-08-19 12:00:00,NSW1,,,,3518.613
2026-08-19 12:00:00,QLD1,,,,3914.835
2026-08-19 12:00:00,SA1,,,,1113.461
2026-08-19 12:00:00,TAS1,,,,149.789
2026-08-19 12:00:00,VIC1,,,,1673.109
2026-08-19 12:30:00,NSW1,,,,3522.696
2026-08-19 12:30:00,QLD1,,,,3901.537
2026-08-19 12:30:00,SA1,,,,1177.761
2026-08-19 12:30:00,TAS1,,,,150.201
2026-08-19 12:30:00,VIC1,,,,1693.266
2026-08-19 13:00:00,NSW1,,,,3436.503
2026-08-19 13:00:00,QLD1,,,,3807.029
2026-08-19 13:00:00,SA1,,,,1208.244
2026-08-19 13:00:00,TAS1,,,,146.893
2026-08-19 13:00:00,VIC1,,,,1668.791
2026-08-19 13:30:00,NSW1,,,,3272.385
2026-08-19 13:30:00,QLD1,,,,3621.705
2026-08-19 13:30:00,SA1,,,,1206.171
2026-08-19 13:30:00,TAS1,,,,139.095
2026-08-19 13:30:00,VIC1,,,,1598.763
2026-08-19 14:00:00,NSW1,,,,3029.988
2026-08-19 14:00:00,QLD1,,,,3349.715
2026-08-19 14:00:00,SA1,,,,1184.437
2026-08-19 14:00:00,TAS1,,,,127.768
2026-08-19 14:00:00,VIC1,,,,1485.589
2026-08-19 14:30:00,NSW1,,,,2707.75
2026-08-19 14:30:00,QLD1,,,,2989.304
2026-08-19 14:30:00,SA1,,,,1136.332
2026-08-19 14:30:00,TAS1,,,,112.991
2026-08-19 14:30:00,VIC1,,,,1333.387
2026-08-19 15:00:00,NSW1,,,,2313.366
2026-08-19 15:00:00,QLD1,,,,2550.742
2026-08-19 15:00:00,SA1,,,,1057.824
2026-08-19 15:00:00,TAS1,,,,95.29
2026-08-19 15:00:00,VIC1,,,,1138.426
2026-08-19 15:30:00,NSW1,,,,1838.348
2026-08-19 15:30:00,QLD1,,,,2044.313
2026-08-19 15:30:00,SA1,,,,941.442
2026-08-19 15:30:00,TAS1,,,,75.388
2026-08-19 15:30:00,VIC1,,,,912.357
2026-08-19 16:00:00,NSW1,,,,1328.768
2026-08-19 16:00:00,QLD1,,,,1471.292
2026-08-19 16:00:00,SA1,,,,793.43
2026-08-19 16:00:00,TAS1,,,,54.109
2026-08-19 16:00:00,VIC1,,,,666.974
2026-08-19 16:30:00,NSW1,,,,825.961
2026-08-19 16:30:00,QLD1,,,,884.871
2026-08-19 16:30:00,SA1,,,,620.361
2026-08-19 16:30:00,TAS1,,,,33.055
2026-08-19 16:30:00,VIC1,,,,422.87
2026-08-19 17:00:00,NSW1,,,,356.958
2026-08-19 17:00:00,QLD1,,,,366.824
2026-08-19 17:00:00,SA1,,,,432.133
2026-08-19 17:00:00,TAS1,,,,14.022
2026-08-19 17:00:00,VIC1,,,,192.299
2026-08-19 17:30:00,NSW1,,,,72.724
2026-08-19 17:30:00,QLD1,,,,58.427
2026-08-19 17:30:00,SA1,,,,243.755
2026-08-19 17:30:00,TAS1,,,,3.238
2026-08-19 17:30:00,VIC1,,,,23.494
2026-08-19 18:00:00,NSW1,,,,0.0
2026-08-19 18:00:00,QLD1,,,,0.0
2026-08-19 18:00:00,SA1,,,,84.023
2026-08-19 18:00:00,TAS1,,,,0.0
2026-08-19 18:00:00,VIC1,,,,0.0
2026-08-19 18:30:00,NSW1,,,,0.0
2026-08-19 18:30:00,QLD1,,,,0.0
2026-08-19 18:30:00,SA1,,,,0.0
2026-08-19 18:30:00,TAS1,,,,0.0
2026-08-19 18:30:00,VIC1,,,,0.0
2026-08-19 19:00:00,NSW1,,,,0.0
2026-08-19 19:00:00,QLD1,,,,0.0
2026-08-19 19:00:00,SA1,,,,0.0
2026-08-19 19:00:00,TAS1,,,,0.0
2026-08-19 19:00:00,VIC1,,,,0.0
2026-08-19 19:30:00,NSW1,,,,0.0
2026-08-19 19:30:00,QLD1,,,,0.0
2026-08-19 19:30:00,SA1,,,,0.0
2026-08-19 19:30:00,TAS1,,,,0.0
2026-08-19 19:30:00,VIC1,,,,0.0
2026-08-19 20:00:00,NSW1,,,,0.0
2026-08-19 20:00:00,QLD1,,,,0.0
2026-08-19 20:00:00,SA1,,,,0.0
2026-08-19 20:00:00,TAS1,,,,0.0
2026-08-19 20:00:00,VIC1,,,,0.0
2026-08-19 20:30:00,NSW1,,,,0.0
2026-08-19 20:30:00,QLD1,,,,0.0
2026-08-19 20:30:00,SA1,,,,0.0
2026-08-19 20:30:00,TAS1,,,,0.0
2026-08-19 20:30:00,VIC1,,,,0.0
2026-08-19 21:00:00,NSW1,,,,0.0
2026-08-19 21:00:00,QLD1,,,,0.0
2026-08-19 21:00:00,SA1,,,,0.0
2026-08-19 21:00:00,TAS1,,,,0.0
2026-08-19 21:00:00,VIC1,,,,0.0
2026-08-19 21:30:00,NSW1,,,,0.0
2026-08-19 21:30:00,QLD1,,,,0.0
2026-08-19 21:30:00,SA1,,,,0.0
2026-08-19 21:30:00,TAS1,,,,0.0
2026-08-19 21:30:00,VIC1,,,,0.0
2026-08-19 22:00:00,NSW1,,,,0.0
2026-08-19 22:00:00,QLD1,,,,0.0
2026-08-19 22:00:00,SA1,,,,0.0
2026-08-19 22:00:00,TAS1,,,,0.0
2026-08-19 22:00:00,VIC1,,,,0.0
2026-08-19 22:30:00,NSW1,,,,0.0
2026-08-19 22:30:00,QLD1,,,,0.0
2026-08-19 22:30:00,SA1,,,,0.0
2026-08-19 22:30:00,TAS1,,,,0.0
2026-08-19 22:30:00,VIC1,,,,0.0
2026-08-19 23:00:00,NSW1,,,,0.0
2026-08-19 23:00:00,QLD1,,,,0.0
2026-08-19 23:00:00,SA1,,,,0.0
2026-08-19 23:00:00,TAS1,,,,0.0
2026-08-19 23:00:00,VIC1,,,,0.0
2026-08-19 23:30:00,NSW1,,,,0.0
2026-08-19 23:30:00,QLD1,,,,0.0
2026-08-19 23:30:00,SA1,,,,0.0
2026-08-19 23:30:00,TAS1,,,,0.0
2026-08-19 23:30:00,VIC1,,,,0.0
2026-08-20 00:00:00,NSW1,,,,0.0
2026-08-20 00:00:00,QLD1,,,,0.0
2026-08-20 00:00:00,SA1,,,,0.0
2026-08-20 00:00:00,TAS1,,,,0.0
2026-08-20 00:00:00,VIC1,,,,0.0
2026-08-20 00:30:00,NSW1,,,,0.0
2026-08-20 00:30:00,QLD1,,,,0.0
2026-08-20 00:30:00,SA1,,,,0.0
2026-08-20 00:30:00,TAS1,,,,0.0
2026-08-20 00:30:00,VIC1,,,,0.0
2026-08-20 01:00:00,NSW1,,,,0.0
2026-08-20 01:00:00,QLD1,,,,0.0
2026-08-20 01:00:00,SA1,,,,0.0
2026-08-20 01:00:00,TAS1,,,,0.0
2026-08-20 01:00:00,VIC1,,,,0.0
2026-08-20 01:30:00,NSW1,,,,0.0
2026-08-20 01:30:00,QLD1,,,,0.0
2026-08-20 01:30:00,SA1,,,,0.0
2026-08-20 01:30:00,TAS1,,,,0.0
2026-08-20 01:30:00,VIC1,,,,0.0
2026-08-20 02:00:00,NSW1,,,,0.0
2026-08-20 02:00:00,QLD1,,,,0.0
2026-08-20 02:00:00,SA1,,,,0.0
2026-08-20 02:00:00,TAS1,,,,0.0
2026-08-20 02:00:00,VIC1,,,,0.0
2026-08-20 02:30:00,NSW1,,,,0.0
2026-08-20 02:30:00,QLD1,,,,0.0
2026-08-20 02:30:00,SA1,,,,0.0
2026-08-20 02:30:00,TAS1,,,,0.0
2026-08-20 02:30:00,VIC1,,,,0.0
2026-08-20 03:00:00,NSW1,,,,0.0
2026-08-20 03:00:00,QLD1,,,,0.0
2026-08-20 03:00:00,SA1,,,,0.0
2026-08-20 03:00:00,TAS1,,,,0.0
2026-08-20 03:00:00,VIC1,,,,0.0
2026-08-20 03:30:00,NSW1,,,,0.0
2026-08-20 03:30:00,QLD1,,,,0.0
2026-08-20 03:30:00,SA1,,,,0.0
2026-08-20 03:30:00,TAS1,,,,0.0
2026-08-20 03:30:00,VIC1,,,,0.0
2026-08-20 04:00:00,NSW1,,,,0.0
2026-08-20 04:00:00,QLD1,,,,0.0
2026-08-20 04:00:00,SA1,,,,0.0
2026-08-20 04:00:00,TAS1,,,,0.0
2026-08-20 04:00:00,VIC1,,,,0.0
2026-08-20 04:30:00,NSW1,,,,0.0
2026-08-20 04:30:00,QLD1,,,,0.0
2026-08-20 04:30:00,SA1,,,,0.0
2026-08-20 04:30:00,TAS1,,,,0.0
2026-08-20 04:30:00,VIC1,,,,0.0
2026-08-20 05:00:00,NSW1,,,,0.0
2026-08-20 05:00:00,QLD1,,,,0.0
2026-08-20 05:00:00,SA1,,,,0.0
2026-08-20 05:00:00,TAS1,,,,0.0
2026-08-20 05:00:00,VIC1,,,,0.0
2026-08-20 05:30:00,NSW1,,,,0.0
2026-08-20 05:30:00,QLD1,,,,0.0
2026-08-20 05:30:00,SA1,,,,0.0
2026-08-20 05:30:00,TAS1,,,,0.0
2026-08-20 05:30:00,VIC1,,,,0.0
2026-08-20 06:00:00,NSW1,,,,0.0
2026-08-20 06:00:00,QLD1,,,,0.0
2026-08-20 06:00:00,SA1,,,,0.0
2026-08-20 06:00:00,TAS1,,,,0.0
2026-08-20 06:00:00,VIC1,,,,0.0
2026-08-20 06:30:00,NSW1,,,,0.0
2026-08-20 06:30:00,QLD1,,,,0.0
2026-08-20 06:30:00,SA1,,,,0.0
2026-08-20 06:30:00,TAS1,,,,0.0
2026-08-20 06:30:00,VIC1,,,,0.0
2026-08-20 07:00:00,NSW1,,,,86.424
2026-08-20 07:00:00,QLD1,,,,105.414
2026-08-20 07:00:00,SA1,,,,0.0
2026-08-20 07:00:00,TAS1,,,,0.0
2026-08-20 07:00:00,VIC1,,,,0.0
2026-08-20 07:30:00,NSW1,,,,394.702
2026-08-20 07:30:00,QLD1,,,,541.429
2026-08-20 07:30:00,SA1,,,,0.0
2026-08-20 07:30:00,TAS1,,,,3.866
2026-08-20 07:30:00,VIC1,,,,0.0
2026-08-20 08:00:00,NSW1,,,,928.066
2026-08-20 08:00:00,QLD1,,,,1151.052
2026-08-20 08:00:00,SA1,,,,45.186
2026-08-20 08:00:00,TAS1,,,,14.302
2026-08-20 08:00:00,VIC1,,,,90.142
2026-08-20 08:30:00,NSW1,,,,1522.327
2026-08-20 08:30:00,QLD1,,,,1798.369
2026-08-20 08:30:00,SA1,,,,163.576
2026-08-20 08:30:00,TAS1,,,,33.585
2026-08-20 08:30:00,VIC1,,,,292.736
2026-08-20 09:00:00,NSW1,,,,2122.136
2026-08-20 09:00:00,QLD1,,,,2384.597
2026-08-20 09:00:00,SA1,,,,329.519
2026-08-20 09:00:00,TAS1,,,,55.188
2026-08-20 09:00:00,VIC1,,,,525.876
2026-08-20 09:30:00,NSW1,,,,2683.481
2026-08-20 09:30:00,QLD1,,,,2879.129
2026-08-20 09:30:00,SA1,,,,499.478
2026-08-20 09:30:00,TAS1,,,,78.016
2026-08-20 09:30:00,VIC1,,,,762.385
2026-08-20 10:00:00,NSW1,,,,3171.1
2026-08-20 10:00:00,QLD1,,,,3270.162
2026-08-20 10:00:00,SA1,,,,663.418
2026-08-20 10:00:00,TAS1,,,,100.767
2026-08-20 10:00:00,VIC1,,,,983.914
2026-08-20 10:30:00,NSW1,,,,3542.226
2026-08-20 10:30:00,QLD1,,,,3548.328
2026-08-20 10:30:00,SA1,,,,809.203
2026-08-20 10:30:00,TAS1,,,,119.898
2026-08-20 10:30:00,VIC1,,,,1183.1
2026-08-20 11:00:00,NSW1,,,,3818.384
2026-08-20 11:00:00,QLD1,,,,3742.483
2026-08-20 11:00:00,SA1,,,,927.103
2026-08-20 11:00:00,TAS1,,,,135.247
2026-08-20 11:00:00,VIC1,,,,1348.128
2026-08-20 11:30:00,NSW1,,,,4001.502
2026-08-20 11:30:00,QLD1,,,,3853.939
2026-08-20 11:30:00,SA1,,,,1022.007
2026-08-20 11:30:00,TAS1,,,,145.933
2026-08-20 11:30:00,VIC1,,,,1468.91
2026-08-20 12:00:00,NSW1,,,,4095.677
2026-08-20 12:00:00,QLD1,,,,3903.395
2026-08-20 12:00:00,SA1,,,,1093.783
2026-08-20 12:00:00,TAS1,,,,150.363
2026-08-20 12:00:00,VIC1,,,,1541.443
2026-08-20 12:30:00,NSW1,,,,4095.315
2026-08-20 12:30:00,QLD1,,,,3880.621
2026-08-20 12:30:00,SA1,,,,1136.377
2026-08-20 12:30:00,TAS1,,,,151.98
2026-08-20 12:30:00,VIC1,,,,1573.561
2026-08-20 13:00:00,NSW1,,,,3983.162
2026-08-20 13:00:00,QLD1,,,,3784.562
2026-08-20 13:00:00,SA1,,,,1145.38
2026-08-20 13:00:00,TAS1,,,,149.461
2026-08-20 13:00:00,VIC1,,,,1564.015
2026-08-20 13:30:00,NSW1,,,,3769.688
2026-08-20 13:30:00,QLD1,,,,3609.281
2026-08-20 13:30:00,SA1,,,,1133.325
2026-08-20 13:30:00,TAS1,,,,141.315
2026-08-20 13:30:00,VIC1,,,,1504.73
2026-08-20 14:00:00,NSW1,,,,3471.486
2026-08-20 14:00:00,QLD1,,,,3348.516
2026-08-20 14:00:00,SA1,,,,1104.043
2026-08-20 14:00:00,TAS1,,,,129.614
2026-08-20 14:00:00,VIC1,,,,1404.738
2026-08-20 14:30:00,NSW1,,,,3089.619
2026-08-20 14:30:00,QLD1,,,,2997.599
2026-08-20 14:30:00,SA1,,,,1048.749
2026-08-20 14:30:00,TAS1,,,,114.337
2026-08-20 14:30:00,VIC1,,,,1268.479
2026-08-20 15:00:00,NSW1,,,,2619.586
2026-08-20 15:00:00,QLD1,,,,2566.806
2026-08-20 15:00:00,SA1,,,,962.105
2026-08-20 15:00:00,TAS1,,,,96.101
2026-08-20 15:00:00,VIC1,,,,1097.511
2026-08-20 15:30:00,NSW1,,,,2066.543
2026-08-20 15:30:00,QLD1,,,,2063.497
2026-08-20 15:30:00,SA1,,,,840.752
2026-08-20 15:30:00,TAS1,,,,75.748
2026-08-20 15:30:00,VIC1,,,,892.621
2026-08-20 16:00:00,NSW1,,,,1486.897
2026-08-20 16:00:00,QLD1,,,,1494.452
2026-08-20 16:00:00,SA1,,,,697.439
2026-08-20 16:00:00,TAS1,,,,54.267
2026-08-20 16:00:00,VIC1,,,,663.721
2026-08-20 16:30:00,NSW1,,,,926.078
2026-08-20 16:30:00,QLD1,,,,909.48
2026-08-20 16:30:00,SA1,,,,545.375
2026-08-20 16:30:00,TAS1,,,,33.009
2026-08-20 16:30:00,VIC1,,,,432.112
2026-08-20 17:00:00,NSW1,,,,406.307
2026-08-20 17:00:00,QLD1,,,,386.17
2026-08-20 17:00:00,SA1,,,,380.875
2026-08-20 17:00:00,TAS1,,,,13.957
2026-08-20 17:00:00,VIC1,,,,205.887
2026-08-20 17:30:00,NSW1,,,,82.046
2026-08-20 17:30:00,QLD1,,,,66.092
2026-08-20 17:30:00,SA1,,,,216.144
2026-08-20 17:30:00,TAS1,,,,3.476
2026-08-20 17:30:00,VIC1,,,,34.922
2026-08-20 18:00:00,NSW1,,,,0.0
2026-08-20 18:00:00,QLD1,,,,0.0
2026-08-20 18:00:00,SA1,,,,75.88
2026-08-20 18:00:00,TAS1,,,,0.0
2026-08-20 18:00:00,VIC1,,,,0.0
2026-08-20 18:30:00,NSW1,,,,0.0
2026-08-20 18:30:00,QLD1,,,,0.0
2026-08-20 18:30:00,SA1,,,,0.0
2026-08-20 18:30:00,TAS1,,,,0.0
2026-08-20 18:30:00,VIC1,,,,0.0
2026-08-20 19:00:00,NSW1,,,,0.0
2026-08-20 19:00:00,QLD1,,,,0.0
2026-08-20 19:00:00,SA1,,,,0.0
2026-08-20 19:00:00,TAS1,,,,0.0
2026-08-20 19:00:00,VIC1,,,,0.0
2026-08-20 19:30:00,NSW1,,,,0.0
2026-08-20 19:30:00,QLD1,,,,0.0
2026-08-20 19:30:00,SA1,,,,0.0
2026-08-20 19:30:00,TAS1,,,,0.0
2026-08-20 19:30:00,VIC1,,,,0.0
2026-08-20 20:00:00,NSW1,,,,0.0
2026-08-20 20:00:00,QLD1,,,,0.0
2026-08-20 20:00:00,SA1,,,,0.0
2026-08-20 20:00:00,TAS1,,,,0.0
2026-08-20 20:00:00,VIC1,,,,0.0
2026-08-20 20:30:00,NSW1,,,,0.0
2026-08-20 20:30:00,QLD1,,,,0.0
2026-08-20 20:30:00,SA1,,,,0.0
2026-08-20 20:30:00,TAS1,,,,0.0
2026-08-20 20:30:00,VIC1,,,,0.0
2026-08-20 21:00:00,NSW1,,,,0.0
2026-08-20 21:00:00,QLD1,,,,0.0
2026-08-20 21:00:00,SA1,,,,0.0
2026-08-20 21:00:00,TAS1,,,,0.0
2026-08-20 21:00:00,VIC1,,,,0.0
2026-08-20 21:30:00,NSW1,,,,0.0
2026-08-20 21:30:00,QLD1,,,,0.0
2026-08-20 21:30:00,SA1,,,,0.0
2026-08-20 21:30:00,TAS1,,,,0.0
2026-08-20 21:30:00,VIC1,,,,0.0
2026-08-20 22:00:00,NSW1,,,,0.0
2026-08-20 22:00:00,QLD1,,,,0.0
2026-08-20 22:00:00,SA1,,,,0.0
2026-08-20 22:00:00,TAS1,,,,0.0
2026-08-20 22:00:00,VIC1,,,,0.0
2026-08-20 22:30:00,NSW1,,,,0.0
2026-08-20 22:30:00,QLD1,,,,0.0
2026-08-20 22:30:00,SA1,,,,0.0
2026-08-20 22:30:00,TAS1,,,,0.0
2026-08-20 22:30:00,VIC1,,,,0.0
2026-08-20 23:00:00,NSW1,,,,0.0
2026-08-20 23:00:00,QLD1,,,,0.0
2026-08-20 23:00:00,SA1,,,,0.0
2026-08-20 23:00:00,TAS1,,,,0.0
2026-08-20 23:00:00,VIC1,,,,0.0
2026-08-20 23:30:00,NSW1,,,,0.0
2026-08-20 23:30:00,QLD1,,,,0.0
2026-08-20 23:30:00,SA1,,,,0.0
2026-08-20 23:30:00,TAS1,,,,0.0
2026-08-20 23:30:00,VIC1,,,,0.0
2026-08-21 00:00:00,NSW1,,,,0.0
2026-08-21 00:00:00,QLD1,,,,0.0
2026-08-21 00:00:00,SA1,,,,0.0
2026-08-21 00:00:00,TAS1,,,,0.0
2026-08-21 00:00:00,VIC1,,,,0.0
2026-08-21 00:30:00,NSW1,,,,0.0
2026-08-21 00:30:00,QLD1,,,,0.0
2026-08-21 00:30:00,SA1,,,,0.0
2026-08-21 00:30:00,TAS1,,,,0.0
2026-08-21 00:30:00,VIC1,,,,0.0
2026-08-21 01:00:00,NSW1,,,,0.0
2026-08-21 01:00:00,QLD1,,,,0.0
2026-08-21 01:00:00,SA1,,,,0.0
2026-08-21 01:00:00,TAS1,,,,0.0
2026-08-21 01:00:00,VIC1,,,,0.0
2026-08-21 01:30:00,NSW1,,,,0.0
2026-08-21 01:30:00,QLD1,,,,0.0
2026-08-21 01:30:00,SA1,,,,0.0
2026-08-21 01:30:00,TAS1,,,,0.0
2026-08-21 01:30:00,VIC1,,,,0.0
2026-08-21 02:00:00,NSW1,,,,0.0
2026-08-21 02:00:00,QLD1,,,,0.0
2026-08-21 02:00:00,SA1,,,,0.0
2026-08-21 02:00:00,TAS1,,,,0.0
2026-08-21 02:00:00,VIC1,,,,0.0
2026-08-21 02:30:00,NSW1,,,,0.0
2026-08-21 02:30:00,QLD1,,,,0.0
2026-08-21 02:30:00,SA1,,,,0.0
2026-08-21 02:30:00,TAS1,,,,0.0
2026-08-21 02:30:00,VIC1,,,,0.0
2026-08-21 03:00:00,NSW1,,,,0.0
2026-08-21 03:00:00,QLD1,,,,0.0
2026-08-21 03:00:00,SA1,,,,0.0
2026-08-21 03:00:00,TAS1,,,,0.0
2026-08-21 03:00:00,VIC1,,,,0.0
2026-08-21 03:30:00,NSW1,,,,0.0
2026-08-21 03:30:00,QLD1,,,,0.0
2026-08-21 03:30:00,SA1,,,,0.0
2026-08-21 03:30:00,TAS1,,,,0.0
2026-08-21 03:30:00,VIC1,,,,0.0
2026-08-21 04:00:00,NSW1,,,,0.0
2026-08-21 04:00:00,QLD1,,,,0.0
2026-08-21 04:00:00,SA1,,,,0.0
2026-08-21 04:00:00,TAS1,,,,0.0
2026-08-21 04:00:00,VIC1,,,,0.0
2026-08-21 04:30:00,NSW1,,,,0.0
2026-08-21 04:30:00,QLD1,,,,0.0
2026-08-21 04:30:00,SA1,,,,0.0
2026-08-21 04:30:00,TAS1,,,,0.0
2026-08-21 04:30:00,VIC1,,,,0.0
2026-08-21 05:00:00,NSW1,,,,0.0
2026-08-21 05:00:00,QLD1,,,,0.0
2026-08-21 05:00:00,SA1,,,,0.0
2026-08-21 05:00:00,TAS1,,,,0.0
2026-08-21 05:00:00,VIC1,,,,0.0
2026-08-21 05:30:00,NSW1,,,,0.0
2026-08-21 05:30:00,QLD1,,,,0.0
2026-08-21 05:30:00,SA1,,,,0.0
2026-08-21 05:30:00,TAS1,,,,0.0
2026-08-21 05:30:00,VIC1,,,,0.0
2026-08-21 06:00:00,NSW1,,,,0.0
2026-08-21 06:00:00,QLD1,,,,0.0
2026-08-21 06:00:00,SA1,,,,0.0
2026-08-21 06:00:00,TAS1,,,,0.0
2026-08-21 06:00:00,VIC1,,,,0.0
2026-08-21 06:30:00,NSW1,,,,0.0
2026-08-21 06:30:00,QLD1,,,,0.0
2026-08-21 06:30:00,SA1,,,,0.0
2026-08-21 06:30:00,TAS1,,,,0.0
2026-08-21 06:30:00,VIC1,,,,0.0
2026-08-21 07:00:00,NSW1,,,,74.071
2026-08-21 07:00:00,QLD1,,,,111.856
2026-08-21 07:00:00,SA1,,,,0.0
2026-08-21 07:00:00,TAS1,,,,0.0
2026-08-21 07:00:00,VIC1,,,,0.0
2026-08-21 07:30:00,NSW1,,,,339.567
2026-08-21 07:30:00,QLD1,,,,566.399
2026-08-21 07:30:00,SA1,,,,0.0
2026-08-21 07:30:00,TAS1,,,,5.072
2026-08-21 07:30:00,VIC1,,,,5.604
2026-08-21 08:00:00,NSW1,,,,795.53
2026-08-21 08:00:00,QLD1,,,,1190.02
2026-08-21 08:00:00,SA1,,,,44.11
2026-08-21 08:00:00,TAS1,,,,17.476
2026-08-21 08:00:00,VIC1,,,,153.906
2026-08-21 08:30:00,NSW1,,,,1267.579
2026-08-21 08:30:00,QLD1,,,,1851.889
2026-08-21 08:30:00,SA1,,,,153.537
2026-08-21 08:30:00,TAS1,,,,38.691
2026-08-21 08:30:00,VIC1,,,,449.203
2026-08-21 09:00:00,NSW1,,,,1715.068
2026-08-21 09:00:00,QLD1,,,,2459.545
2026-08-21 09:00:00,SA1,,,,306.157
2026-08-21 09:00:00,TAS1,,,,60.883
2026-08-21 09:00:00,VIC1,,,,795.297
2026-08-21 09:30:00,NSW1,,,,2127.106
2026-08-21 09:30:00,QLD1,,,,2988.996
2026-08-21 09:30:00,SA1,,,,465.05
2026-08-21 09:30:00,TAS1,,,,83.421
2026-08-21 09:30:00,VIC1,,,,1154.434
2026-08-21 10:00:00,NSW1,,,,2487.959
2026-08-21 10:00:00,QLD1,,,,3411.952
2026-08-21 10:00:00,SA1,,,,620.523
2026-08-21 10:00:00,TAS1,,,,105.017
2026-08-21 10:00:00,VIC1,,,,1492.821
2026-08-21 10:30:00,NSW1,,,,2787.774
2026-08-21 10:30:00,QLD1,,,,3694.861
2026-08-21 10:30:00,SA1,,,,759.964
2026-08-21 10:30:00,TAS1,,,,122.226
2026-08-21 10:30:00,VIC1,,,,1777.734
2026-08-21 11:00:00,NSW1,,,,3008.709
2026-08-21 11:00:00,QLD1,,,,3888.194
2026-08-21 11:00:00,SA1,,,,878.519
2026-08-21 11:00:00,TAS1,,,,135.245
2026-08-21 11:00:00,VIC1,,,,2010.501
2026-08-21 11:30:00,NSW1,,,,3153.946
2026-08-21 11:30:00,QLD1,,,,3992.76
2026-08-21 11:30:00,SA1,,,,975.44
2026-08-21 11:30:00,TAS1,,,,143.441
2026-08-21 11:30:00,VIC1,,,,2180.785
2026-08-21 12:00:00,NSW1,,,,3234.61
2026-08-21 12:00:00,QLD1,,,,4030.337
2026-08-21 12:00:00,SA1,,,,1044.518
2026-08-21 12:00:00,TAS1,,,,145.985
2026-08-21 12:00:00,VIC1,,,,2282.976
2026-08-21 12:30:00,NSW1,,,,3243.884
2026-08-21 12:30:00,QLD1,,,,3986.843
2026-08-21 12:30:00,SA1,,,,1081.847
2026-08-21 12:30:00,TAS1,,,,146.163
2026-08-21 12:30:00,VIC1,,,,2317.72
2026-08-21 13:00:00,NSW1,,,,3159.184
2026-08-21 13:00:00,QLD1,,,,3864.523
2026-08-21 13:00:00,SA1,,,,1085.252
2026-08-21 13:00:00,TAS1,,,,142.49
2026-08-21 13:00:00,VIC1,,,,2285.768
2026-08-21 13:30:00,NSW1,,,,3008.326
2026-08-21 13:30:00,QLD1,,,,3664.816
2026-08-21 13:30:00,SA1,,,,1058.413
2026-08-21 13:30:00,TAS1,,,,135.273
2026-08-21 13:30:00,VIC1,,,,2172.999
2026-08-21 14:00:00,NSW1,,,,2790.171
2026-08-21 14:00:00,QLD1,,,,3379.259
2026-08-21 14:00:00,SA1,,,,1016.507
2026-08-21 14:00:00,TAS1,,,,124.975
2026-08-21 14:00:00,VIC1,,,,1999.814
2026-08-21 14:30:00,NSW1,,,,2506.108
2026-08-21 14:30:00,QLD1,,,,3007.685
2026-08-21 14:30:00,SA1,,,,955.035
2026-08-21 14:30:00,TAS1,,,,111.327
2026-08-21 14:30:00,VIC1,,,,1773.667
2026-08-21 15:00:00,NSW1,,,,2152.829
2026-08-21 15:00:00,QLD1,,,,2560.584
2026-08-21 15:00:00,SA1,,,,868.914
2026-08-21 15:00:00,TAS1,,,,94.667
2026-08-21 15:00:00,VIC1,,,,1505.423
2026-08-21 15:30:00,NSW1,,,,1731.681
2026-08-21 15:30:00,QLD1,,,,2048.013
2026-08-21 15:30:00,SA1,,,,754.64
2026-08-21 15:30:00,TAS1,,,,75.734
2026-08-21 15:30:00,VIC1,,,,1204.636
2026-08-21 16:00:00,NSW1,,,,1277.147
2026-08-21 16:00:00,QLD1,,,,1479.858
2026-08-21 16:00:00,SA1,,,,623.497
2026-08-21 16:00:00,TAS1,,,,55.468
2026-08-21 16:00:00,VIC1,,,,881.551
2026-08-21 16:30:00,NSW1,,,,809.419
2026-08-21 16:30:00,QLD1,,,,902.34
2026-08-21 16:30:00,SA1,,,,489.135
2026-08-21 16:30:00,TAS1,,,,35.298
2026-08-21 16:30:00,VIC1,,,,567.684
2026-08-21 17:00:00,NSW1,,,,347.051
2026-08-21 17:00:00,QLD1,,,,381.142
2026-08-21 17:00:00,SA1,,,,344.091
2026-08-21 17:00:00,TAS1,,,,15.708
2026-08-21 17:00:00,VIC1,,,,275.972
2026-08-21 17:30:00,NSW1,,,,64.194
2026-08-21 17:30:00,QLD1,,,,54.81
2026-08-21 17:30:00,SA1,,,,198.251
2026-08-21 17:30:00,TAS1,,,,3.661
2026-08-21 17:30:00,VIC1,,,,53.632
2026-08-21 18:00:00,NSW1,,,,0.0
2026-08-21 18:00:00,QLD1,,,,0.0
2026-08-21 18:00:00,SA1,,,,71.157
2026-08-21 18:00:00,TAS1,,,,0.0
2026-08-21 18:00:00,VIC1,,,,0.0
2026-08-21 18:30:00,NSW1,,,,0.0
2026-08-21 18:30:00,QLD1,,,,0.0
2026-08-21 18:30:00,SA1,,,,0.0
2026-08-21 18:30:00,TAS1,,,,0.0
2026-08-21 18:30:00,VIC1,,,,0.0
2026-08-21 19:00:00,NSW1,,,,0.0
2026-08-21 19:00:00,QLD1,,,,0.0
2026-08-21 19:00:00,SA1,,,,0.0
2026-08-21 19:00:00,TAS1,,,,0.0
2026-08-21 19:00:00,VIC1,,,,0.0
2026-08-21 19:30:00,NSW1,,,,0.0
2026-08-21 19:30:00,QLD1,,,,0.0
2026-08-21 19:30:00,SA1,,,,0.0
2026-08-21 19:30:00,TAS1,,,,0.0
2026-08-21 19:30:00,VIC1,,,,0.0
2026-08-21 20:00:00,NSW1,,,,0.0
2026-08-21 20:00:00,QLD1,,,,0.0
2026-08-21 20:00:00,SA1,,,,0.0
2026-08-21 20:00:00,TAS1,,,,0.0
2026-08-21 20:00:00,VIC1,,,,0.0
2026-08-21 20:30:00,NSW1,,,,0.0
2026-08-21 20:30:00,QLD1,,,,0.0
2026-08-21 20:30:00,SA1,,,,0.0
2026-08-21 20:30:00,TAS1,,,,0.0
2026-08-21 20:30:00,VIC1,,,,0.0
2026-08-21 21:00:00,NSW1,,,,0.0
2026-08-21 21:00:00,QLD1,,,,0.0
2026-08-21 21:00:00,SA1,,,,0.0
2026-08-21 21:00:00,TAS1,,,,0.0
2026-08-21 21:00:00,VIC1,,,,0.0
2026-08-21 21:30:00,NSW1,,,,0.0
2026-08-21 21:30:00,QLD1,,,,0.0
2026-08-21 21:30:00,SA1,,,,0.0
2026-08-21 21:30:00,TAS1,,,,0.0
2026-08-21 21:30:00,VIC1,,,,0.0
2026-08-21 22:00:00,NSW1,,,,0.0
2026-08-21 22:00:00,QLD1,,,,0.0
2026-08-21 22:00:00,SA1,,,,0.0
2026-08-21 22:00:00,TAS1,,,,0.0
2026-08-21 22:00:00,VIC1,,,,0.0
2026-08-21 22:30:00,NSW1,,,,0.0
2026-08-21 22:30:00,QLD1,,,,0.0
2026-08-21 22:30:00,SA1,,,,0.0
2026-08-21 22:30:00,TAS1,,,,0.0
2026-08-21 22:30:00,VIC1,,,,0.0
2026-08-21 23:00:00,NSW1,,,,0.0
2026-08-21 23:00:00,QLD1,,,,0.0
2026-08-21 23:00:00,SA1,,,,0.0
2026-08-21 23:00:00,TAS1,,,,0.0
2026-08-21 23:00:00,VIC1,,,,0.0
2026-08-21 23:30:00,NSW1,,,,0.0
2026-08-21 23:30:00,QLD1,,,,0.0
2026-08-21 23:30:00,SA1,,,,0.0
2026-08-21 23:30:00,TAS1,,,,0.0
2026-08-21 23:30:00,VIC1,,,,0.0
2026-08-22 00:00:00,NSW1,,,,0.0
2026-08-22 00:00:00,QLD1,,,,0.0
2026-08-22 00:00:00,SA1,,,,0.0
2026-08-22 00:00:00,TAS1,,,,0.0
2026-08-22 00:00:00,VIC1,,,,0.0
2026-08-22 00:30:00,NSW1,,,,0.0
2026-08-22 00:30:00,QLD1,,,,0.0
2026-08-22 00:30:00,SA1,,,,0.0
2026-08-22 00:30:00,TAS1,,,,0.0
2026-08-22 00:30:00,VIC1,,,,0.0
2026-08-22 01:00:00,NSW1,,,,0.0
2026-08-22 01:00:00,QLD1,,,,0.0
2026-08-22 01:00:00,SA1,,,,0.0
2026-08-22 01:00:00,TAS1,,,,0.0
2026-08-22 01:00:00,VIC1,,,,0.0
2026-08-22 01:30:00,NSW1,,,,0.0
2026-08-22 01:30:00,QLD1,,,,0.0
2026-08-22 01:30:00,SA1,,,,0.0
2026-08-22 01:30:00,TAS1,,,,0.0
2026-08-22 01:30:00,VIC1,,,,0.0
2026-08-22 02:00:00,NSW1,,,,0.0
2026-08-22 02:00:00,QLD1,,,,0.0
2026-08-22 02:00:00,SA1,,,,0.0
2026-08-22 02:00:00,TAS1,,,,0.0
2026-08-22 02:00:00,VIC1,,,,0.0
2026-08-22 02:30:00,NSW1,,,,0.0
2026-08-22 02:30:00,QLD1,,,,0.0
2026-08-22 02:30:00,SA1,,,,0.0
2026-08-22 02:30:00,TAS1,,,,0.0
2026-08-22 02:30:00,VIC1,,,,0.0
2026-08-22 03:00:00,NSW1,,,,0.0
2026-08-22 03:00:00,QLD1,,,,0.0
2026-08-22 03:00:00,SA1,,,,0.0
2026-08-22 03:00:00,TAS1,,,,0.0
2026-08-22 03:00:00,VIC1,,,,0.0
2026-08-22 03:30:00,NSW1,,,,0.0
2026-08-22 03:30:00,QLD1,,,,0.0
2026-08-22 03:30:00,SA1,,,,0.0
2026-08-22 03:30:00,TAS1,,,,0.0
2026-08-22 03:30:00,VIC1,,,,0.0
2026-08-22 04:00:00,NSW1,,,,0.0
2026-08-22 04:00:00,QLD1,,,,0.0
2026-08-22 04:00:00,SA1,,,,0.0
2026-08-22 04:00:00,TAS1,,,,0.0
2026-08-22 04:00:00,VIC1,,,,0.0
2026-08-22 04:30:00,NSW1,,,,0.0
2026-08-22 04:30:00,QLD1,,,,0.0
2026-08-22 04:30:00,SA1,,,,0.0
2026-08-22 04:30:00,TAS1,,,,0.0
2026-08-22 04:30:00,VIC1,,,,0.0
2026-08-22 05:00:00,NSW1,,,,0.0
2026-08-22 05:00:00,QLD1,,,,0.0
2026-08-22 05:00:00,SA1,,,,0.0
2026-08-22 05:00:00,TAS1,,,,0.0
2026-08-22 05:00:00,VIC1,,,,0.0
2026-08-22 05:30:00,NSW1,,,,0.0
2026-08-22 05:30:00,QLD1,,,,0.0
2026-08-22 05:30:00,SA1,,,,0.0
2026-08-22 05:30:00,TAS1,,,,0.0
2026-08-22 05:30:00,VIC1,,,,0.0
2026-08-22 06:00:00,NSW1,,,,0.0
2026-08-22 06:00:00,QLD1,,,,0.0
2026-08-22 06:00:00,SA1,,,,0.0
2026-08-22 06:00:00,TAS1,,,,0.0
2026-08-22 06:00:00,VIC1,,,,0.0
2026-08-22 06:30:00,NSW1,,,,0.0
2026-08-22 06:30:00,QLD1,,,,0.0
2026-08-22 06:30:00,SA1,,,,0.0
2026-08-22 06:30:00,TAS1,,,,0.0
2026-08-22 06:30:00,VIC1,,,,0.0
2026-08-22 07:00:00,NSW1,,,,96.144
2026-08-22 07:00:00,QLD1,,,,103.781
2026-08-22 07:00:00,SA1,,,,0.0
2026-08-22 07:00:00,TAS1,,,,0.0
2026-08-22 07:00:00,VIC1,,,,0.0
2026-08-22 07:30:00,NSW1,,,,406.465
2026-08-22 07:30:00,QLD1,,,,561.351
2026-08-22 07:30:00,SA1,,,,0.0
2026-08-22 07:30:00,TAS1,,,,5.201
2026-08-22 07:30:00,VIC1,,,,24.048
2026-08-22 08:00:00,NSW1,,,,947.443
2026-08-22 08:00:00,QLD1,,,,1171.663
2026-08-22 08:00:00,SA1,,,,42.415
2026-08-22 08:00:00,TAS1,,,,19.904
2026-08-22 08:00:00,VIC1,,,,178.668
2026-08-22 08:30:00,NSW1,,,,1518.649
2026-08-22 08:30:00,QLD1,,,,1812.466
2026-08-22 08:30:00,SA1,,,,163.313
2026-08-22 08:30:00,TAS1,,,,43.192
2026-08-22 08:30:00,VIC1,,,,470.283
2026-08-22 09:00:00,NSW1,,,,2073.564
2026-08-22 09:00:00,QLD1,,,,2403.345
2026-08-22 09:00:00,SA1,,,,323.248
2026-08-22 09:00:00,TAS1,,,,66.629
2026-08-22 09:00:00,VIC1,,,,797.279
2026-08-22 09:30:00,NSW1,,,,2579.879
2026-08-22 09:30:00,QLD1,,,,2909.881
2026-08-22 09:30:00,SA1,,,,490.357
2026-08-22 09:30:00,TAS1,,,,89.179
2026-08-22 09:30:00,VIC1,,,,1126.405
2026-08-22 10:00:00,NSW1,,,,3014.376
2026-08-22 10:00:00,QLD1,,,,3306.258
2026-08-22 10:00:00,SA1,,,,652.59
2026-08-22 10:00:00,TAS1,,,,109.819
2026-08-22 10:00:00,VIC1,,,,1430.975
2026-08-22 10:30:00,NSW1,,,,3371.797
2026-08-22 10:30:00,QLD1,,,,3581.947
2026-08-22 10:30:00,SA1,,,,796.252
2026-08-22 10:30:00,TAS1,,,,126.981
2026-08-22 10:30:00,VIC1,,,,1687.304
2026-08-22 11:00:00,NSW1,,,,3631.855
2026-08-22 11:00:00,QLD1,,,,3777.094
2026-08-22 11:00:00,SA1,,,,919.551
2026-08-22 11:00:00,TAS1,,,,139.788
2026-08-22 11:00:00,VIC1,,,,1895.031
2026-08-22 11:30:00,NSW1,,,,3806.17
2026-08-22 11:30:00,QLD1,,,,3892.53
2026-08-22 11:30:00,SA1,,,,1019.16
2026-08-22 11:30:00,TAS1,,,,148.396
2026-08-22 11:30:00,VIC1,,,,2047.367
2026-08-22 12:00:00,NSW1,,,,3909.931
2026-08-22 12:00:00,QLD1,,,,3958.86
2026-08-22 12:00:00,SA1,,,,1090.273
2026-08-22 12:00:00,TAS1,,,,151.506
2026-08-22 12:00:00,VIC1,,,,2141.683
2026-08-22 12:30:00,NSW1,,,,3922.716
2026-08-22 12:30:00,QLD1,,,,3945.844
2026-08-22 12:30:00,SA1,,,,1130.634
2026-08-22 12:30:00,TAS1,,,,152.626
2026-08-22 12:30:00,VIC1,,,,2184.931
2026-08-22 13:00:00,NSW1,,,,3827.305
2026-08-22 13:00:00,QLD1,,,,3858.87
2026-08-22 13:00:00,SA1,,,,1140.414
2026-08-22 13:00:00,TAS1,,,,149.951
2026-08-22 13:00:00,VIC1,,,,2171.501
2026-08-22 13:30:00,NSW1,,,,3647.63
2026-08-22 13:30:00,QLD1,,,,3680.587
2026-08-22 13:30:00,SA1,,,,1131.921
2026-08-22 13:30:00,TAS1,,,,143.494
2026-08-22 13:30:00,VIC1,,,,2087.777
2026-08-22 14:00:00,NSW1,,,,3392.92
2026-08-22 14:00:00,QLD1,,,,3417.772
2026-08-22 14:00:00,SA1,,,,1107.368
2026-08-22 14:00:00,TAS1,,,,134.1
2026-08-22 14:00:00,VIC1,,,,1952.184
2026-08-22 14:30:00,NSW1,,,,3068.754
2026-08-22 14:30:00,QLD1,,,,3158.818
2026-08-22 14:30:00,SA1,,,,1107.507
2026-08-22 14:30:00,TAS1,,,,126.131
2026-08-22 14:30:00,VIC1,,,,1636.379
2026-08-22 15:00:00,NSW1,,,,2633.364
2026-08-22 15:00:00,QLD1,,,,2723.342
2026-08-22 15:00:00,SA1,,,,1024.988
2026-08-22 15:00:00,TAS1,,,,107.682
2026-08-22 15:00:00,VIC1,,,,1439.987
2026-08-22 15:30:00,NSW1,,,,2115.695
2026-08-22 15:30:00,QLD1,,,,2211.92
2026-08-22 15:30:00,SA1,,,,911.188
2026-08-22 15:30:00,TAS1,,,,86.963
2026-08-22 15:30:00,VIC1,,,,1205.467
2026-08-22 16:00:00,NSW1,,,,1558.195
2026-08-22 16:00:00,QLD1,,,,1650.941
2026-08-22 16:00:00,SA1,,,,771.137
2026-08-22 16:00:00,TAS1,,,,64.362
2026-08-22 16:00:00,VIC1,,,,942.112
2026-08-22 16:30:00,NSW1,,,,972.393
2026-08-22 16:30:00,QLD1,,,,1090.448
2026-08-22 16:30:00,SA1,,,,606.689
2026-08-22 16:30:00,TAS1,,,,41.33
2026-08-22 16:30:00,VIC1,,,,666.823
2026-08-22 17:00:00,NSW1,,,,415.069
2026-08-22 17:00:00,QLD1,,,,552.95
2026-08-22 17:00:00,SA1,,,,420.403
2026-08-22 17:00:00,TAS1,,,,19.111
2026-08-22 17:00:00,VIC1,,,,382.018
2026-08-22 17:30:00,NSW1,,,,66.805
2026-08-22 17:30:00,QLD1,,,,168.968
2026-08-22 17:30:00,SA1,,,,233.409
2026-08-22 17:30:00,TAS1,,,,4.569
2026-08-22 17:30:00,VIC1,,,,129.965
2026-08-22 18:00:00,NSW1,,,,0.0
2026-08-22 18:00:00,QLD1,,,,0.0
2026-08-22 18:00:00,SA1,,,,71.044
2026-08-22 18:00:00,TAS1,,,,0.0
2026-08-22 18:00:00,VIC1,,,,0.0
2026-08-22 18:30:00,NSW1,,,,0.0
2026-08-22 18:30:00,QLD1,,,,0.0
2026-08-22 18:30:00,SA1,,,,0.0
2026-08-22 18:30:00,TAS1,,,,0.0
2026-08-22 18:30:00,VIC1,,,,0.0
2026-08-22 19:00:00,NSW1,,,,0.0
2026-08-22 19:00:00,QLD1,,,,0.0
2026-08-22 19:00:00,SA1,,,,0.0
2026-08-22 19:00:00,TAS1,,,,0.0
2026-08-22 19:00:00,VIC1,,,,0.0
2026-08-22 19:30:00,NSW1,,,,0.0
2026-08-22 19:30:00,QLD1,,,,0.0
2026-08-22 19:30:00,SA1,,,,0.0
2026-08-22 19:30:00,TAS1,,,,0.0
2026-08-22 19:30:00,VIC1,,,,0.0
2026-08-22 20:00:00,NSW1,,,,0.0
2026-08-22 20:00:00,QLD1,,,,0.0
2026-08-22 20:00:00,SA1,,,,0.0
2026-08-22 20:00:00,TAS1,,,,0.0
2026-08-22 20:00:00,VIC1,,,,0.0
2026-08-22 20:30:00,NSW1,,,,0.0
2026-08-22 20:30:00,QLD1,,,,0.0
2026-08-22 20:30:00,SA1,,,,0.0
2026-08-22 20:30:00,TAS1,,,,0.0
2026-08-22 20:30:00,VIC1,,,,0.0
2026-08-22 21:00:00,NSW1,,,,0.0
2026-08-22 21:00:00,QLD1,,,,0.0
2026-08-22 21:00:00,SA1,,,,0.0
2026-08-22 21:00:00,TAS1,,,,0.0
2026-08-22 21:00:00,VIC1,,,,0.0
2026-08-22 21:30:00,NSW1,,,,0.0
2026-08-22 21:30:00,QLD1,,,,0.0
2026-08-22 21:30:00,SA1,,,,0.0
2026-08-22 21:30:00,TAS1,,,,0.0
2026-08-22 21:30:00,VIC1,,,,0.0
2026-08-22 22:00:00,NSW1,,,,0.0
2026-08-22 22:00:00,QLD1,,,,0.0
2026-08-22 22:00:00,SA1,,,,0.0
2026-08-22 22:00:00,TAS1,,,,0.0
2026-08-22 22:00:00,VIC1,,,,0.0
2026-08-22 22:30:00,NSW1,,,,0.0
2026-08-22 22:30:00,QLD1,,,,0.0
2026-08-22 22:30:00,SA1,,,,0.0
2026-08-22 22:30:00,TAS1,,,,0.0
2026-08-22 22:30:00,VIC1,,,,0.0
2026-08-22 23:00:00,NSW1,,,,0.0
2026-08-22 23:00:00,QLD1,,,,0.0
2026-08-22 23:00:00,SA1,,,,0.0
2026-08-22 23:00:00,TAS1,,,,0.0
2026-08-22 23:00:00,VIC1,,,,0.0
2026-08-22 23:30:00,NSW1,,,,0.0
2026-08-22 23:30:00,QLD1,,,,0.0
2026-08-22 23:30:00,SA1,,,,0.0
2026-08-22 23:30:00,TAS1,,,,0.0
2026-08-22 23:30:00,VIC1,,,,0.0
2026-08-23 00:00:00,NSW1,,,,0.0
2026-08-23 00:00:00,QLD1,,,,0.0
2026-08-23 00:00:00,SA1,,,,0.0
2026-08-23 00:00:00,TAS1,,,,0.0
2026-08-23 00:00:00,VIC1,,,,0.0
2026-08-23 00:30:00,NSW1,,,,0.0
2026-08-23 00:30:00,QLD1,,,,0.0
2026-08-23 00:30:00,SA1,,,,0.0
2026-08-23 00:30:00,TAS1,,,,0.0
2026-08-23 00:30:00,VIC1,,,,0.0
2026-08-23 01:00:00,NSW1,,,,0.0
2026-08-23 01:00:00,QLD1,,,,0.0
2026-08-23 01:00:00,SA1,,,,0.0
2026-08-23 01:00:00,TAS1,,,,0.0
2026-08-23 01:00:00,VIC1,,,,0.0
2026-08-23 01:30:00,NSW1,,,,0.0
2026-08-23 01:30:00,QLD1,,,,0.0
2026-08-23 01:30:00,SA1,,,,0.0
2026-08-23 01:30:00,TAS1,,,,0.0
2026-08-23 01:30:00,VIC1,,,,0.0
2026-08-23 02:00:00,NSW1,,,,0.0
2026-08-23 02:00:00,QLD1,,,,0.0
2026-08-23 02:00:00,SA1,,,,0.0
2026-08-23 02:00:00,TAS1,,,,0.0
2026-08-23 02:00:00,VIC1,,,,0.0
2026-08-23 02:30:00,NSW1,,,,0.0
2026-08-23 02:30:00,QLD1,,,,0.0
2026-08-23 02:30:00,SA1,,,,0.0
2026-08-23 02:30:00,TAS1,,,,0.0
2026-08-23 02:30:00,VIC1,,,,0.0
2026-08-23 03:00:00,NSW1,,,,0.0
2026-08-23 03:00:00,QLD1,,,,0.0
2026-08-23 03:00:00,SA1,,,,0.0
2026-08-23 03:00:00,TAS1,,,,0.0
2026-08-23 03:00:00,VIC1,,,,0.0
2026-08-23 03:30:00,NSW1,,,,0.0
2026-08-23 03:30:00,QLD1,,,,0.0
2026-08-23 03:30:00,SA1,,,,0.0
2026-08-23 03:30:00,TAS1,,,,0.0
2026-08-23 03:30:00,VIC1,,,,0.0
2026-08-23 04:00:00,NSW1,,,,0.0
2026-08-23 04:00:00,QLD1,,,,0.0
2026-08-23 04:00:00,SA1,,,,0.0
2026-08-23 04:00:00,TAS1,,,,0.0
2026-08-23 04:00:00,VIC1,,,,0.0
